== ContinuumCoulombHardness  module=OAI.MathematicalPhysics.ContinuumCoulomb.Reduction.Hardness  start=2026-10-08T14:35:11Z
warning: PrimeNumberTheoremAnd: repository '/Users/shannon/cc/math/math/lean/.lake/packages/PrimeNumberTheoremAnd' has local changes
warning: belyi: repository '/Users/shannon/cc/math/math/lean/.lake/packages/belyi' has local changes
warning: formal-schemes: repository '/Users/shannon/cc/math/math/lean/.lake/packages/formal-schemes' has local changes
warning: elliptic-curves: repository '/Users/shannon/cc/math/math/lean/.lake/packages/elliptic-curves' has local changes
warning: tempered-fundamental-groups: repository '/Users/shannon/cc/math/math/lean/.lake/packages/tempered-fundamental-groups' has local changes
warning: oka: repository '/Users/shannon/cc/math/math/lean/.lake/packages/oka' has local changes
warning: orbicurve-cores: repository '/Users/shannon/cc/math/math/lean/.lake/packages/orbicurve-cores' has local changes
warning: pi1: repository '/Users/shannon/cc/math/math/lean/.lake/packages/pi1' has local changes
warning: heights: repository '/Users/shannon/cc/math/math/lean/.lake/packages/heights' has local changes
warning: genl: repository '/Users/shannon/cc/math/math/lean/.lake/packages/genl' has local changes
warning: tate-curves-theta: repository '/Users/shannon/cc/math/math/lean/.lake/packages/tate-curves-theta' has local changes
warning: iut: repository '/Users/shannon/cc/math/math/lean/.lake/packages/iut' has local changes
warning: gromov: repository '/Users/shannon/cc/math/math/lean/.lake/packages/gromov' has local changes
warning: SphereEversion: repository '/Users/shannon/cc/math/math/lean/.lake/packages/SphereEversion' has local changes
warning: schoenflies-lean: repository '/Users/shannon/cc/math/math/lean/.lake/packages/schoenflies-lean' has local changes
warning: ClassFieldTheory: repository '/Users/shannon/cc/math/math/lean/.lake/packages/ClassFieldTheory' has local changes
warning: AINTLIB: repository '/Users/shannon/cc/math/math/lean/.lake/packages/AINTLIB' has local changes
warning: AbsorptionCutoff: repository '/Users/shannon/cc/math/math/lean/.lake/packages/AbsorptionCutoff' has local changes
warning: StrongPNT: repository '/Users/shannon/cc/math/math/lean/.lake/packages/StrongPNT' has local changes
warning: carleson: repository '/Users/shannon/cc/math/math/lean/.lake/packages/carleson' has local changes
warning: rellich-kondrachov: repository '/Users/shannon/cc/math/math/lean/.lake/packages/rellich-kondrachov' has local changes
warning: Zeta3Irrational: repository '/Users/shannon/cc/math/math/lean/.lake/packages/Zeta3Irrational' has local changes
warning: fixed-point-theorems: repository '/Users/shannon/cc/math/math/lean/.lake/packages/fixed-point-theorems' has local changes
✔ [8923/9338] Built OAI.MathematicalPhysics.ContinuumCoulomb.Reduction.BinaryEncoding (5.4s)
✔ [8924/9338] Built OAI.MathematicalPhysics.ContinuumCoulomb.Reduction.ComputableAmplification (6.1s)
✔ [8925/9338] Built OAI.Analysis.Laughlin.Operators.CAR (9.5s)
✔ [8926/9338] Built OAI.MathematicalPhysics.ContinuumCoulomb.ManyBody.ChargePenalty (12s)
✔ [8927/9338] Built OAI.MathematicalPhysics.ContinuumCoulomb.OneParticle.ApproximateBisection (12s)
✔ [8928/9338] Built OAI.MathematicalPhysics.ContinuumCoulomb.ManyBody.Spin (13s)
✔ [8929/9338] Built OAI.MathematicalPhysics.ContinuumCoulomb.Reduction.Perturbation (18s)
✔ [8930/9338] Built OAI.Computability.QuantumFactoring.RawListRange (19s)
✔ [8931/9338] Built OAI.Computability.QuantumFactoring.NativeAIGModel (21s)
✔ [8932/9338] Built OAI.Computability.QuantumFactoring.FactorSplitting (20s)
✔ [8933/9338] Built OAI.Analysis.CoulombRadii.FieldAnalysis.Space (30s)
✔ [8934/9338] Built OAI.Computability.QuantumFactoring.BinaryRoots (19s)
✔ [8935/9338] Built OAI.Computability.QuantumFactoring.TriangularPaths (20s)
✔ [8936/9338] Built OAI.Computability.QuantumFactoring.QuantumCore (23s)
✔ [8937/9338] Built OAI.Computability.QuantumFactoring.BitEncoding (18s)
✔ [8938/9338] Built OAI.Computability.QuantumFactoring.NaturalExpressions (21s)
✔ [8939/9338] Built OAI.Computability.QuantumFactoring.AIGInputs (18s)
✔ [8940/9338] Built OAI.MathematicalPhysics.ContinuumCoulomb.Reduction.BinaryAmplification (10s)
✔ [8941/9338] Built OAI.Analysis.Laughlin.Operators.NormalOrder (8.8s)
✔ [8942/9338] Built OAI.Computability.QuantumFactoring.Basic (19s)
✔ [8943/9338] Built OAI.MathematicalPhysics.ContinuumCoulomb.ManyBody.ChargeTransfer (10s)
✔ [8944/9338] Built OAI.Computability.QuantumFactoring.ExactnessFurther (19s)
✔ [8945/9339] Built OAI.Computability.QuantumFactoring.AIGBounds (22s)
✔ [8946/9339] Built OAI.MathematicalPhysics.ContinuumCoulomb.OneParticle.DiagonalPenalty (11s)
✔ [8947/9339] Built OAI.Computability.QuantumFactoring.BitStackPrograms (22s)
✔ [8948/9339] Built OAI.MathematicalPhysics.ContinuumCoulomb.Reduction.SourceHamiltonian (8.7s)
✔ [8949/9339] Built OAI.MathematicalPhysics.ContinuumCoulomb.ManyBody.HubbardGlobal (19s)
✔ [8950/9343] Built OAI.Computability.QuantumFactoring.NativeAIGVector (26s)
✔ [8951/9343] Built OAI.Computability.QuantumFactoring.BitNumbers (27s)
✔ [8952/9343] Built OAI.Computability.QuantumFactoring.TriangularAlgebra (28s)
✔ [8953/9343] Built OAI.MathematicalPhysics.ContinuumCoulomb.ManyBody.Singlet (38s)
✔ [8954/9343] Built OAI.Computability.QuantumFactoring.GateSemantics (30s)
✔ [8955/9343] Built OAI.Computability.QuantumFactoring.ContinuedFractionRecovery (35s)
✔ [8956/9343] Built OAI.Analysis.CoulombRadii.FormDomain.RegularizedHardyField (38s)
✔ [8957/9343] Built OAI.MathematicalPhysics.ContinuumCoulomb.ManyBody.HubbardReduction (13s)
✔ [8958/9347] Built OAI.MathematicalPhysics.ContinuumCoulomb.ManyBody.HubbardOccupation (9.8s)
✔ [8959/9347] Built OAI.MathematicalPhysics.ContinuumCoulomb.Reduction.SourcePauli (10s)
✔ [8960/9347] Built OAI.Computability.QuantumFactoring.AIGDivisionBounds (23s)
✔ [8961/9355] Built OAI.Computability.QuantumFactoring.BitStackRelabel (20s)
✔ [8962/9355] Built OAI.Computability.QuantumFactoring.BitStackLists (23s)
✔ [8963/9355] Built OAI.MathematicalPhysics.ContinuumCoulomb.ManyBody.GlobalSinglet (16s)
✔ [8964/9361] Built OAI.Computability.QuantumFactoring.BitStackProcedures (20s)
✔ [8965/9361] Built OAI.MathematicalPhysics.ContinuumCoulomb.Reduction.PublishedInputs (8.4s)
✔ [8966/9361] Built OAI.MathematicalPhysics.ContinuumCoulomb.Quantum.QuantumPauliMonomial (8.3s)
✔ [8967/9361] Built OAI.MathematicalPhysics.ContinuumCoulomb.ManyBody.HubbardSpin (10s)
✔ [8968/9361] Built OAI.Computability.QuantumFactoring.CircuitSemantics (20s)
✔ [8969/9361] Built OAI.MathematicalPhysics.ContinuumCoulomb.Quantum.QuantumVerifier (11s)
✔ [8970/9361] Built OAI.MathematicalPhysics.ContinuumCoulomb.ManyBody.MediatorCompression (12s)
✔ [8971/9361] Built OAI.MathematicalPhysics.ContinuumCoulomb.Reduction.SourceSpectrum (8.6s)
✔ [8972/9365] Built OAI.Computability.QuantumFactoring.BitStackQuotation (23s)
✔ [8973/9365] Built OAI.Computability.QuantumFactoring.BitStackFrames (21s)
✔ [8974/9365] Built OAI.Analysis.CoulombRadii.FormDomain.HardyMollifier (32s)
✔ [8975/9365] Built OAI.MathematicalPhysics.ContinuumCoulomb.ManyBody.SpinEmbedding (10s)
✔ [8976/9365] Built OAI.Computability.QuantumFactoring.BitStackComposition (21s)
✔ [8977/9365] Built OAI.MathematicalPhysics.ContinuumCoulomb.ManyBody.HubbardExcitation (14s)
✔ [8978/9365] Built OAI.Computability.QuantumFactoring.BitStackIncrement (27s)
✔ [8979/9365] Built OAI.MathematicalPhysics.ContinuumCoulomb.Programs.PolynomialTimeSize (10s)
✔ [8980/9365] Built OAI.Computability.QuantumFactoring.BooleanCircuit (19s)
✔ [8981/9365] Built OAI.MathematicalPhysics.ContinuumCoulomb.Quantum.QuantumGateUnitary (12s)
✔ [8982/9365] Built OAI.MathematicalPhysics.ContinuumCoulomb.Reduction.SourcePromise (11s)
✔ [8983/9365] Built OAI.MathematicalPhysics.ContinuumCoulomb.ManyBody.MediatorEffective (12s)
✔ [8984/9365] Built OAI.MathematicalPhysics.ContinuumCoulomb.ManyBody.HalfFilledSector (10s)
✔ [8985/9365] Built OAI.MathematicalPhysics.ContinuumCoulomb.ManyBody.GlobalSuperexchange (10s)
✔ [8986/9367] Built OAI.Computability.QuantumFactoring.BitStackConstants (20s)
✔ [8987/9368] Built OAI.Computability.QuantumFactoring.BitStackProducts (20s)
✔ [8988/9368] Built OAI.MathematicalPhysics.ContinuumCoulomb.Quantum.QuantumEvolution (10s)
✔ [8989/9368] Built OAI.MathematicalPhysics.ContinuumCoulomb.Quantum.ClockPathBound (11s)
✔ [8990/9368] Built OAI.Analysis.CoulombRadii.FormDomain.Add (23s)
✔ [8991/9368] Built OAI.Computability.QuantumFactoring.BooleanProgram (19s)
✔ [8992/9375] Built OAI.MathematicalPhysics.ContinuumCoulomb.Quantum.QuantumSingletStar (12s)
✔ [8993/9375] Built OAI.MathematicalPhysics.ContinuumCoulomb.Quantum.QuantumAncilla (13s)
✔ [8994/9375] Built OAI.MathematicalPhysics.ContinuumCoulomb.ManyBody.SpinMatrixNorm (21s)
✔ [8995/9375] Built OAI.MathematicalPhysics.ContinuumCoulomb.ManyBody.FockNorm (20s)
✔ [8996/9375] Built OAI.MathematicalPhysics.ContinuumCoulomb.Quantum.QuantumPrefix (10s)
✔ [8997/9375] Built OAI.Computability.QuantumFactoring.BitStackChoice (21s)
✔ [8998/9375] Built OAI.MathematicalPhysics.ContinuumCoulomb.Quantum.ClockWeightedBound (10s)
✔ [8999/9375] Built OAI.Computability.QuantumFactoring.BitStackBasicProcedures (21s)
✔ [9000/9375] Built OAI.Computability.QuantumFactoring.BitStackIteration (27s)
✔ [9001/9378] Built OAI.MathematicalPhysics.ContinuumCoulomb.Quantum.QuantumMask (11s)
✔ [9002/9379] Built OAI.MathematicalPhysics.ContinuumCoulomb.Quantum.QuantumCrossingEffective (13s)
✔ [9003/9379] Built OAI.MathematicalPhysics.ContinuumCoulomb.Quantum.QuantumSingletStarBounds (11s)
✔ [9004/9379] Built OAI.MathematicalPhysics.ContinuumCoulomb.Reduction.Model (18s)
✔ [9005/9379] Built OAI.MathematicalPhysics.ContinuumCoulomb.Nuclei.NuclearRounding (21s)
✔ [9006/9383] Built OAI.MathematicalPhysics.ContinuumCoulomb.ManyBody.FockBlocks (15s)
✔ [9007/9383] Built OAI.Computability.QuantumFactoring.BooleanNetwork (20s)
✔ [9008/9383] Built OAI.MathematicalPhysics.ContinuumCoulomb.Quantum.QuantumHistory (10s)
✔ [9009/9385] Built OAI.MathematicalPhysics.ContinuumCoulomb.OneParticle.SharpBlockPerturbation (13s)
✔ [9010/9385] Built OAI.MathematicalPhysics.ContinuumCoulomb.Quantum.QuantumEndpoint (11s)
✔ [9011/9385] Built OAI.MathematicalPhysics.ContinuumCoulomb.ManyBody.FockSector (12s)
✔ [9012/9394] Built OAI.MathematicalPhysics.ContinuumCoulomb.ManyBody.MediatorBlocks (14s)
✔ [9013/9394] Built OAI.Computability.QuantumFactoring.BitStackSums (20s)
✔ [9014/9397] Built OAI.Computability.QuantumFactoring.BitStackWords (22s)
✔ [9015/9397] Built OAI.Computability.QuantumFactoring.BitStackNaturals (20s)
✔ [9016/9397] Built OAI.MathematicalPhysics.ContinuumCoulomb.OneParticle.CappedWells (20s)
✔ [9017/9397] Built OAI.MathematicalPhysics.ContinuumCoulomb.Quantum.QuantumCoerciveInverse (11s)
✔ [9018/9397] Built OAI.Computability.QuantumFactoring.BooleanNetworkFurther (17s)
✔ [9019/9397] Built OAI.MathematicalPhysics.ContinuumCoulomb.Quantum.QuantumSoundness (11s)
✔ [9020/9398] Built OAI.MathematicalPhysics.ContinuumCoulomb.OneParticle.ThirdOrderPerturbation (16s)
✔ [9021/9398] Built OAI.Computability.QuantumFactoring.BitStackSumInjection (17s)
✔ [9022/9398] Built OAI.Computability.QuantumFactoring.BitStackListCode (18s)
✔ [9023/9398] Built OAI.MathematicalPhysics.ContinuumCoulomb.ManyBody.SuperexchangeSpectrum (20s)
✔ [9024/9398] Built OAI.Computability.QuantumFactoring.BitStackBooleans (17s)
✔ [9025/9398] Built OAI.Computability.QuantumFactoring.BitStackTestBit (18s)
✔ [9026/9398] Built OAI.Computability.QuantumFactoring.BitStackUnary (19s)
✔ [9027/9404] Built OAI.Computability.QuantumFactoring.BooleanAlgebra (18s)
✔ [9028/9404] Built OAI.MathematicalPhysics.ContinuumCoulomb.Quantum.QuantumInputProjection (10s)
✔ [9029/9411] Built OAI.MathematicalPhysics.ContinuumCoulomb.OneParticle.WellCapRegularity (19s)
✔ [9030/9411] Built OAI.MathematicalPhysics.ContinuumCoulomb.OneParticle.ThirdOrderBottom (12s)
✔ [9031/9417] Built OAI.Computability.QuantumFactoring.NetworkEmissionModel (20s)
✔ [9032/9417] Built OAI.MathematicalPhysics.ContinuumCoulomb.Quantum.QuantumHistoryEnergy (14s)
✔ [9033/9419] Built OAI.MathematicalPhysics.ContinuumCoulomb.OneParticle.ThirdOrderScale (13s)
✔ [9034/9419] Built OAI.Computability.QuantumFactoring.BitStackListFold (20s)
✔ [9035/9419] Built OAI.MathematicalPhysics.ContinuumCoulomb.ManyBody.HubbardFermionSpectrum (27s)
✔ [9036/9419] Built OAI.MathematicalPhysics.ContinuumCoulomb.ManyBody.OrthogonalBlockDecomposition (10s)
✔ [9037/9419] Built OAI.Computability.QuantumFactoring.BooleanVector (20s)
✔ [9038/9419] Built OAI.Computability.QuantumFactoring.BitStackFold (22s)
✔ [9039/9419] Built OAI.MathematicalPhysics.ContinuumCoulomb.OneParticle.IsolatedPerturbation (24s)
✔ [9040/9420] Built OAI.MathematicalPhysics.ContinuumCoulomb.Quantum.QuantumHistoryWitness (10s)
✔ [9041/9426] Built OAI.MathematicalPhysics.ContinuumCoulomb.ManyBody.MediatorSector (11s)
✔ [9042/9468] Built OAI.Computability.QuantumFactoring.NetworkEmissionPair (17s)
✔ [9043/9916] Built OAI.MathematicalPhysics.ContinuumCoulomb.Quantum.QuantumQuadratic (10s)
✔ [9044/9921] Built OAI.Computability.QuantumFactoring.BitStackListOps (19s)
✔ [9045/9921] Built OAI.Computability.QuantumFactoring.BitStackListLength (19s)
✔ [9046/9922] Built OAI.Computability.QuantumFactoring.BitStackBinaryBasics (18s)
✔ [9047/9926] Built OAI.Computability.QuantumFactoring.AIGCompiler (19s)
✔ [9048/10052] Built OAI.MathematicalPhysics.ContinuumCoulomb.Reduction.SourceEncodingSize (9.7s)
✔ [9049/10052] Built OAI.MathematicalPhysics.ContinuumCoulomb.ManyBody.MediatorForms (12s)
✔ [9050/10052] Built OAI.MathematicalPhysics.ContinuumCoulomb.Quantum.QuantumFiniteHistory (9.8s)
✔ [9051/10055] Built OAI.MathematicalPhysics.ContinuumCoulomb.Reduction.BinaryWellCharges (24s)
✔ [9052/10057] Built OAI.MathematicalPhysics.ContinuumCoulomb.Quantum.QuantumRoutingBlocks (12s)
✔ [9053/10090] Built OAI.Computability.QuantumFactoring.BitStackTabulate (19s)
✔ [9054/10103] Built OAI.MathematicalPhysics.ContinuumCoulomb.ManyBody.MediatorSpectrum (11s)
✔ [9055/10103] Built OAI.Computability.QuantumFactoring.BitStackListWords (19s)
✔ [9056/10112] Built OAI.MathematicalPhysics.ContinuumCoulomb.Quantum.QuantumHistoryMatrix (9.9s)
✔ [9057/10113] Built OAI.Computability.QuantumFactoring.BitArithmetic (19s)
✔ [9058/10113] Built OAI.Computability.MinUncut.Model (20s)
✔ [9059/10113] Built OAI.Computability.QuantumFactoring.BitStackAdder (23s)
✔ [9060/10113] Built OAI.MathematicalPhysics.ContinuumCoulomb.Quantum.QuantumRoutingForms (12s)
✔ [9061/10113] Built OAI.MathematicalPhysics.ContinuumCoulomb.Quantum.QuantumHistoryMatrixForm (11s)
✔ [9062/10114] Built OAI.MathematicalPhysics.ContinuumCoulomb.ManyBody.MediatorPhysical (14s)
✔ [9063/10114] Built OAI.Analysis.Laughlin.Model (18s)
✔ [9064/10114] Built OAI.Analysis.CoulombRadii.FieldAnalysis.FermionicCoefficients (20s)
✔ [9065/10114] Built OAI.Computability.QuantumFactoring.BitArithmeticDivision (19s)
✔ [9066/10114] Built OAI.Computability.MinUncut.Games.Target (19s)
✔ [9067/10114] Built OAI.Computability.MinUncut.PCP.Walsh (19s)
✔ [9068/10114] Built OAI.MathematicalPhysics.ContinuumCoulomb.Quantum.QuantumRoutingSpectrum (11s)
✔ [9069/10114] Built OAI.Computability.MinUncut.Estimates.CodeComputability (27s)
✔ [9070/10114] Built OAI.MathematicalPhysics.ContinuumCoulomb.Quantum.QuantumHistorySpectrum (13s)
✔ [9071/10115] Built OAI.Analysis.Laughlin.Operators.NormalOrderFour (9.0s)
✔ [9072/10115] Built OAI.MathematicalPhysics.ContinuumCoulomb.ManyBody.MediatorOffsets (12s)
✔ [9073/10115] Built OAI.Computability.MinUncut.Search.RawRationalArithmetic (23s)
✔ [9074/10120] Built OAI.Computability.QuantumFactoring.BitStackSubtractor (23s)
✔ [9075/10120] Built OAI.MathematicalPhysics.ContinuumCoulomb.Quantum.QuantumSingletStarSpectrum (11s)
✔ [9076/10120] Built OAI.MathematicalPhysics.ContinuumCoulomb.Quantum.QuantumRoutingScale (13s)
✔ [9077/10120] Built OAI.Analysis.Laughlin.EnergyNonnegative (18s)
✔ [9078/10121] Built OAI.Computability.QuantumFactoring.WordNetworks (21s)
✔ [9079/10121] Built OAI.Analysis.CoulombRadii.FieldAnalysis.ConfigurationMeasurableEquiv (24s)
✔ [9080/10121] Built OAI.Computability.MinUncut.Encoding.ThreeBitTest (22s)
✔ [9081/10121] Built OAI.Computability.MinUncut.PCP.ClauseVerifier (24s)
✔ [9082/10121] Built OAI.Analysis.Laughlin.Pair.Binomial (9.1s)
✔ [9083/10121] Built OAI.Computability.MinUncut.Search.CodeArithmetic (21s)
✔ [9084/10121] Built OAI.MathematicalPhysics.ContinuumCoulomb.Quantum.QuantumAncillaCount (11s)
✔ [9085/10121] Built OAI.MathematicalPhysics.ContinuumCoulomb.ManyBody.MediatorRounding (11s)
✔ [9086/10121] Built OAI.Computability.MinUncut.Estimates.CodeIteration (20s)
✔ [9087/10121] Built OAI.MathematicalPhysics.ContinuumCoulomb.Quantum.QuantumCrossingSpectrum (11s)
✔ [9088/10121] Built OAI.MathematicalPhysics.ContinuumCoulomb.Quantum.QuantumPathSubdivision (12s)
✔ [9089/10121] Built OAI.MathematicalPhysics.ContinuumCoulomb.Quantum.QuantumForkEffective (11s)
✔ [9090/10121] Built OAI.Computability.QuantumFactoring.BitStackMultiplier (19s)
✔ [9091/10121] Built OAI.Computability.QuantumFactoring.Procedure (18s)
✔ [9092/10121] Built OAI.Analysis.Laughlin.Pair.CoefficientSquare (18s)
✔ [9093/10121] Built OAI.Analysis.Laughlin.Pair.Conjugation (17s)
✔ [9094/10121] Built OAI.Computability.QuantumFactoring.WordResize (17s)
✔ [9095/10121] Built OAI.Analysis.Laughlin.Tensor.Antisymmetry (17s)
✔ [9096/10121] Built OAI.Computability.QuantumFactoring.ModularMultiply (18s)
✔ [9097/10121] Built OAI.Computability.QuantumFactoring.ArithmeticPredicates (18s)
✔ [9098/10121] Built OAI.Computability.MinUncut.Games.FiniteNoise (18s)
✔ [9099/10121] Built OAI.MathematicalPhysics.ContinuumCoulomb.Quantum.QuantumLocalInput (10s)
✔ [9100/10121] Built OAI.MathematicalPhysics.ContinuumCoulomb.Quantum.QuantumCrossingParallel (10s)
✔ [9101/10121] Built OAI.Analysis.CoulombRadii.FormDomain.OrbitalHilbertBasis (23s)
✔ [9102/10121] Built OAI.MathematicalPhysics.ContinuumCoulomb.Quantum.QuantumRoutingPhysical (10s)
✔ [9103/10121] Built OAI.MathematicalPhysics.ContinuumCoulomb.Quantum.QuantumPathSpectrum (10s)
✔ [9104/10121] Built OAI.Computability.MinUncut.Search.PolynomialArithmetic (19s)
✔ [9105/10121] Built OAI.Computability.QuantumFactoring.BitStackGCD (17s)
✔ [9106/10121] Built OAI.Computability.QuantumFactoring.BitStackOptions (21s)
✔ [9107/10121] Built OAI.Analysis.Laughlin.Pair.Normalization (22s)
✔ [9108/10121] Built OAI.Analysis.Laughlin.Pair.FactorLimit (22s)
✔ [9109/10121] Built OAI.Computability.QuantumFactoring.BitStackDivision (25s)
✔ [9110/10121] Built OAI.Computability.QuantumFactoring.ModularPower (21s)
✔ [9111/10121] Built OAI.Analysis.Laughlin.Exterior.Scaling (22s)
✔ [9112/10121] Built OAI.MathematicalPhysics.ContinuumCoulomb.Quantum.QuantumDistributedInput (10s)
✔ [9113/10121] Built OAI.Computability.QuantumFactoring.RootCircuit (19s)
✔ [9114/10121] Built OAI.MathematicalPhysics.ContinuumCoulomb.Quantum.QuantumCountedHistory (11s)
✔ [9115/10121] Built OAI.MathematicalPhysics.ContinuumCoulomb.Quantum.QuantumUnaryClock (10s)
✔ [9116/10121] Built OAI.MathematicalPhysics.ContinuumCoulomb.Quantum.QuantumForkSpectrum (10s)
✔ [9117/10121] Built OAI.Analysis.CoulombRadii.FieldAnalysis.DeterminantWave (27s)
✔ [9118/10121] Built OAI.Computability.MinUncut.Estimates.PolynomialRecursor (29s)
✔ [9119/10121] Built OAI.Computability.QuantumFactoring.HornerEncoding (85s)
✔ [9120/10121] Built OAI.Computability.QuantumFactoring.BitStackListIndex (84s)
✔ [9121/10121] Built OAI.Computability.QuantumFactoring.BitStackAssociation (85s)
✔ [9122/10121] Built OAI.Analysis.Laughlin.Pair.Orthonormality (86s)
✔ [9123/10121] Built OAI.MathematicalPhysics.ContinuumCoulomb.Programs.AmplificationProgram (83s)
✔ [9124/10121] Built OAI.MathematicalPhysics.ContinuumCoulomb.Quantum.QuantumUnaryPenalty (53s)
✔ [9125/10121] Built OAI.Computability.QuantumFactoring.BitStackBoundedUnary (119s)
✔ [9126/10121] Built OAI.MathematicalPhysics.ContinuumCoulomb.Quantum.QuantumWireSwap (54s)
✔ [9127/10121] Built OAI.Computability.QuantumFactoring.BitStackIntegers (118s)
✔ [9128/10121] Built OAI.MathematicalPhysics.ContinuumCoulomb.Quantum.QuantumForkDegrees (70s)
✔ [9129/10121] Built OAI.MathematicalPhysics.ContinuumCoulomb.Quantum.QuantumForkParallel (79s)
✔ [9130/10121] Built OAI.Computability.QuantumFactoring.ProcedureFurther (183s)
✔ [9131/10121] Built OAI.MathematicalPhysics.ContinuumCoulomb.Quantum.QuantumPinnedClock (52s)
✔ [9132/10125] Built OAI.Analysis.Laughlin.Exterior.PairConjugation (190s)
✔ [9133/10125] Built OAI.Computability.QuantumFactoring.NativeAIGProcedures (175s)
✔ [9134/10125] Built OAI.Computability.QuantumFactoring.StaticPredicates (161s)
✔ [9135/10125] Built OAI.Analysis.CoulombRadii.FieldAnalysis.SlotTensor (178s)
✔ [9136/10125] Built OAI.Analysis.CoulombRadii.FieldAnalysis.PermOrCompSwapOffTwo (178s)
✔ [9137/10125] Built OAI.MathematicalPhysics.ContinuumCoulomb.Quantum.QuantumGateProduct (49s)
✔ [9138/10126] Built OAI.Analysis.Laughlin.Spin.TensorAction (20s)
✔ [9139/10126] Built OAI.Computability.MinUncut.PCP.Folding (391s)
✔ [9140/10126] Built OAI.MathematicalPhysics.ContinuumCoulomb.Quantum.QuantumClockTransition (22s)
✔ [9141/10126] Built OAI.Computability.QuantumFactoring.BitStackRationals (70s)
✔ [9142/10130] Built OAI.MathematicalPhysics.ContinuumCoulomb.Programs.EncodingPrograms (75s)
✔ [9143/10130] Built OAI.Computability.QuantumFactoring.NativeAIGInputs (28s)
✔ [9144/10130] Built OAI.Analysis.Laughlin.Exterior.FourConjugation (30s)
✔ [9145/10130] Built OAI.Analysis.Laughlin.Fock.PairNormalization (30s)
✔ [9146/10130] Built OAI.Analysis.Laughlin.Spin.Compact (9.7s)
✔ [9147/10130] Built OAI.Analysis.Laughlin.Polynomial.SymmetricTensorCoordinates (9.7s)
✔ [9148/10130] Built OAI.Computability.QuantumFactoring.NativeAIGGateProcedure (19s)
✔ [9149/10130] Built OAI.Computability.QuantumFactoring.GcdCircuit (19s)
✔ [9150/10136] Built OAI.MathematicalPhysics.ContinuumCoulomb.Quantum.QuantumWireRelabel (12s)
✔ [9151/10136] Built OAI.Analysis.CoulombRadii.FieldAnalysis.TwoBodyTensorIntegrable (21s)
✔ [9152/10136] Built OAI.MathematicalPhysics.ContinuumCoulomb.Quantum.QuantumClockStep (13s)
✔ [9153/10136] Built OAI.Analysis.Laughlin.Spin.MatrixAverage (13s)
✔ [9154/10136] Built OAI.Computability.MinUncut.Encoding.Serialization (25s)
✔ [9155/10136] Built OAI.Computability.MinUncut.PCP.HonestTest (27s)
✔ [9156/10139] Built OAI.Analysis.Laughlin.Polynomial.SymmetricTensorOrbit (8.5s)
✔ [9157/10139] Built OAI.Computability.QuantumFactoring.BitStackRationalDivision (23s)
✔ [9158/10139] Built OAI.Computability.QuantumFactoring.BitStackRationalFloor (23s)
✔ [9159/10139] Built OAI.MathematicalPhysics.ContinuumCoulomb.Programs.BisectionRegisters (25s)
✔ [9160/10139] Built OAI.Analysis.Laughlin.Exterior.ScalingWedge (23s)
✔ [9161/10145] Built OAI.Analysis.Laughlin.FourBody.CARReadout (22s)
✔ [9162/10145] Built OAI.Computability.QuantumFactoring.NativeAIGBoolean (19s)
✔ [9163/10145] Built OAI.Analysis.Laughlin.Spin.CompactAverage (11s)
✔ [9164/10145] Built OAI.Analysis.Laughlin.Polynomial.SymmetricTensorRange (10s)
✔ [9165/10151] Built OAI.MathematicalPhysics.ContinuumCoulomb.Quantum.QuantumClockSector (13s)
✔ [9166/10151] Built OAI.Computability.QuantumFactoring.SplitCandidate (20s)
✔ [9167/10151] Built OAI.Computability.MinUncut.PCP.Occurrences (23s)
✔ [9168/10151] Built OAI.MathematicalPhysics.ContinuumCoulomb.OneParticle.MixedSlater (24s)
✔ [9169/10151] Built OAI.Analysis.Laughlin.Tensor.WeightProducts (8.7s)
✔ [9170/10152] Built OAI.Analysis.Laughlin.Spin.Haar (10s)
✔ [9171/10152] Built OAI.Analysis.Laughlin.Exterior.OccupationDiagonal (23s)
✔ [9172/10154] Built OAI.MathematicalPhysics.ContinuumCoulomb.Programs.ChargePrograms (25s)
✔ [9173/10154] Built OAI.Analysis.Laughlin.Asymptotics.LocalDiagonalLimit (23s)
✔ [9174/10154] Built OAI.MathematicalPhysics.ContinuumCoulomb.Programs.BisectionProgram (25s)
✔ [9175/10154] Built OAI.Computability.QuantumFactoring.NativeAIGZipFold (25s)
✔ [9176/10154] Built OAI.MathematicalPhysics.ContinuumCoulomb.Quantum.QuantumUnaryForm (11s)
✔ [9177/10154] Built OAI.Computability.QuantumFactoring.NativeAIGFullAdder (31s)
✔ [9178/10154] Built OAI.Analysis.Laughlin.Spin.Representation (10s)
✔ [9179/10154] Built OAI.Analysis.Laughlin.Pair.FactorBounds (22s)
✔ [9180/10154] Built OAI.MathematicalPhysics.ContinuumCoulomb.Quantum.QuantumUnaryEnergy (12s)
✔ [9181/10154] Built OAI.Computability.MinUncut.Encoding.UniformEncoding (22s)
✔ [9182/10154] Built OAI.MathematicalPhysics.ContinuumCoulomb.ManyBody.SlaterOccupation (24s)
✔ [9183/10154] Built OAI.Computability.QuantumFactoring.NaturalExpressionCircuit (30s)
✔ [9184/10154] Built OAI.Analysis.Laughlin.Exterior.OccupationMetric (20s)
✔ [9185/10154] Built OAI.MathematicalPhysics.ContinuumCoulomb.ManyBody.FockCoefficientNorm (27s)
✔ [9186/10154] Built OAI.Computability.QuantumFactoring.NativeAIGAdd (22s)
✔ [9187/10154] Built OAI.Analysis.Laughlin.Spin.Torus (11s)
✔ [9188/10154] Built OAI.Computability.QuantumFactoring.Emission (19s)
✔ [9189/10154] Built OAI.MathematicalPhysics.ContinuumCoulomb.Quantum.QuantumUnarySoundness (12s)
✔ [9190/10154] Built OAI.Computability.QuantumFactoring.NativeAIGBounds (23s)
✔ [9191/10162] Built OAI.Analysis.Laughlin.Spin.ParticleSpinAction (22s)
✔ [9192/10162] Built OAI.Analysis.Laughlin.Spin.Mixing (11s)
✔ [9193/10162] Built OAI.MathematicalPhysics.ContinuumCoulomb.Quantum.QuantumUnaryEmbedding (12s)
✔ [9194/10162] Built OAI.Computability.QuantumFactoring.ExpressionTemplateCircuit (22s)
✔ [9195/10162] Built OAI.Computability.MinUncut.Machines.Runtime (24s)
✔ [9196/10162] Built OAI.Analysis.Laughlin.Fock.Creation (22s)
✔ [9197/10162] Built OAI.Computability.QuantumFactoring.NativeAIGKnownProcedure (22s)
✔ [9198/10175] Built OAI.Analysis.Laughlin.Spin.Schur (11s)
✔ [9199/10187] Built OAI.Computability.QuantumFactoring.NativeAIGIf (23s)
✔ [9200/10190] Built OAI.MathematicalPhysics.ContinuumCoulomb.Quantum.QuantumUnaryEmbeddingEnergy (12s)
✔ [9201/10190] Built OAI.Computability.QuantumFactoring.NativeAIGAddBounded (24s)
✔ [9202/10190] Built OAI.Analysis.Laughlin.Spin.Disjoint (11s)
✔ [9203/10190] Built OAI.MathematicalPhysics.ContinuumCoulomb.OneParticle.VerticalMode (11s)
✔ [9204/10190] Built OAI.Computability.MinUncut.Machines.Machine (24s)
✔ [9205/10190] Built OAI.Analysis.Laughlin.Fock.Annihilation (22s)
✔ [9206/10190] Built OAI.Analysis.CoulombRadii.Model (21s)
✔ [9207/10190] Built OAI.MathematicalPhysics.ContinuumCoulomb.Quantum.QuantumUnaryMatrix (13s)
✔ [9208/10190] Built OAI.MathematicalPhysics.ContinuumCoulomb.OneParticle.ClassicalH1 (34s)
✔ [9209/10190] Built OAI.Computability.QuantumFactoring.NativeAIGAddProcedure (19s)
✔ [9210/10190] Built OAI.MathematicalPhysics.ContinuumCoulomb.OneParticle.VerticalEnergy (11s)
✔ [9211/10192] Built OAI.MathematicalPhysics.ContinuumCoulomb.Quantum.QuantumUnarySpectrum (11s)
✔ [9212/10192] Built OAI.Computability.QuantumFactoring.NativeAIGNot (22s)
✔ [9213/10192] Built OAI.Analysis.Laughlin.Exterior.SpinAction (22s)
✔ [9214/10192] Built OAI.Analysis.Laughlin.Fock.Coordinates (23s)
✔ [9215/10192] Built OAI.Computability.MinUncut.Machines.MachineUnaryCounter (25s)
✔ [9216/10192] Built OAI.Computability.QuantumFactoring.NativeAIGAddWrapper (23s)
✔ [9217/10193] Built OAI.Analysis.CoulombRadii.Variational.Axis (33s)
✔ [9218/10193] Built OAI.MathematicalPhysics.ContinuumCoulomb.Quantum.QuantumRealification (17s)
✔ [9219/10193] Built OAI.Computability.QuantumFactoring.NativeAIGCarry (25s)
✔ [9220/10193] Built OAI.MathematicalPhysics.ContinuumCoulomb.OneParticle.SobolevDensityInput (38s)
✔ [9221/10193] Built OAI.Analysis.Laughlin.Fock.ContractionBound (22s)
✔ [9222/10193] Built OAI.Computability.QuantumFactoring.NativeAIGSub (24s)
✔ [9223/10198] Built OAI.Analysis.CoulombRadii.Packets.PacketWindowed (29s)
✔ [9224/10198] Built OAI.Computability.QuantumFactoring.NativeAIGExtend (22s)
✔ [9225/10198] Built OAI.Computability.QuantumFactoring.NativeAIGShift (21s)
✔ [9226/10198] Built OAI.Computability.MinUncut.Machines.MachineCompare (25s)
✔ [9227/10198] Built OAI.Computability.QuantumFactoring.BitStackListMapWith (21s)
✔ [9228/10201] Built OAI.MathematicalPhysics.ContinuumCoulomb.Quantum.QuantumRebitSoundness (12s)
✔ [9229/10201] Built OAI.Computability.QuantumFactoring.NativeAIGIfProcedure (24s)
✔ [9230/10201] Built OAI.Analysis.CoulombRadii.FieldAnalysis.FrameOperator (25s)
✔ [9231/10201] Built OAI.Computability.QuantumFactoring.NativeAIGZipFoldProcedure (29s)
✔ [9232/10201] Built OAI.Analysis.CoulombRadii.Variational.WeakLaplacian (29s)
✔ [9233/10201] Built OAI.Analysis.Laughlin.Operators.CollectionAnnihilatorBound (20s)
✔ [9234/10201] Built OAI.MathematicalPhysics.ContinuumCoulomb.OneParticle.SmoothCutoffApproximation (25s)
✔ [9235/10202] Built OAI.Analysis.CoulombRadii.FormDomain.PacketStateL2Norm (22s)
✔ [9236/10202] Built OAI.Analysis.CoulombRadii.SpectralTheory.EigenspaceBasisSet (22s)
✔ [9237/10202] Built OAI.Analysis.Laughlin.Fock.Adjoint (28s)
✔ [9238/10202] Built OAI.MathematicalPhysics.ContinuumCoulomb.Quantum.QuantumRealCircuit (11s)
✔ [9239/10202] Built OAI.Computability.QuantumFactoring.NativeAIGDiv (22s)
✔ [9240/10202] Built OAI.Computability.QuantumFactoring.NativeAIGMul (24s)
✔ [9241/10202] Built OAI.Computability.QuantumFactoring.NetworkEmissionProcedures (20s)
✔ [9242/10202] Built OAI.Computability.MinUncut.Machines.MachineSubstitution (25s)
✔ [9243/10202] Built OAI.Computability.QuantumFactoring.NativeAIGVectorBounds (18s)
✔ [9244/10202] Built OAI.Computability.QuantumFactoring.NativeAIGEqProcedure (22s)
✔ [9245/10202] Built OAI.Computability.QuantumFactoring.NativeAIGCarryProcedure (24s)
✔ [9246/10202] Built OAI.Analysis.CoulombRadii.ThomasFermi.ScaledProfile (25s)
✔ [9247/10202] Built OAI.Analysis.Laughlin.Pair.EnergyReturn (23s)
✔ [9248/10202] Built OAI.Analysis.CoulombRadii.FormDomain.HilbertBasisSumSqInner (24s)
✔ [9249/10202] Built OAI.Analysis.CoulombRadii.Packets.CoulombKernel (30s)
✔ [9250/10202] Built OAI.MathematicalPhysics.ContinuumCoulomb.Quantum.QuantumLocalLift (12s)
✔ [9251/10202] Built OAI.MathematicalPhysics.ContinuumCoulomb.OneParticle.CompactSobolevCore (33s)
✔ [9252/10202] Built OAI.Analysis.Laughlin.Fock.Inner (24s)
✔ [9253/10202] Built OAI.Computability.QuantumFactoring.NativeAIGMod (20s)
✔ [9254/10202] Built OAI.MathematicalPhysics.ContinuumCoulomb.OneParticle.TM2Composition (18s)
✔ [9255/10202] Built OAI.Computability.QuantumFactoring.NetworkEmissionBasic (21s)
✔ [9256/10202] Built OAI.Computability.QuantumFactoring.NativeAIGMulBounded (20s)
✔ [9257/10202] Built OAI.Analysis.CoulombRadii.FieldAnalysis.SumSwapNonnegative (21s)
✔ [9258/10202] Built OAI.MathematicalPhysics.ContinuumCoulomb.Quantum.QuantumLocalTensor (12s)
✔ [9259/10202] Built OAI.Analysis.CoulombRadii.ThomasFermi.PacketFrame (23s)
✔ [9260/10202] Built OAI.MathematicalPhysics.ContinuumCoulomb.OneParticle.CoulombPoisson (22s)
✔ [9261/10202] Built OAI.Analysis.CoulombRadii.Variational.CorrectionDensity (26s)
✔ [9262/10202] Built OAI.Analysis.Laughlin.Fock.Bidegree (19s)
✔ [9263/10202] Built OAI.MathematicalPhysics.ContinuumCoulomb.OneParticle.H1GraphCore (21s)
✔ [9264/10206] Built OAI.Analysis.Laughlin.Fock.Hamiltonian (21s)
✔ [9265/10206] Built OAI.MathematicalPhysics.ContinuumCoulomb.Quantum.QuantumGateLocality (10s)
✔ [9266/10206] Built OAI.MathematicalPhysics.ContinuumCoulomb.Quantum.QuantumBitTransfer (20s)
✔ [9267/10206] Built OAI.Computability.QuantumFactoring.NetworkEmissionBounds (22s)
✔ [9268/10206] Built OAI.Computability.QuantumFactoring.NativeAIGMulProcedure (23s)
✔ [9269/10206] Built OAI.Analysis.CoulombRadii.FormDomain.L2MeasureInclusion (22s)
✔ [9270/10206] Built OAI.MathematicalPhysics.ContinuumCoulomb.Quantum.QuantumUntouchedInput (10s)
✔ [9271/10206] Built OAI.MathematicalPhysics.ContinuumCoulomb.OneParticle.H1BoundedForm (20s)
✔ [9272/10206] Built OAI.MathematicalPhysics.ContinuumCoulomb.OneParticle.PlanarGroundTransform (21s)
✔ [9273/10206] Built OAI.Analysis.Laughlin.Operators.PositiveFockLift (21s)
✔ [9274/10211] Built OAI.MathematicalPhysics.ContinuumCoulomb.Quantum.QuantumLocalEnlarge (17s)
✔ [9275/10211] Built OAI.Analysis.CoulombRadii.FieldAnalysis.CosineWeight (23s)
✔ [9276/10214] Built OAI.MathematicalPhysics.ContinuumCoulomb.Quantum.QuantumTransferSweep (11s)
✔ [9277/10214] Built OAI.Computability.QuantumFactoring.NetworkEmissionPack (21s)
✔ [9278/10214] Built OAI.Computability.QuantumFactoring.NativeAIGMulWrapper (20s)
✔ [9279/10214] Built OAI.Analysis.CoulombRadii.FormDomain.L2WeightedDensitySetIntegral (20s)
✔ [9280/10214] Built OAI.Analysis.CoulombRadii.FieldAnalysis.IntegrableTsumSummableNormIntegral (19s)
✔ [9281/10221] Built OAI.Analysis.Laughlin.Exterior.VectorAdjoint (20s)
✔ [9282/10221] Built OAI.MathematicalPhysics.ContinuumCoulomb.OneParticle.PlanarForcing (20s)
✔ [9283/10221] Built OAI.MathematicalPhysics.ContinuumCoulomb.OneParticle.BoundedPotentialOperator (23s)
✔ [9284/10221] Built OAI.MathematicalPhysics.ContinuumCoulomb.Quantum.QuantumFirstUse (11s)
✔ [9285/10221] Built OAI.MathematicalPhysics.ContinuumCoulomb.Quantum.QuantumLocalCoordinates (20s)
✔ [9286/10222] Built OAI.Analysis.CoulombRadii.FormDomain.HilbertBasisContaining (28s)
✔ [9287/10222] Built OAI.Analysis.CoulombRadii.Localization.DyadicTailPartial (23s)
✔ [9288/10222] Built OAI.Analysis.CoulombRadii.FieldAnalysis.CubeMeasure (32s)
✔ [9289/10222] Built OAI.Computability.QuantumFactoring.NetworkEmissionVector (23s)
✔ [9290/10222] Built OAI.Computability.QuantumFactoring.NetworkEmissionRewire (22s)
✔ [9291/10222] Built OAI.Computability.QuantumFactoring.NetworkStackCompiler (23s)
✔ [9292/10222] Built OAI.Computability.QuantumFactoring.NativeAIGSubProcedure (24s)
✔ [9293/10222] Built OAI.Analysis.CoulombRadii.FieldAnalysis.FrameDensity (23s)
✔ [9294/10226] Built OAI.Analysis.Laughlin.Exterior.SpinUnitary (21s)
✔ [9295/10226] Built OAI.MathematicalPhysics.ContinuumCoulomb.OneParticle.PlanarHeatKernel (19s)
✔ [9296/10226] Built OAI.MathematicalPhysics.ContinuumCoulomb.Quantum.QuantumRowTransfer (11s)
✔ [9297/10229] Built OAI.MathematicalPhysics.ContinuumCoulomb.Quantum.QuantumLocalAction (11s)
✔ [9298/10229] Built OAI.MathematicalPhysics.ContinuumCoulomb.Quantum.QuantumLocalRealification (17s)
✔ [9299/10229] Built OAI.MathematicalPhysics.ContinuumCoulomb.OneParticle.BoundedFormCross (22s)
✔ [9300/10229] Built OAI.Analysis.CoulombRadii.FieldAnalysis.TsumFixed (21s)
✔ [9301/10229] Built OAI.Analysis.CoulombRadii.Packets.OrbitalKernel (20s)
✔ [9302/10229] Built OAI.Computability.QuantumFactoring.AIGNetworkEmission (22s)
✔ [9303/10229] Built OAI.Computability.QuantumFactoring.NativeAIGDivBounded (22s)
✔ [9304/10229] Built OAI.Analysis.CoulombRadii.FieldAnalysis.ComplexMollify (30s)
✔ [9305/10229] Built OAI.Computability.QuantumFactoring.EmissionFurther2 (22s)
✔ [9306/10229] Built OAI.Analysis.CoulombRadii.Packets.PacketStateJointSquareIntegrable (22s)
✔ [9307/10229] Built OAI.Analysis.CoulombRadii.FieldAnalysis.PairRegroup (20s)
✔ [9308/10229] Built OAI.Analysis.Laughlin.Tensor.ExteriorRotation (20s)
✔ [9309/10229] Built OAI.MathematicalPhysics.ContinuumCoulomb.Quantum.QuantumWireIntertwining (10s)
✔ [9310/10229] Built OAI.MathematicalPhysics.ContinuumCoulomb.Quantum.QuantumLocalPropagation (10s)
✔ [9311/10229] Built OAI.MathematicalPhysics.ContinuumCoulomb.Quantum.QubitMediatorAncilla (10s)
✔ [9312/10229] Built OAI.MathematicalPhysics.ContinuumCoulomb.OneParticle.PlanarResolvent (19s)
✔ [9313/10229] Built OAI.MathematicalPhysics.ContinuumCoulomb.OneParticle.PlanarHeatLimit (23s)
✔ [9314/10229] Built OAI.Analysis.CoulombRadii.FieldAnalysis.LowProjection (18s)
✔ [9315/10229] Built OAI.Analysis.CoulombRadii.FieldAnalysis.Occupancy (19s)
✔ [9316/10229] Built OAI.MathematicalPhysics.ContinuumCoulomb.Quantum.QuantumDistributedClock (11s)
✔ [9317/10229] Built OAI.Computability.QuantumFactoring.AIGNetworkProcedure (21s)
✔ [9318/10229] Built OAI.Computability.QuantumFactoring.NetworkEmissionWords (62s)
✔ [9319/10230] Built OAI.MathematicalPhysics.ContinuumCoulomb.Quantum.QuantumTransferGate (11s)
✔ [9320/10230] Built OAI.MathematicalPhysics.ContinuumCoulomb.Quantum.QuantumLocalPenalties (11s)
✔ [9321/10230] Built OAI.Analysis.Laughlin.Tensor.ExteriorContraction (21s)
✔ [9322/10230] Built OAI.Analysis.CoulombRadii.FieldAnalysis.SpinMode (26s)
✔ [9323/10230] Built OAI.MathematicalPhysics.ContinuumCoulomb.Quantum.QuantumPropagationAction (11s)
✔ [9324/10230] Built OAI.MathematicalPhysics.ContinuumCoulomb.Quantum.QuantumAncillaCompression (11s)
✔ [9325/10230] Built OAI.MathematicalPhysics.ContinuumCoulomb.Quantum.QuantumDistributedWitness (11s)
✔ [9326/10230] Built OAI.MathematicalPhysics.ContinuumCoulomb.Quantum.QuantumWireGrid (13s)
✔ [9327/10230] Built OAI.MathematicalPhysics.ContinuumCoulomb.OneParticle.PlanarModeProperties (21s)
✔ [9328/10242] Built OAI.Analysis.CoulombRadii.ThomasFermi.FirstFiber (22s)
✔ [9329/10242] Built OAI.Computability.QuantumFactoring.NativeAIGDivOperations (47s)
✔ [9330/10242] Built OAI.MathematicalPhysics.ContinuumCoulomb.OneParticle.PlanarHeatDifferential (26s)
✔ [9331/10242] Built OAI.MathematicalPhysics.ContinuumCoulomb.Quantum.QuantumLocalDecomposition (12s)
✔ [9332/10242] Built OAI.Analysis.Laughlin.Tensor.ExteriorIsometry (21s)
✔ [9333/10243] Built OAI.MathematicalPhysics.ContinuumCoulomb.Quantum.QubitMediatorMatrix (12s)
✔ [9334/10243] Built OAI.Analysis.CoulombRadii.FormDomain.Pullback (30s)
✔ [9335/10243] Built OAI.MathematicalPhysics.ContinuumCoulomb.Quantum.QuantumWireRouting (11s)
✔ [9336/10243] Built OAI.MathematicalPhysics.ContinuumCoulomb.Quantum.QuantumDistributedMatrix (12s)
✔ [9337/10243] Built OAI.MathematicalPhysics.ContinuumCoulomb.OneParticle.PlanarModeDecay (22s)
✔ [9338/10243] Built OAI.MathematicalPhysics.ContinuumCoulomb.OneParticle.PlanarModeDerivatives (27s)
✔ [9339/10247] Built OAI.Analysis.CoulombRadii.FieldAnalysis.HighProjection (22s)
✔ [9340/10247] Built OAI.Analysis.CoulombRadii.FieldAnalysis.CubeLabelEquiv (42s)
✔ [9341/10247] Built OAI.MathematicalPhysics.ContinuumCoulomb.OneParticle.PlanarHeatEvolution (22s)
✔ [9342/10247] Built OAI.Computability.QuantumFactoring.NativeAIGDivProcedure (27s)
✔ [9343/10250] Built OAI.MathematicalPhysics.ContinuumCoulomb.Quantum.QuantumLocalFamily (11s)
✔ [9344/10250] Built OAI.Analysis.CoulombRadii.FieldAnalysis.WeakDirectionalUnique (32s)
✔ [9345/10250] Built OAI.MathematicalPhysics.ContinuumCoulomb.Quantum.QuantumMappedGate (10s)
✔ [9346/10250] Built OAI.Analysis.Laughlin.Tensor.PairContraction (19s)
✔ [9347/10250] Built OAI.MathematicalPhysics.ContinuumCoulomb.Quantum.QuantumDistributedSpectrum (13s)
✔ [9348/10250] Built OAI.Analysis.CoulombRadii.FieldAnalysis.ModulatedRealDerivativeNorm (24s)
✔ [9349/10250] Built OAI.MathematicalPhysics.ContinuumCoulomb.OneParticle.PlanarSharpDecay (21s)
✔ [9350/10251] Built OAI.Analysis.CoulombRadii.FieldAnalysis.Weighted (21s)
✔ [9351/10251] Built OAI.Analysis.CoulombRadii.FieldAnalysis.SpinCubeEquiv (21s)
✔ [9352/10251] Built OAI.MathematicalPhysics.ContinuumCoulomb.Quantum.QuantumCoordinateSpectrum (11s)
✔ [9353/10251] Built OAI.MathematicalPhysics.ContinuumCoulomb.OneParticle.PlanarLaplaceIBP (24s)
✔ [9354/10251] Built OAI.Computability.QuantumFactoring.NativeAIGDivWrapper (21s)
✔ [9355/10255] Built OAI.Analysis.CoulombRadii.FormDomain.L2MultiplierDistribution (31s)
✔ [9356/10255] Built OAI.Analysis.CoulombRadii.FieldAnalysis.PhaseRegion (21s)
✔ [9357/10257] Built OAI.MathematicalPhysics.ContinuumCoulomb.Quantum.QuantumGridFrame (11s)
✔ [9358/10257] Built OAI.MathematicalPhysics.ContinuumCoulomb.Quantum.QuantumDistributedFamily (10s)
✔ [9359/10257] Built OAI.MathematicalPhysics.ContinuumCoulomb.ManyBody.FockTensorCompression (19s)
✔ [9360/10257] Built OAI.Analysis.CoulombRadii.Localization.ConfigSupported (24s)
✔ [9361/10259] Built OAI.MathematicalPhysics.ContinuumCoulomb.Quantum.QuantumRealLocalFamily (11s)
✔ [9362/10259] Built OAI.Analysis.Laughlin.Operators.PhysicalPairCounting (20s)
✔ [9363/10259] Built OAI.MathematicalPhysics.ContinuumCoulomb.OneParticle.PlanarExponentialEnvelope (22s)
✔ [9364/10259] Built OAI.Analysis.CoulombRadii.FieldAnalysis.FirstParticleDensityNonneg (22s)
✔ [9365/10259] Built OAI.Analysis.CoulombRadii.Packets.PacketSynthesis (22s)
✔ [9366/10259] Built OAI.MathematicalPhysics.ContinuumCoulomb.OneParticle.PlanarResolventEquation (19s)
✔ [9367/10259] Built OAI.Computability.QuantumFactoring.NativeAIGModWrapper (19s)
✔ [9368/10262] Built OAI.MathematicalPhysics.ContinuumCoulomb.Quantum.QuantumGridCircuit (11s)
✔ [9369/10265] Built OAI.Analysis.CoulombRadii.FormDomain.L2KernelIntegral (21s)
✔ [9370/10265] Built OAI.Analysis.CoulombRadii.FormDomain.SchwartzFourierDerivativeNorm (23s)
✔ [9371/10265] Built OAI.MathematicalPhysics.ContinuumCoulomb.Quantum.QuantumPauliBasis (14s)
✔ [9372/10265] Built OAI.Analysis.CoulombRadii.FormDomain.ThomasFermiKineticConstant (21s)
✔ [9373/10265] Built OAI.Analysis.Laughlin.Tensor.FockEnergy (19s)
✔ [9374/10265] Built OAI.MathematicalPhysics.ContinuumCoulomb.Quantum.QuantumPaddedBasis (11s)
✔ [9375/10265] Built OAI.MathematicalPhysics.ContinuumCoulomb.OneParticle.PlanarNormalized (20s)
✔ [9376/10265] Built OAI.Analysis.CoulombRadii.FieldAnalysis.CubeMassMass (22s)
✔ [9377/10265] Built OAI.Analysis.CoulombRadii.FieldAnalysis.BlockIndex (32s)
✔ [9378/10265] Built OAI.MathematicalPhysics.ContinuumCoulomb.Quantum.QuantumPauliExpansion (11s)
✔ [9379/10271] Built OAI.Computability.QuantumFactoring.NativeAIGBinaryInputs (25s)
✔ [9380/10271] Built OAI.Analysis.CoulombRadii.Packets.ComplexWindow (24s)
✔ [9381/10271] Built OAI.Analysis.CoulombRadii.Packets.PacketSynthesisIndicator (25s)
✔ [9382/10274] Built OAI.MathematicalPhysics.ContinuumCoulomb.Quantum.QuantumPaddedGate (12s)
✔ [9383/10274] Built OAI.Analysis.Laughlin.Tensor.ExteriorAdjoint (20s)
✔ [9384/10274] Built OAI.MathematicalPhysics.ContinuumCoulomb.Quantum.QuantumPauliReal (11s)
✔ [9385/10275] Built OAI.MathematicalPhysics.ContinuumCoulomb.OneParticle.PlanarOverlap (21s)
✔ [9386/10275] Built OAI.MathematicalPhysics.ContinuumCoulomb.OneParticle.LocalizedModes (20s)
✔ [9387/10275] Built OAI.MathematicalPhysics.ContinuumCoulomb.Quantum.QuantumWireState (10s)
✔ [9388/10275] Built OAI.Analysis.CoulombRadii.FieldAnalysis.JoinSpins (21s)
✔ [9389/10281] Built OAI.Analysis.CoulombRadii.FormDomain.Translate (24s)
✔ [9390/10281] Built OAI.MathematicalPhysics.ContinuumCoulomb.Quantum.QuantumLocalCore (10s)
✔ [9391/10281] Built OAI.MathematicalPhysics.ContinuumCoulomb.Quantum.QuantumPauliParity (11s)
✔ [9392/10281] Built OAI.Analysis.CoulombRadii.Packets.PacketIndex (20s)
✔ [9393/10281] Built OAI.MathematicalPhysics.ContinuumCoulomb.Quantum.QuantumPaddedInput (9.5s)
✔ [9394/10281] Built OAI.MathematicalPhysics.ContinuumCoulomb.ManyBody.FockSlaterTensor (18s)
✔ [9395/10281] Built OAI.MathematicalPhysics.ContinuumCoulomb.OneParticle.SplitCoordinates (18s)
✔ [9396/10285] Built OAI.MathematicalPhysics.ContinuumCoulomb.Quantum.QuantumMatrixError (10s)
✔ [9397/10285] Built OAI.MathematicalPhysics.ContinuumCoulomb.Quantum.QuantumCircuitPauli (9.5s)
✔ [9398/10285] Built OAI.Analysis.CoulombRadii.FieldAnalysis.PermuteJoinBlock (19s)
✔ [9399/10285] Built OAI.MathematicalPhysics.ContinuumCoulomb.Quantum.QuantumLocalJoin (17s)
✔ [9400/10285] Built OAI.Analysis.CoulombRadii.FieldAnalysis.IntegrableIntegralAeTendsto (19s)
✔ [9401/10285] Built OAI.MathematicalPhysics.ContinuumCoulomb.Quantum.QuantumPaddedPauli (10s)
✔ [9402/10285] Built OAI.MathematicalPhysics.ContinuumCoulomb.Quantum.QuantumPaddedEvolution (10s)
✔ [9403/10285] Built OAI.Computability.QuantumFactoring.AIGBitArithmeticEmission (49s)
✔ [9404/10285] Built OAI.MathematicalPhysics.ContinuumCoulomb.Quantum.QuantumLocalError (10s)
✔ [9405/10285] Built OAI.Analysis.CoulombRadii.FieldAnalysis.GroupFermionicCoefficients (28s)
✔ [9406/10285] Built OAI.MathematicalPhysics.ContinuumCoulomb.Quantum.QuantumPauliAlgebra (11s)
✔ [9407/10285] Built OAI.MathematicalPhysics.ContinuumCoulomb.OneParticle.LocalizedCoulomb (19s)
✔ [9408/10285] Built OAI.MathematicalPhysics.ContinuumCoulomb.ManyBody.FockOneBodyIntegral (19s)
✔ [9409/10285] Built OAI.MathematicalPhysics.ContinuumCoulomb.Quantum.QuantumGridAcceptance (9.9s)
✔ [9410/10285] Built OAI.MathematicalPhysics.ContinuumCoulomb.Quantum.QuantumGadgetAlgebra (10s)
✔ [9411/10290] Built OAI.Analysis.CoulombRadii.FieldAnalysis.NormSqSumCosets (19s)
✔ [9412/10290] Built OAI.MathematicalPhysics.ContinuumCoulomb.Quantum.QuantumPauliLocal (10s)
✔ [9413/10301] Built OAI.MathematicalPhysics.ContinuumCoulomb.Quantum.QubitMediatorNorm (11s)
✔ [9414/10301] Built OAI.Computability.QuantumFactoring.ExpressionPostfix (18s)
✔ [9415/10301] Built OAI.MathematicalPhysics.ContinuumCoulomb.Quantum.QuantumSwapConjugation (9.7s)
✔ [9416/10304] Built OAI.MathematicalPhysics.ContinuumCoulomb.Quantum.QuantumRowOrder (9.7s)
✔ [9417/10304] Built OAI.Analysis.CoulombRadii.FieldAnalysis.GridIndex (21s)
✔ [9418/10304] Built OAI.Analysis.CoulombRadii.FormDomain.SmoothCompact (30s)
✔ [9419/10304] Built OAI.MathematicalPhysics.ContinuumCoulomb.Quantum.QuantumPauliProduct (19s)
✔ [9420/10306] Built OAI.MathematicalPhysics.ContinuumCoulomb.Quantum.QuantumPauliSplit (10s)
✔ [9421/10306] Built OAI.MathematicalPhysics.ContinuumCoulomb.Quantum.QuantumGadgetCounterterms (11s)
✔ [9422/10306] Built OAI.MathematicalPhysics.ContinuumCoulomb.Quantum.QuantumRectangularOperator (13s)
✔ [9423/10306] Built OAI.MathematicalPhysics.ContinuumCoulomb.Quantum.QuantumAdjacentCnot (10s)
✔ [9424/10306] Built OAI.MathematicalPhysics.ContinuumCoulomb.Quantum.QuantumRowInsertion (10s)
✔ [9425/10306] Built OAI.Analysis.CoulombRadii.FieldAnalysis.WedgeMultiplicity (21s)
✔ [9426/10306] Built OAI.Analysis.CoulombRadii.FieldAnalysis.MinimizerMidpointControl (19s)
✔ [9427/10306] Built OAI.Computability.QuantumFactoring.ExpressionSyntaxEmission (18s)
✔ [9428/10306] Built OAI.MathematicalPhysics.ContinuumCoulomb.Quantum.QuantumThirdCounterterm (11s)
✔ [9429/10306] Built OAI.Analysis.CoulombRadii.Localization.TruncatedCoulomb (21s)
✔ [9430/10306] Built OAI.MathematicalPhysics.ContinuumCoulomb.Quantum.QuantumFourBasis (13s)
✔ [9431/10311] Built OAI.MathematicalPhysics.ContinuumCoulomb.Quantum.QuantumOperatorQuadratic (12s)
✔ [9432/10311] Built OAI.MathematicalPhysics.ContinuumCoulomb.Quantum.QubitMediatorProjection (13s)
✔ [9433/10311] Built OAI.Analysis.CoulombRadii.FieldAnalysis.FlatDensityPower (28s)
✔ [9434/10311] Built OAI.Analysis.CoulombRadii.FormDomain.CubeGradient (25s)
✔ [9435/10311] Built OAI.MathematicalPhysics.ContinuumCoulomb.Quantum.QuantumRowStageBounds (10s)
✔ [9436/10311] Built OAI.MathematicalPhysics.ContinuumCoulomb.Quantum.QuantumNearestGate (11s)
✔ [9437/10311] Built OAI.MathematicalPhysics.ContinuumCoulomb.OneParticle.LocalizedModeDerivatives (25s)
✔ [9438/10311] Built OAI.MathematicalPhysics.ContinuumCoulomb.Quantum.QubitMediatorSeriesMatrix (11s)
✔ [9439/10311] Built OAI.Analysis.CoulombRadii.Propagation.NuclearPotential (18s)
✔ [9440/10311] Built OAI.Computability.QuantumFactoring.EmissionCombinators (18s)
✔ [9441/10311] Built OAI.MathematicalPhysics.ContinuumCoulomb.Quantum.QubitMediatorPenalty (12s)
✔ [9442/10311] Built OAI.Analysis.CoulombRadii.Packets.CoulombKernelFiveHalvesIntegrable (23s)
✔ [9443/10311] Built OAI.Analysis.CoulombRadii.FieldAnalysis.NearCoulombFiveHalves (24s)
✔ [9444/10311] Built OAI.MathematicalPhysics.ContinuumCoulomb.Quantum.QuantumFourEncoding (23s)
✔ [9445/10311] Built OAI.Analysis.CoulombRadii.FieldAnalysis.SpinConfigurationIntegral (26s)
✔ [9446/10311] Built OAI.Analysis.CoulombRadii.FieldAnalysis.MeridianMap (30s)
✔ [9447/10311] Built OAI.MathematicalPhysics.ContinuumCoulomb.Quantum.QuantumNearestCircuit (12s)
✔ [9448/10311] Built OAI.Analysis.CoulombRadii.FieldAnalysis.CommonIsometryApply (22s)
✔ [9449/10311] Built OAI.MathematicalPhysics.ContinuumCoulomb.Quantum.QubitThirdHermitian (10s)
✔ [9450/10311] Built OAI.MathematicalPhysics.ContinuumCoulomb.Quantum.QubitMediatorSeriesError (11s)
✔ [9451/10311] Built OAI.MathematicalPhysics.ContinuumCoulomb.OneParticle.ClassicalTensor (26s)
✔ [9452/10311] Built OAI.Analysis.CoulombRadii.FieldAnalysis.Rotation (34s)
✔ [9453/10311] Built OAI.Analysis.CoulombRadii.FieldAnalysis.LeftPotential (20s)
✔ [9454/10311] Built OAI.MathematicalPhysics.ContinuumCoulomb.Quantum.QuantumFourIsometry (13s)
✔ [9455/10311] Built OAI.Computability.QuantumFactoring.BitStackDependentChoice (20s)
✔ [9456/10311] Built OAI.Computability.QuantumFactoring.BitStackPowers (20s)
✔ [9457/10311] Built OAI.Analysis.CoulombRadii.FieldAnalysis.Gaussian (23s)
✔ [9458/10311] Built OAI.MathematicalPhysics.ContinuumCoulomb.Quantum.QuantumSweepCircuit (12s)
✔ [9459/10311] Built OAI.Analysis.CoulombRadii.FieldAnalysis.DeterminantBodyReal (27s)
✔ [9460/10311] Built OAI.Analysis.CoulombRadii.FieldAnalysis.RotatedDensityPower (31s)
✔ [9461/10311] Built OAI.MathematicalPhysics.ContinuumCoulomb.Programs.SquareRootProgram (26s)
✔ [9462/10311] Built OAI.MathematicalPhysics.ContinuumCoulomb.Quantum.QubitMediatorHilbert (53s)
✔ [9463/10311] Built OAI.Analysis.CoulombRadii.FieldAnalysis.CoulombBilinear (35s)
✔ [9464/10311] Built OAI.MathematicalPhysics.ContinuumCoulomb.OneParticle.ClassicalSlater (43s)
✔ [9465/10311] Built OAI.MathematicalPhysics.ContinuumCoulomb.Quantum.QuantumRowStageSupport (10s)
✔ [9466/10314] Built OAI.Analysis.CoulombRadii.FormDomain.CoreSliceRegular (35s)
✔ [9467/10314] Built OAI.MathematicalPhysics.ContinuumCoulomb.Quantum.QuantumFourGapCertificate (52s)
✔ [9468/10314] Built OAI.Analysis.CoulombRadii.ThomasFermi.TFExponent (27s)
✔ [9469/10314] Built OAI.MathematicalPhysics.ContinuumCoulomb.Quantum.QubitMediatorPhysical (10s)
✔ [9470/10314] Built OAI.MathematicalPhysics.ContinuumCoulomb.Quantum.QuantumGridLocality (10s)
✔ [9471/10316] Built OAI.Analysis.CoulombRadii.FieldAnalysis.WeightedExchangeAlgebra (20s)
✔ [9472/10316] Built OAI.MathematicalPhysics.ContinuumCoulomb.Programs.DyadicRootProgram (20s)
✔ [9473/10316] Built OAI.MathematicalPhysics.ContinuumCoulomb.Quantum.QuantumFourPositive (10s)
✔ [9474/10316] Built OAI.Analysis.CoulombRadii.FieldAnalysis.RetainedFineDensity (21s)
✔ [9475/10316] Built OAI.MathematicalPhysics.ContinuumCoulomb.Quantum.QubitMediatorForms (13s)
✔ [9476/10316] Built OAI.MathematicalPhysics.ContinuumCoulomb.Quantum.QuantumGateArrival (10s)
✔ [9477/10317] Built OAI.MathematicalPhysics.ContinuumCoulomb.Quantum.QuantumReferenceBasis (12s)
✔ [9478/10317] Built OAI.Analysis.CoulombRadii.FieldAnalysis.CorePerm (24s)
✔ [9479/10317] Built OAI.Analysis.CoulombRadii.ThomasFermi.TFNonneg (24s)
✔ [9480/10317] Built OAI.MathematicalPhysics.ContinuumCoulomb.OneParticle.PlanarIMS (19s)
✔ [9481/10317] Built OAI.MathematicalPhysics.ContinuumCoulomb.Quantum.QuantumFourProjector (11s)
✔ [9482/10317] Built OAI.Analysis.CoulombRadii.FieldAnalysis.FiniteProdSum (20s)
✔ [9483/10326] Built OAI.MathematicalPhysics.ContinuumCoulomb.Quantum.QubitMediatorThirdForm (11s)
✔ [9484/10326] Built OAI.MathematicalPhysics.ContinuumCoulomb.OneParticle.ClassicalSlaterKinetic (41s)
✔ [9486/10326] Built OAI.MathematicalPhysics.ContinuumCoulomb.OneParticle.RationalSquareRoot (19s)
✔ [9487/10326] Built OAI.MathematicalPhysics.ContinuumCoulomb.ManyBody.MediatorParameters (22s)
✔ [9488/10326] Built OAI.MathematicalPhysics.ContinuumCoulomb.Quantum.QubitMediatorNormBounds (12s)
✔ [9489/10326] Built OAI.MathematicalPhysics.ContinuumCoulomb.Quantum.QuantumTaggedTransfer (10s)
✔ [9490/10326] Built OAI.Analysis.CoulombRadii.FieldAnalysis.RetainedFineDensityConfigurationMeasurable (20s)
✔ [9491/10326] Built OAI.MathematicalPhysics.ContinuumCoulomb.Quantum.QuantumReferenceWalls (10s)
✔ [9493/10326] Built OAI.MathematicalPhysics.ContinuumCoulomb.Quantum.QuantumFourLogical (13s)
✔ [9494/10326] Built OAI.MathematicalPhysics.ContinuumCoulomb.Quantum.QubitMediatorBounds (13s)
✔ [9495/10326] Built OAI.Analysis.CoulombRadii.Propagation.NuclearPotentialSplitJoin (20s)
✔ [9496/10326] Built OAI.Analysis.CoulombRadii.ThomasFermi.TfFunctional (23s)
✔ [9497/10326] Built OAI.MathematicalPhysics.ContinuumCoulomb.OneParticle.PlanarPartition (24s)
✔ [9498/10326] Built OAI.Analysis.CoulombRadii.FieldAnalysis.UnitNucleus (22s)
✔ [9499/10326] Built OAI.MathematicalPhysics.ContinuumCoulomb.Quantum.QuantumAlgebraicScalar (19s)
✔ [9500/10326] Built OAI.MathematicalPhysics.ContinuumCoulomb.Quantum.QubitThirdNormBudget (12s)
✔ [9501/10326] Built OAI.MathematicalPhysics.ContinuumCoulomb.ManyBody.MediatorScaleBounds (19s)
✔ [9502/10326] Built OAI.MathematicalPhysics.ContinuumCoulomb.Quantum.QuantumTaggedStage (10s)
✔ [9503/10326] Built OAI.MathematicalPhysics.ContinuumCoulomb.Quantum.QuantumReferenceTensor (9.9s)
✔ [9504/10326] Built OAI.MathematicalPhysics.ContinuumCoulomb.OneParticle.RealSpinOrbitals (33s)
✔ [9505/10327] Built OAI.MathematicalPhysics.ContinuumCoulomb.ManyBody.MediatorGraph (22s)
✔ [9506/10331] Built OAI.MathematicalPhysics.ContinuumCoulomb.Quantum.QuantumFourFields (10s)
✔ [9507/10331] Built OAI.MathematicalPhysics.ContinuumCoulomb.Quantum.QuantumFourGround (12s)
✔ [9508/10331] Built OAI.MathematicalPhysics.ContinuumCoulomb.Quantum.QubitMediatorTrial (12s)
✔ [9509/10331] Built OAI.MathematicalPhysics.ContinuumCoulomb.OneParticle.PlanarSobolev (22s)
✔ [9510/10331] Built OAI.Analysis.CoulombRadii.FormDomain.CoreKinetic (24s)
✔ [9511/10331] Built OAI.Analysis.CoulombRadii.ThomasFermi.TfFunctionalGapControl (25s)
✔ [9512/10331] Built OAI.MathematicalPhysics.ContinuumCoulomb.Quantum.QubitThirdFamilyBounds (14s)
✔ [9513/10331] Built OAI.MathematicalPhysics.ContinuumCoulomb.Quantum.QuantumScalarFaithful (22s)
✔ [9514/10331] Built OAI.Analysis.CoulombRadii.FieldAnalysis.CoreCoulombPotential (26s)
✔ [9515/10331] Built OAI.MathematicalPhysics.ContinuumCoulomb.Quantum.QuantumAlgebraicHeight (21s)
✔ [9516/10331] Built OAI.MathematicalPhysics.ContinuumCoulomb.Quantum.QuantumFixedPauli (21s)
✔ [9517/10334] Built OAI.MathematicalPhysics.ContinuumCoulomb.Quantum.QuantumTaggedSupport (10s)
✔ [9518/10334] Built OAI.MathematicalPhysics.ContinuumCoulomb.Quantum.QuantumSweepCursor (10s)
✔ [9519/10334] Built OAI.MathematicalPhysics.ContinuumCoulomb.Quantum.QuantumDiagonalTensor (9.6s)
✔ [9520/10334] Built OAI.MathematicalPhysics.ContinuumCoulomb.OneParticle.VerticalSpectralInput (8.9s)
✔ [9521/10334] Built OAI.MathematicalPhysics.ContinuumCoulomb.OneParticle.ExplicitVerticalCutoff (8.8s)
✔ [9522/10334] Built OAI.MathematicalPhysics.ContinuumCoulomb.Quantum.QuantumFourSpin (11s)
✔ [9523/10334] Built OAI.MathematicalPhysics.ContinuumCoulomb.Quantum.QuantumGroundComparison (23s)
✔ [9524/10334] Built OAI.MathematicalPhysics.ContinuumCoulomb.ManyBody.MediatorIteration (28s)
✔ [9525/10334] Built OAI.MathematicalPhysics.ContinuumCoulomb.Quantum.QubitThirdCalibration (27s)
✔ [9526/10334] Built OAI.Analysis.CoulombRadii.FieldAnalysis.RetainedFinePower (49s)
✔ [9527/10334] Built OAI.MathematicalPhysics.ContinuumCoulomb.OneParticle.PlanarModeH1 (53s)
✔ [9528/10334] Built OAI.MathematicalPhysics.ContinuumCoulomb.Quantum.QubitMediatorGround (60s)
✔ [9529/10334] Built OAI.MathematicalPhysics.ContinuumCoulomb.Quantum.QuantumTaggedSweep (12s)
✔ [9530/10334] Built OAI.MathematicalPhysics.ContinuumCoulomb.Quantum.QuantumTransferIndex (10s)
✔ [9531/10334] Built OAI.Analysis.CoulombRadii.RandomFields.ConditionalEnergy (61s)
✔ [9532/10334] Built OAI.MathematicalPhysics.ContinuumCoulomb.Quantum.QuantumCoefficientHeight (24s)
✔ [9533/10334] Built OAI.Analysis.CoulombRadii.FieldAnalysis.FrameImageDensity (45s)
✔ [9534/10334] Built OAI.MathematicalPhysics.ContinuumCoulomb.Quantum.QuantumReferencePenalty (9.9s)
✔ [9535/10334] Built OAI.Analysis.CoulombRadii.ThomasFermi.TfPotential (62s)
✔ [9536/10334] Built OAI.MathematicalPhysics.ContinuumCoulomb.OneParticle.VerticalCappedForm (11s)
✔ [9537/10334] Built OAI.MathematicalPhysics.ContinuumCoulomb.Quantum.QuantumSweepCongestion (18s)
✔ [9538/10334] Built OAI.MathematicalPhysics.ContinuumCoulomb.Quantum.QuantumUnitaryGround (28s)
✔ [9539/10334] Built OAI.MathematicalPhysics.ContinuumCoulomb.ManyBody.MediatorPromise (36s)
✔ [9540/10334] Built OAI.MathematicalPhysics.ContinuumCoulomb.OneParticle.PlanarSiteCutoffs (43s)
✔ [9541/10334] Built OAI.MathematicalPhysics.ContinuumCoulomb.Quantum.QubitMediatorTargetGround (44s)
✔ [9542/10334] Built OAI.MathematicalPhysics.ContinuumCoulomb.Quantum.QuantumStageIndex (22s)
✔ [9543/10334] Built OAI.Analysis.CoulombRadii.FieldAnalysis.OuterJoinConfiguration (49s)
✔ [9544/10334] Built OAI.MathematicalPhysics.ContinuumCoulomb.Quantum.QuantumDistributedRebit (17s)
✔ [9545/10334] Built OAI.MathematicalPhysics.ContinuumCoulomb.Quantum.QuantumSweepCoverage (18s)
✔ [9546/10334] Built OAI.Analysis.CoulombRadii.FormDomain.SpaceFourierL2 (54s)
✔ [9547/10334] Built OAI.MathematicalPhysics.ContinuumCoulomb.OneParticle.VerticalCutoffTail (42s)
✔ [9548/10334] Built OAI.MathematicalPhysics.ContinuumCoulomb.Quantum.QubitPhase (44s)
✔ [9549/10334] Built OAI.MathematicalPhysics.ContinuumCoulomb.Reduction.SourceMatrix (45s)
✔ [9550/10334] Built OAI.Analysis.CoulombRadii.ThomasFermi.TfRawVariation (55s)
✔ [9551/10334] Built OAI.MathematicalPhysics.ContinuumCoulomb.Quantum.QuantumStageStep (25s)
✔ [9552/10334] Built OAI.MathematicalPhysics.ContinuumCoulomb.Quantum.QuantumReferenceBlocks (28s)
✔ [9553/10334] Built OAI.MathematicalPhysics.ContinuumCoulomb.OneParticle.PlanarIMSBounds (64s)
✔ [9554/10334] Built OAI.MathematicalPhysics.ContinuumCoulomb.Quantum.QubitThirdGadget (48s)
✔ [9555/10334] Built OAI.MathematicalPhysics.ContinuumCoulomb.Quantum.QuantumFirstUseSites (29s)
✔ [9556/10334] Built OAI.MathematicalPhysics.ContinuumCoulomb.OneParticle.VerticalCappedGap (27s)
✔ [9557/10334] Built OAI.MathematicalPhysics.ContinuumCoulomb.OneParticle.PlanarCutoffTail (81s)
✔ [9558/10335] Built OAI.MathematicalPhysics.ContinuumCoulomb.Quantum.QubitPhysicalComparison (83s)
✔ [9559/10335] Built OAI.MathematicalPhysics.ContinuumCoulomb.Quantum.QuantumFourSpinCertificate (208s)
✔ [9560/10335] Built OAI.MathematicalPhysics.ContinuumCoulomb.Quantum.QuantumStagePath (64s)
✔ [9561/10335] Built OAI.MathematicalPhysics.ContinuumCoulomb.Quantum.QuantumReferenceFamily (60s)
✔ [9562/10338] Built OAI.Analysis.CoulombRadii.SpectralTheory.FermiPacketSpectralTrace (149s)
✔ [9563/10338] Built OAI.Analysis.CoulombRadii.FormDomain.TfGradientField (124s)
✔ [9565/10338] Built OAI.MathematicalPhysics.ContinuumCoulomb.Quantum.QuantumSparseFirstUse (63s)
✔ [9566/10338] Built OAI.MathematicalPhysics.ContinuumCoulomb.Quantum.QubitPhaseLocal (154s)
✔ [9567/10338] Built OAI.MathematicalPhysics.ContinuumCoulomb.OneParticle.PlanarWellLocalization (113s)
✔ [9569/10338] Built OAI.MathematicalPhysics.ContinuumCoulomb.Quantum.QuantumFourSpinTransition (37s)
✔ [9570/10338] Built OAI.MathematicalPhysics.ContinuumCoulomb.Quantum.QuantumReferenceLower (31s)
✔ [9571/10338] Built OAI.MathematicalPhysics.ContinuumCoulomb.Quantum.QuantumClockPath (46s)
✔ [9572/10338] Built OAI.MathematicalPhysics.ContinuumCoulomb.Quantum.QuantumFourSpinTable (61s)
✔ [9573/10341] Built OAI.MathematicalPhysics.ContinuumCoulomb.Quantum.QubitSubdivisionMatrix (164s)
✔ [9574/10341] Built OAI.MathematicalPhysics.ContinuumCoulomb.Quantum.QubitThirdDecomposition (182s)
✔ [9576/10341] Built OAI.MathematicalPhysics.ContinuumCoulomb.Quantum.QuantumDistributedPositive (48s)
✔ [9577/10341] Built OAI.MathematicalPhysics.ContinuumCoulomb.Quantum.QuantumReferenceComparison (48s)
✔ [9578/10341] Built OAI.Analysis.CoulombRadii.Packets.PacketDensity (162s)
✔ [9579/10341] Built OAI.Analysis.CoulombRadii.FieldAnalysis.SumSpinDuplicate (137s)
✔ [9580/10341] Built OAI.Analysis.CoulombRadii.ThomasFermi.TfFunctionalUniformBound (147s)
✔ [9581/10341] Built OAI.MathematicalPhysics.ContinuumCoulomb.Quantum.QuantumClockAnchor (57s)
✔ [9584/10341] Built OAI.MathematicalPhysics.ContinuumCoulomb.Quantum.QuantumEntryParity (161s)
✔ [9585/10341] Built OAI.MathematicalPhysics.ContinuumCoulomb.Quantum.QubitPhasePhysical (159s)
✔ [9586/10341] Built OAI.MathematicalPhysics.ContinuumCoulomb.Quantum.QuantumHistoryEnumeration (56s)
✔ [9587/10341] Built OAI.MathematicalPhysics.ContinuumCoulomb.Quantum.QuantumFourCorrelationCertificate (162s)
✔ [9588/10341] Built OAI.MathematicalPhysics.ContinuumCoulomb.Quantum.QubitSubdivisionScale (171s)
✔ [9589/10341] Built OAI.MathematicalPhysics.ContinuumCoulomb.Quantum.QubitSubdivisionNorm (171s)
✔ [9590/10341] Built OAI.MathematicalPhysics.ContinuumCoulomb.Quantum.QubitThirdLocality (160s)
✔ [9592/10345] Built OAI.MathematicalPhysics.ContinuumCoulomb.Quantum.QuantumClockCells (52s)
✔ [9593/10346] Built OAI.Analysis.CoulombRadii.Localization.DensityCut (158s)
✔ [9594/10346] Built OAI.Analysis.CoulombRadii.FormDomain.SchwartzSquareIntegrable (158s)
✔ [9595/10346] Built OAI.MathematicalPhysics.ContinuumCoulomb.Programs.MediatorProgram (792s)
✔ [9596/10346] Built OAI.MathematicalPhysics.ContinuumCoulomb.Quantum.QuantumQuadraticReindex (20s)
✔ [9597/10346] Built OAI.MathematicalPhysics.ContinuumCoulomb.Quantum.QuantumFourCorrelation (12s)
✔ [9599/10346] Built OAI.Analysis.CoulombRadii.Screening.CoreScreenedField (124s)
✔ [9600/10349] Built OAI.MathematicalPhysics.ContinuumCoulomb.Quantum.QuantumYYFactor (50s)
✔ [9601/10349] Built OAI.MathematicalPhysics.ContinuumCoulomb.Quantum.QuantumPauliExtend (50s)
✔ [9604/10349] Built OAI.MathematicalPhysics.ContinuumCoulomb.Quantum.QuantumPauliTripleSplit (51s)
✔ [9605/10349] Built OAI.MathematicalPhysics.ContinuumCoulomb.Quantum.QuantumSweepEndpoint (10s)
✔ [9606/10349] Built OAI.MathematicalPhysics.ContinuumCoulomb.Quantum.QubitSubdivisionCalibration (23s)
✔ [9607/10349] Built OAI.MathematicalPhysics.ContinuumCoulomb.Quantum.QuantumGridCoordinates (10s)
✔ [9608/10349] Built OAI.MathematicalPhysics.ContinuumCoulomb.Quantum.QuantumDistributedGap (10s)
✔ [9609/10349] Built OAI.MathematicalPhysics.ContinuumCoulomb.Quantum.QubitSubdivisionGround (18s)
✔ [9610/10349] Built OAI.MathematicalPhysics.ContinuumCoulomb.Quantum.QubitThirdLocalFamily (18s)
✔ [9612/10349] Built OAI.MathematicalPhysics.ContinuumCoulomb.Quantum.QuantumFourCross (10s)
✔ [9614/10360] Built OAI.MathematicalPhysics.ContinuumCoulomb.Programs.PrefixPrograms (17s)
✔ [9615/10360] Built OAI.MathematicalPhysics.ContinuumCoulomb.Programs.RationalSumProgram (21s)
✔ [9616/10360] Built OAI.Analysis.CoulombRadii.FieldAnalysis.SliceExpectation (20s)
✔ [9617/10360] Built OAI.Analysis.CoulombRadii.Packets.FineKernelShiftCoulombIntegrable (19s)
✔ [9618/10360] Built OAI.Analysis.CoulombRadii.Packets.PacketDensityReal (21s)
✔ [9619/10360] Built OAI.Analysis.CoulombRadii.Packets.CoreScreenedFieldPacketIntegral (21s)
✔ [9620/10360] Built OAI.MathematicalPhysics.ContinuumCoulomb.Quantum.QuantumLocalPauli (20s)
✔ [9622/10360] Built OAI.MathematicalPhysics.ContinuumCoulomb.Quantum.QuantumYYElimination (18s)
✔ [9623/10360] Built OAI.MathematicalPhysics.ContinuumCoulomb.Quantum.QuantumSparseEndpoint (10s)
✔ [9624/10360] Built OAI.MathematicalPhysics.ContinuumCoulomb.Quantum.QuantumTripleSupported (18s)
✔ [9625/10360] Built OAI.MathematicalPhysics.ContinuumCoulomb.Quantum.QuantumSpatialPropagation (10s)
✔ [9626/10360] Built OAI.MathematicalPhysics.ContinuumCoulomb.Quantum.QuantumXZTriple (18s)
✔ [9627/10360] Built OAI.MathematicalPhysics.ContinuumCoulomb.Quantum.QuantumReferenceHistory (9.0s)
✔ [9628/10360] Built OAI.MathematicalPhysics.ContinuumCoulomb.Quantum.QuantumFourDoubleGap (12s)
✔ [9630/10361] Built OAI.MathematicalPhysics.ContinuumCoulomb.Quantum.QuantumEightBasis (18s)
✔ [9631/10361] Built OAI.MathematicalPhysics.ContinuumCoulomb.Quantum.QubitSubdivisionGadget (19s)
✔ [9632/10361] Built OAI.MathematicalPhysics.ContinuumCoulomb.Quantum.QuantumFourWeighted (20s)
✔ [9634/10361] Built OAI.MathematicalPhysics.ContinuumCoulomb.Programs.PrefixListPrograms (20s)
✔ [9635/10361] Built OAI.MathematicalPhysics.ContinuumCoulomb.OneParticle.PlanarModeEnergy (20s)
✔ [9636/10361] Built OAI.Analysis.CoulombRadii.SpectralTheory.SectorFormBottom (19s)
✔ [9637/10361] Built OAI.Analysis.CoulombRadii.Localization.DeletedLabels (21s)
✔ [9638/10365] Built OAI.MathematicalPhysics.ContinuumCoulomb.Quantum.QuantumReferenceReal (10s)
✔ [9639/10365] Built OAI.MathematicalPhysics.ContinuumCoulomb.Quantum.QuantumTensorMatrix (10s)
✔ [9640/10365] Built OAI.MathematicalPhysics.ContinuumCoulomb.Quantum.QuantumPauliSingle (17s)
✔ [9641/10365] Built OAI.MathematicalPhysics.ContinuumCoulomb.Quantum.QuantumXZSupportFactors (18s)
✔ [9642/10365] Built OAI.MathematicalPhysics.ContinuumCoulomb.Quantum.QubitSubdivisionDecomposition (18s)
✔ [9643/10365] Built OAI.MathematicalPhysics.ContinuumCoulomb.Quantum.QuantumReferenceLocal (9.8s)
✔ [9644/10365] Built OAI.MathematicalPhysics.ContinuumCoulomb.Programs.SourcePrograms (19s)
✔ [9645/10365] Built OAI.MathematicalPhysics.ContinuumCoulomb.OneParticle.PlanarWellBottom (22s)
✔ [9646/10365] Built OAI.MathematicalPhysics.ContinuumCoulomb.OneParticle.PlanarLowerTail (23s)
✔ [9647/10365] Built OAI.Analysis.CoulombRadii.Packets.WindowCoulomb (25s)
✔ [9648/10365] Built OAI.MathematicalPhysics.ContinuumCoulomb.Quantum.QuantumReferenceEdges (13s)
✔ [9649/10365] Built OAI.MathematicalPhysics.ContinuumCoulomb.OneParticle.PlanarLocalization (39s)
✔ [9650/10372] Built OAI.MathematicalPhysics.ContinuumCoulomb.Quantum.QuantumTensorSucc (22s)
✔ [9651/10372] Built OAI.MathematicalPhysics.ContinuumCoulomb.Quantum.QubitSubdivisionLocalFamily (24s)
✔ [9652/10378] Built OAI.MathematicalPhysics.ContinuumCoulomb.Quantum.QuantumReferenceTerms (11s)
✔ [9653/10378] Built OAI.MathematicalPhysics.ContinuumCoulomb.Programs.MediatorListProgram (21s)
✔ [9654/10378] Built OAI.MathematicalPhysics.ContinuumCoulomb.Quantum.QuantumFourStencils (46s)
✔ [9655/10378] Built OAI.MathematicalPhysics.ContinuumCoulomb.OneParticle.PlanarHopping (21s)
✔ [9656/10378] Built OAI.Analysis.CoulombRadii.FieldAnalysis.RawThomasFermiEnergy (23s)
✔ [9657/10378] Built OAI.MathematicalPhysics.ContinuumCoulomb.OneParticle.PlanarSpectralInput (18s)
✔ [9658/10378] Built OAI.MathematicalPhysics.ContinuumCoulomb.Quantum.QuantumFourTensorGap (19s)
✔ [9659/10378] Built OAI.MathematicalPhysics.ContinuumCoulomb.OneParticle.LocalizedCoulombSymmetry (18s)
✔ [9660/10390] Built OAI.MathematicalPhysics.ContinuumCoulomb.Quantum.QuantumXZSubdivision (18s)
✔ [9661/10390] Built OAI.MathematicalPhysics.ContinuumCoulomb.Quantum.QubitSubdivisionReal (18s)
✔ [9662/10390] Built OAI.MathematicalPhysics.ContinuumCoulomb.Reduction.SourceCoefficientRounding (18s)
✔ [9663/10390] Built OAI.MathematicalPhysics.ContinuumCoulomb.ManyBody.MediatorListCorrectness (18s)
✔ [9664/10390] Built OAI.MathematicalPhysics.ContinuumCoulomb.Quantum.QuantumFourAxis (18s)
✔ [9665/10395] Built OAI.MathematicalPhysics.ContinuumCoulomb.OneParticle.PlanarRadial (18s)
✔ [9666/10395] Built OAI.Analysis.CoulombRadii.ThomasFermi.TfExtendNonneg (26s)
✔ [9667/10395] Built OAI.MathematicalPhysics.ContinuumCoulomb.Quantum.QuantumTensorAction (20s)
✔ [9668/10395] Built OAI.MathematicalPhysics.ContinuumCoulomb.OneParticle.LocalizedCoulombTranslation (20s)
✔ [9669/10395] Built OAI.MathematicalPhysics.ContinuumCoulomb.OneParticle.PlanarProjectionGap (24s)
✔ [9670/10395] Built OAI.MathematicalPhysics.ContinuumCoulomb.OneParticle.PlanarHoppingBounds (20s)
✔ [9671/10395] Built OAI.MathematicalPhysics.ContinuumCoulomb.Quantum.QuantumYYReduction (20s)
✔ [9672/10395] Built OAI.MathematicalPhysics.ContinuumCoulomb.Quantum.QuantumXZThird (20s)
✔ [9673/10395] Built OAI.MathematicalPhysics.ContinuumCoulomb.Nuclei.DensitySynthesis (19s)
✔ [9674/10395] Built OAI.MathematicalPhysics.ContinuumCoulomb.Quantum.QubitSubdivisionHermitian (17s)
✔ [9675/10395] Built OAI.MathematicalPhysics.ContinuumCoulomb.Quantum.QuantumFourCouplingScale (19s)
✔ [9676/10395] Built OAI.MathematicalPhysics.ContinuumCoulomb.Reduction.SourceZeroFilter (19s)
✔ [9677/10395] Built OAI.MathematicalPhysics.ContinuumCoulomb.Quantum.QuantumFourNorm (20s)
✔ [9678/10395] Built OAI.MathematicalPhysics.ContinuumCoulomb.OneParticle.H1FiniteProjection (20s)
✔ [9679/10395] Built OAI.MathematicalPhysics.ContinuumCoulomb.OneParticle.PlanarWellMatrix (20s)
✔ [9680/10395] Built OAI.Analysis.CoulombRadii.FieldAnalysis.CoulombTest (21s)
✔ [9681/10395] Built OAI.MathematicalPhysics.ContinuumCoulomb.OneParticle.LocalizedCoulombLipschitz (20s)
✔ [9682/10395] Built OAI.MathematicalPhysics.ContinuumCoulomb.Quantum.QuantumTensorPair (16s)
✔ [9683/10395] Built OAI.MathematicalPhysics.ContinuumCoulomb.Quantum.QuantumFourTensorSpin (18s)
✔ [9684/10397] Built OAI.MathematicalPhysics.ContinuumCoulomb.OneParticle.PlanarTranslatedGap (18s)
✔ [9685/10397] Built OAI.MathematicalPhysics.ContinuumCoulomb.OneParticle.PlanarCalibration (19s)
✔ [9686/10397] Built OAI.MathematicalPhysics.ContinuumCoulomb.Quantum.QuantumXZReduction (18s)
✔ [9687/10397] Built OAI.MathematicalPhysics.ContinuumCoulomb.Quantum.QubitThirdPhased (19s)
✔ [9688/10397] Built OAI.MathematicalPhysics.ContinuumCoulomb.Quantum.QubitSubdivisionEnvelope (18s)
✔ [9689/10397] Built OAI.MathematicalPhysics.ContinuumCoulomb.Quantum.QuantumPauliSubdivision (18s)
✔ [9690/10397] Built OAI.MathematicalPhysics.ContinuumCoulomb.Reduction.SourceBondLists (16s)
✔ [9691/10397] Built OAI.MathematicalPhysics.ContinuumCoulomb.Quantum.QuantumTensorPairLinear (18s)
✔ [9692/10397] Built OAI.MathematicalPhysics.ContinuumCoulomb.OneParticle.LocalizedCoulombRadial (18s)
✔ [9693/10397] Built OAI.MathematicalPhysics.ContinuumCoulomb.Quantum.QuantumFourEffective (19s)
✔ [9694/10397] Built OAI.MathematicalPhysics.ContinuumCoulomb.OneParticle.CoulombGram (22s)
✔ [9695/10397] Built OAI.MathematicalPhysics.ContinuumCoulomb.Quantum.QuantumFourTensorCross (19s)
✔ [9696/10399] Built OAI.MathematicalPhysics.ContinuumCoulomb.OneParticle.LocalizedWellMatrix (18s)
✔ [9697/10399] Built OAI.MathematicalPhysics.ContinuumCoulomb.OneParticle.PlanarMultiwellGap (20s)
✔ [9698/10399] Built OAI.MathematicalPhysics.ContinuumCoulomb.OneParticle.PlanarPolynomialScale (23s)
✔ [9699/10399] Built OAI.MathematicalPhysics.ContinuumCoulomb.Quantum.QuantumXZFamily (17s)
✔ [9700/10399] Built OAI.MathematicalPhysics.ContinuumCoulomb.Quantum.QuantumXZEnvelopes (17s)
✔ [9701/10399] Built OAI.MathematicalPhysics.ContinuumCoulomb.Quantum.QubitThirdPhasedLocal (18s)
✔ [9702/10399] Built OAI.MathematicalPhysics.ContinuumCoulomb.Quantum.QuantumSupportedSubdivision (18s)
✔ [9703/10399] Built OAI.MathematicalPhysics.ContinuumCoulomb.Quantum.QuantumLocalSubdivision (18s)
✔ [9704/10399] Built OAI.MathematicalPhysics.ContinuumCoulomb.Reduction.SourceNormalizedSpectrum (18s)
✔ [9705/10399] Built OAI.MathematicalPhysics.ContinuumCoulomb.OneParticle.LocalizedLeakage (18s)
✔ [9706/10399] Built OAI.MathematicalPhysics.ContinuumCoulomb.Quantum.QuantumFourCouplingBounds (18s)
✔ [9707/10403] Built OAI.MathematicalPhysics.ContinuumCoulomb.Quantum.QuantumFourCounterterm (18s)
✔ [9708/10403] Built OAI.MathematicalPhysics.ContinuumCoulomb.OneParticle.CoulombPackets (19s)
✔ [9709/10403] Built OAI.MathematicalPhysics.ContinuumCoulomb.OneParticle.CoulombGramApprox (21s)
✔ [9710/10403] Built OAI.MathematicalPhysics.ContinuumCoulomb.Quantum.QuantumFourTensorCompression (19s)
✔ [9711/10403] Built OAI.MathematicalPhysics.ContinuumCoulomb.Quantum.QuantumFourTensorOrthogonal (19s)
✔ [9712/10403] Built OAI.MathematicalPhysics.ContinuumCoulomb.OneParticle.PlanarMultiwellMatrix (17s)
✔ [9713/10403] Built OAI.MathematicalPhysics.ContinuumCoulomb.OneParticle.LocalizedWellResidual (19s)
✔ [9714/10403] Built OAI.MathematicalPhysics.ContinuumCoulomb.OneParticle.PlanarMultiwellScale (19s)
✔ [9715/10403] Built OAI.MathematicalPhysics.ContinuumCoulomb.Quantum.QuantumXZThirdSupported (17s)
✔ [9716/10403] Built OAI.MathematicalPhysics.ContinuumCoulomb.Quantum.QuantumYYSupported (17s)
✔ [9717/10403] Built OAI.MathematicalPhysics.ContinuumCoulomb.OneParticle.PlanarScaleChoice (20s)
✔ [9718/10403] Built OAI.MathematicalPhysics.ContinuumCoulomb.Quantum.QuantumPauliThird (18s)
✔ [9719/10403] Built OAI.MathematicalPhysics.ContinuumCoulomb.Quantum.QubitThirdEnvelope (18s)
✔ [9720/10403] Built OAI.MathematicalPhysics.ContinuumCoulomb.Quantum.QuantumLocalSupported (17s)
✔ [9721/10403] Built OAI.MathematicalPhysics.ContinuumCoulomb.Reduction.SourceNormalizedPromise (18s)
✔ [9722/10406] Built OAI.MathematicalPhysics.ContinuumCoulomb.OneParticle.LocalizedDuality (17s)
✔ [9723/10406] Built OAI.MathematicalPhysics.ContinuumCoulomb.OneParticle.PlanarWellOverlap (17s)
✔ [9724/10406] Built OAI.MathematicalPhysics.ContinuumCoulomb.OneParticle.LocalizedTransition (18s)
✔ [9725/10406] Built OAI.MathematicalPhysics.ContinuumCoulomb.OneParticle.CoulombPacketTests (18s)
✔ [9726/10406] Built OAI.MathematicalPhysics.ContinuumCoulomb.Quantum.QuantumFourTensorWeighted (19s)
✔ [9727/10406] Built OAI.MathematicalPhysics.ContinuumCoulomb.Quantum.QuantumXZSupported (18s)
✔ [9728/10406] Built OAI.MathematicalPhysics.ContinuumCoulomb.OneParticle.LocalizedOneBody (20s)
✔ [9729/10406] Built OAI.MathematicalPhysics.ContinuumCoulomb.OneParticle.PlanarMultiwellProjection (20s)
✔ [9730/10406] Built OAI.MathematicalPhysics.ContinuumCoulomb.OneParticle.PlanarUniformCalibration (18s)
✔ [9731/10406] Built OAI.MathematicalPhysics.ContinuumCoulomb.Quantum.QuantumLocalThird (17s)
✔ [9732/10406] Built OAI.MathematicalPhysics.ContinuumCoulomb.Quantum.QuantumPauliCongestion (17s)
✔ [9733/10406] Built OAI.MathematicalPhysics.ContinuumCoulomb.Quantum.QuantumSupportedThird (17s)
✔ [9734/10406] Built OAI.MathematicalPhysics.ContinuumCoulomb.Programs.SourceNormalizationProgram (17s)
✔ [9735/10406] Built OAI.MathematicalPhysics.ContinuumCoulomb.OneParticle.LocalizedDualMatrix (18s)
✔ [9736/10406] Built OAI.MathematicalPhysics.ContinuumCoulomb.OneParticle.CoulombPacketCoercivity (18s)
✔ [9737/10406] Built OAI.MathematicalPhysics.ContinuumCoulomb.OneParticle.LocalizedDensityMoment (19s)
✔ [9738/10406] Built OAI.MathematicalPhysics.ContinuumCoulomb.OneParticle.LocalizedFourIndex (18s)
✔ [9739/10410] Built OAI.MathematicalPhysics.ContinuumCoulomb.OneParticle.LocalizedLinearOrbitals (18s)
✔ [9740/10414] Built OAI.MathematicalPhysics.ContinuumCoulomb.Quantum.QuantumFourTensorEffective (18s)
✔ [9741/10415] Built OAI.MathematicalPhysics.ContinuumCoulomb.OneParticle.LocalizedOrbitalGram (20s)
✔ [9742/10417] Built OAI.MathematicalPhysics.ContinuumCoulomb.Quantum.QuantumLocalModel (19s)
✔ [9743/10417] Built OAI.MathematicalPhysics.ContinuumCoulomb.Programs.SourceMetadataProgram (17s)
✔ [9744/10419] Built OAI.MathematicalPhysics.ContinuumCoulomb.Quantum.QuantumLocalThirdSupported (18s)
✔ [9745/10419] Built OAI.MathematicalPhysics.ContinuumCoulomb.OneParticle.LocalizedGram (18s)
✔ [9746/10419] Built OAI.MathematicalPhysics.ContinuumCoulomb.OneParticle.LocalizedHigherMoments (18s)
✔ [9747/10422] Built OAI.MathematicalPhysics.ContinuumCoulomb.Nuclei.SlabLineIntegral (17s)
✔ [9748/10425] Built OAI.MathematicalPhysics.ContinuumCoulomb.Quantum.QuantumFourTensorNorm (18s)
✔ [9749/10425] Built OAI.MathematicalPhysics.ContinuumCoulomb.Quantum.QuantumFourTensorFamily (18s)
✔ [9750/10428] Built OAI.MathematicalPhysics.ContinuumCoulomb.OneParticle.PlanarFrameBound (19s)
✔ [9751/10428] Built OAI.MathematicalPhysics.ContinuumCoulomb.Quantum.QuantumCircuitTwoLocal (18s)
✔ [9752/10428] Built OAI.MathematicalPhysics.ContinuumCoulomb.Quantum.QuantumReferenceModel (19s)
✔ [9753/10430] Built OAI.MathematicalPhysics.ContinuumCoulomb.ManyBody.GramCorrection (22s)
✔ [9754/10430] Built OAI.MathematicalPhysics.ContinuumCoulomb.Programs.PolynomialUnaryBounds (18s)
✔ [9755/10430] Built OAI.MathematicalPhysics.ContinuumCoulomb.OneParticle.LocalizedGramConstants (17s)
✔ [9756/10440] Built OAI.MathematicalPhysics.ContinuumCoulomb.OneParticle.LocalizedMomentTail (19s)
✔ [9757/10440] Built OAI.MathematicalPhysics.ContinuumCoulomb.Nuclei.SlabKernelEstimates (18s)
✔ [9758/10440] Built OAI.MathematicalPhysics.ContinuumCoulomb.Quantum.QuantumFourTensorFamilyBounds (18s)
✔ [9759/10440] Built OAI.MathematicalPhysics.ContinuumCoulomb.Quantum.QuantumFourTensorHilbert (20s)
✔ [9760/10443] Built OAI.MathematicalPhysics.ContinuumCoulomb.Quantum.QuantumSpatialInput (17s)
✔ [9761/10443] Built OAI.MathematicalPhysics.ContinuumCoulomb.ManyBody.OrthonormalLocalizedModes (18s)
✔ [9762/10443] Built OAI.MathematicalPhysics.ContinuumCoulomb.OneParticle.VerticalSliceProjection (25s)
✔ [9763/10443] Built OAI.MathematicalPhysics.ContinuumCoulomb.OneParticle.LocalizedGramSpacing (18s)
✔ [9764/10443] Built OAI.MathematicalPhysics.ContinuumCoulomb.Quantum.QuantumXZModel (26s)
✔ [9765/10447] Built OAI.MathematicalPhysics.ContinuumCoulomb.Nuclei.SlabLineFlatness (18s)
✔ [9766/10447] Built OAI.MathematicalPhysics.ContinuumCoulomb.Nuclei.SlabCoordinates (17s)
✔ [9767/10447] Built OAI.MathematicalPhysics.ContinuumCoulomb.Nuclei.SlabPlanarIntegral (18s)
✔ [9768/10447] Built OAI.MathematicalPhysics.ContinuumCoulomb.Quantum.QuantumFourTensorFields (19s)
✔ [9769/10447] Built OAI.MathematicalPhysics.ContinuumCoulomb.Quantum.QuantumFourTensorInverse (18s)
✔ [9770/10447] Built OAI.MathematicalPhysics.ContinuumCoulomb.Quantum.QuantumTimeGrouping (17s)
✔ [9771/10450] Built OAI.MathematicalPhysics.ContinuumCoulomb.OneParticle.LocalizedCoulombGap (18s)
✔ [9772/10450] Built OAI.MathematicalPhysics.ContinuumCoulomb.OneParticle.VerticalResidual (20s)
✔ [9773/10452] Built OAI.MathematicalPhysics.ContinuumCoulomb.Quantum.QuantumXZPrivate (19s)
✔ [9774/10452] Built OAI.MathematicalPhysics.ContinuumCoulomb.Nuclei.SlabRegularization (18s)
✔ [9775/10452] Built OAI.MathematicalPhysics.ContinuumCoulomb.Nuclei.SlabPlanarTail (19s)
✔ [9776/10452] Built OAI.MathematicalPhysics.ContinuumCoulomb.Quantum.QuantumFourTensorCoefficientBounds (18s)
✔ [9777/10452] Built OAI.MathematicalPhysics.ContinuumCoulomb.Quantum.QuantumFourTensorForms (20s)
✔ [9778/10457] Built OAI.MathematicalPhysics.ContinuumCoulomb.Quantum.QuantumTermTime (18s)
✔ [9779/10457] Built OAI.MathematicalPhysics.ContinuumCoulomb.OneParticle.CoulombCalibration (19s)
✔ [9780/10460] Built OAI.MathematicalPhysics.ContinuumCoulomb.OneParticle.PlanarSliceProjection (19s)
✔ [9781/10464] Built OAI.MathematicalPhysics.ContinuumCoulomb.Quantum.QuantumPrivateSupported (17s)
✔ [9782/10464] Built OAI.MathematicalPhysics.ContinuumCoulomb.Nuclei.SlabSections (18s)
✔ [9783/10464] Built OAI.MathematicalPhysics.ContinuumCoulomb.Nuclei.SlabProfile (18s)
✔ [9784/10464] Built OAI.MathematicalPhysics.ContinuumCoulomb.Quantum.QuantumFourTensorError (19s)
✔ [9785/10464] Built OAI.MathematicalPhysics.ContinuumCoulomb.OneParticle.OrbitalComplementCount (17s)
✔ [9786/10464] Built OAI.MathematicalPhysics.ContinuumCoulomb.ManyBody.FiniteTensorState (53s)
✔ [9787/10466] Built OAI.MathematicalPhysics.ContinuumCoulomb.OneParticle.OrbitalBasisExtension (17s)
✔ [9788/10466] Built OAI.MathematicalPhysics.ContinuumCoulomb.Quantum.QuantumSortedTime (21s)
✔ [9789/10466] Built OAI.MathematicalPhysics.ContinuumCoulomb.Programs.PolynomialConstantBounds (17s)
✔ [9790/10466] Built OAI.MathematicalPhysics.ContinuumCoulomb.OneParticle.SplitFrameBound (17s)
✔ [9791/10469] Built OAI.MathematicalPhysics.ContinuumCoulomb.Nuclei.SlabVerticalCoordinates (18s)
✔ [9792/10469] Built OAI.MathematicalPhysics.ContinuumCoulomb.Nuclei.SlabMonotonicity (17s)
✔ [9793/10469] Built OAI.MathematicalPhysics.ContinuumCoulomb.Quantum.QuantumFourTensorEffectiveError (20s)
✔ [9794/10469] Built OAI.MathematicalPhysics.ContinuumCoulomb.ManyBody.TensorComplementBound (18s)
✔ [9795/10469] Built OAI.MathematicalPhysics.ContinuumCoulomb.OneParticle.CoreOrbitalProjection (30s)
✔ [9796/10469] Built OAI.MathematicalPhysics.ContinuumCoulomb.ManyBody.FockTwoBodyContraction (18s)
✔ [9797/10475] Built OAI.MathematicalPhysics.ContinuumCoulomb.Quantum.QuantumFourTensorGround (28s)
✔ [9798/10475] Built OAI.MathematicalPhysics.ContinuumCoulomb.Quantum.QuantumOrderedReference (16s)
✔ [9799/10476] Built OAI.MathematicalPhysics.ContinuumCoulomb.OneParticle.LocalizedCounterterms (16s)
✔ [9800/10476] Built OAI.MathematicalPhysics.ContinuumCoulomb.OneParticle.SplitProjectionPairing (17s)
✔ [9801/10476] Built OAI.MathematicalPhysics.ContinuumCoulomb.Nuclei.SlabConfinement (18s)
✔ [9802/10476] Built OAI.MathematicalPhysics.ContinuumCoulomb.ManyBody.RepulsionBound (19s)
✔ [9803/10476] Built OAI.MathematicalPhysics.ContinuumCoulomb.ManyBody.FiniteOrbitalComplement (18s)
✔ [9804/10476] Built OAI.MathematicalPhysics.ContinuumCoulomb.ManyBody.FockTwoBodyIntegral (19s)
✔ [9805/10476] Built OAI.MathematicalPhysics.ContinuumCoulomb.Quantum.QuantumTimeCongestion (17s)
✔ [9806/10476] Built OAI.MathematicalPhysics.ContinuumCoulomb.Quantum.QuantumFourTensorComparison (21s)
✔ [9807/10476] Built OAI.MathematicalPhysics.ContinuumCoulomb.Quantum.QuantumSpatialClockTerms (17s)
✔ [9808/10481] Built OAI.MathematicalPhysics.ContinuumCoulomb.OneParticle.LocalizedCountertermMatrix (16s)
✔ [9809/10481] Built OAI.MathematicalPhysics.ContinuumCoulomb.Quantum.QuantumOrderedHistory (17s)
✔ [9810/10481] Built OAI.MathematicalPhysics.ContinuumCoulomb.OneParticle.ManufacturedWellField (18s)
✔ [9811/10481] Built OAI.MathematicalPhysics.ContinuumCoulomb.OneParticle.SplitProjectionBudget (19s)
✔ [9812/10481] Built OAI.MathematicalPhysics.ContinuumCoulomb.Nuclei.SlabInterior (18s)
✔ [9813/10481] Built OAI.MathematicalPhysics.ContinuumCoulomb.ManyBody.FiniteTensorProjection (64s)
✔ [9814/10481] Built OAI.MathematicalPhysics.ContinuumCoulomb.ManyBody.RepulsionCross (18s)
✔ [9815/10481] Built OAI.MathematicalPhysics.ContinuumCoulomb.Reduction.LastTensorFiber (18s)
✔ [9816/10481] Built OAI.MathematicalPhysics.ContinuumCoulomb.Quantum.QuantumReferenceCongestion (17s)
✔ [9817/10481] Built OAI.MathematicalPhysics.ContinuumCoulomb.Quantum.QuantumSpatialTerms (17s)
✔ [9818/10481] Built OAI.MathematicalPhysics.ContinuumCoulomb.Quantum.QuantumFourTensorScale (24s)
✔ [9819/10481] Built OAI.MathematicalPhysics.ContinuumCoulomb.OneParticle.LocalizedCorrectedOneBody (19s)
✔ [9820/10481] Built OAI.MathematicalPhysics.ContinuumCoulomb.Quantum.QuantumOrderedModel (18s)
✔ [9821/10481] Built OAI.MathematicalPhysics.ContinuumCoulomb.OneParticle.WellFieldOrbitalResidual (19s)
✔ [9822/10481] Built OAI.MathematicalPhysics.ContinuumCoulomb.OneParticle.ManufacturedSlabLower (18s)
✔ [9823/10481] Built OAI.MathematicalPhysics.ContinuumCoulomb.OneParticle.SplitSpectralBudget (17s)
✔ [9824/10481] Built OAI.MathematicalPhysics.ContinuumCoulomb.OneParticle.FullSpinTensorCoefficients (21s)
✔ [9825/10481] Built OAI.MathematicalPhysics.ContinuumCoulomb.OneParticle.ClassicalSlaterSynthesis (41s)
✔ [9826/10481] Built OAI.MathematicalPhysics.ContinuumCoulomb.Quantum.QuantumFourTensorOperatorBounds (21s)
✔ [9827/10481] Built OAI.MathematicalPhysics.ContinuumCoulomb.Quantum.QuantumAlgebraicHistory (19s)
✔ [9828/10481] Built OAI.MathematicalPhysics.ContinuumCoulomb.OneParticle.LocalizedMultiwellResidual (19s)
✔ [9829/10481] Built OAI.MathematicalPhysics.ContinuumCoulomb.Quantum.QuantumSpatialReference (18s)
✔ [9830/10482] Built OAI.MathematicalPhysics.ContinuumCoulomb.ManyBody.FiniteTensorNorm (35s)
✔ [9831/10482] Built OAI.MathematicalPhysics.ContinuumCoulomb.Quantum.QuantumOrderedSupport (18s)
✔ [9832/10482] Built OAI.MathematicalPhysics.ContinuumCoulomb.Nuclei.SlabRegularity (18s)
✔ [9833/10482] Built OAI.MathematicalPhysics.ContinuumCoulomb.ManyBody.WeightedSpinOrbitals (19s)
✔ [9834/10483] Built OAI.MathematicalPhysics.ContinuumCoulomb.OneParticle.LocalizedFockStates (19s)
✔ [9835/10483] Built OAI.MathematicalPhysics.ContinuumCoulomb.Quantum.QuantumFourTensorFamilyAccuracy (19s)
✔ [9836/10483] Built OAI.MathematicalPhysics.ContinuumCoulomb.OneParticle.SplitTestFunctions (22s)
✔ [9837/10483] Built OAI.MathematicalPhysics.ContinuumCoulomb.ManyBody.TensorFormDecomposition (46s)
✔ [9838/10487] Built OAI.MathematicalPhysics.ContinuumCoulomb.Quantum.QuantumScalarReindex (17s)
✔ [9839/10487] Built OAI.MathematicalPhysics.ContinuumCoulomb.Quantum.QuantumGateScalarReduction (16s)
✔ [9840/10487] Built OAI.MathematicalPhysics.ContinuumCoulomb.OneParticle.GaussianJetBounds (10s)
✔ [9841/10487] Built OAI.MathematicalPhysics.ContinuumCoulomb.Quantum.QuantumOrderedCoefficient (19s)
✔ [9842/10487] Built OAI.MathematicalPhysics.ContinuumCoulomb.Quantum.QuantumSpatialOccupancy (18s)
✔ [9843/10487] Built OAI.MathematicalPhysics.ContinuumCoulomb.Quantum.QuantumOrderedSplit (19s)
✔ [9844/10487] Built OAI.MathematicalPhysics.ContinuumCoulomb.OneParticle.PlanarModeJets (20s)
✔ [9845/10493] Built OAI.MathematicalPhysics.ContinuumCoulomb.Quantum.QuantumXZTerms (19s)
✔ [9846/10493] Built OAI.MathematicalPhysics.ContinuumCoulomb.Nuclei.SlabOrbitalResidual (24s)
✔ [9847/10493] Built OAI.MathematicalPhysics.ContinuumCoulomb.Quantum.QuantumFourTensorOnsite (20s)
✔ [9848/10493] Built OAI.MathematicalPhysics.ContinuumCoulomb.OneParticle.SplitFormIntegrals (19s)
✔ [9849/10493] Built OAI.MathematicalPhysics.ContinuumCoulomb.Quantum.QuantumRebitLocal (17s)
✔ [9850/10493] Built OAI.MathematicalPhysics.ContinuumCoulomb.OneParticle.PlanarFieldBounds (19s)
✔ [9851/10493] Built OAI.MathematicalPhysics.ContinuumCoulomb.Quantum.QuantumHistoryHeight (20s)
✔ [9852/10493] Built OAI.MathematicalPhysics.ContinuumCoulomb.Quantum.QuantumSpatialModel (18s)
✔ [9853/10493] Built OAI.MathematicalPhysics.ContinuumCoulomb.Quantum.QuantumOrderedTable (18s)
✔ [9854/10493] Built OAI.MathematicalPhysics.ContinuumCoulomb.Quantum.QuantumPolarizedSubdivision (19s)
✔ [9855/10493] Built OAI.MathematicalPhysics.ContinuumCoulomb.Quantum.QuantumOrderedYYFactors (18s)
✔ [9856/10493] Built OAI.MathematicalPhysics.ContinuumCoulomb.Quantum.QuantumOrderedTriple (18s)
✔ [9857/10493] Built OAI.MathematicalPhysics.ContinuumCoulomb.Quantum.QuantumOrderedXZTerm (17s)
✔ [9858/10493] Built OAI.MathematicalPhysics.ContinuumCoulomb.OneParticle.PlanarResolventTails (18s)
✔ [9859/10493] Built OAI.MathematicalPhysics.ContinuumCoulomb.OneParticle.ManufacturedOrbitalResidual (19s)
✔ [9860/10493] Built OAI.MathematicalPhysics.ContinuumCoulomb.Quantum.QuantumFourTensorFullFamily (19s)
✔ [9861/10493] Built OAI.MathematicalPhysics.ContinuumCoulomb.OneParticle.SplitFormIdentity (19s)
✔ [9862/10493] Built OAI.MathematicalPhysics.ContinuumCoulomb.OneParticle.ManufacturedFieldBounds (19s)
✔ [9863/10493] Built OAI.MathematicalPhysics.ContinuumCoulomb.Quantum.QuantumMediatorGeometry (18s)
✔ [9864/10493] Built OAI.MathematicalPhysics.ContinuumCoulomb.Quantum.QuantumGridNeighbors (17s)
✔ [9865/10493] Built OAI.MathematicalPhysics.ContinuumCoulomb.Quantum.QuantumPaddedLocal (17s)
✔ [9866/10493] Built OAI.MathematicalPhysics.ContinuumCoulomb.Quantum.QuantumPolarizedThird (17s)
✔ [9867/10493] Built OAI.MathematicalPhysics.ContinuumCoulomb.Quantum.QuantumOrderedTripleFactors (17s)
✔ [9868/10495] Built OAI.MathematicalPhysics.ContinuumCoulomb.OneParticle.CorrectedManufacturedResidual (17s)
✔ [9869/10495] Built OAI.MathematicalPhysics.ContinuumCoulomb.OneParticle.PlanarGradientMoments (18s)
✔ [9870/10496] Built OAI.MathematicalPhysics.ContinuumCoulomb.Quantum.QuantumBlockBasis (18s)
✔ [9871/10500] Built OAI.MathematicalPhysics.ContinuumCoulomb.Quantum.QuantumXZFamilySplit (19s)
✔ [9872/10500] Built OAI.MathematicalPhysics.ContinuumCoulomb.OneParticle.SplitPullback (22s)
✔ [9873/10500] Built OAI.MathematicalPhysics.ContinuumCoulomb.Quantum.QuantumSpatialSubdivision (17s)
✔ [9874/10500] Built OAI.MathematicalPhysics.ContinuumCoulomb.OneParticle.OrbitalJetBounds (19s)
✔ [9875/10500] Built OAI.MathematicalPhysics.ContinuumCoulomb.Nuclei.Cubature (14s)
✔ [9876/10500] Built OAI.MathematicalPhysics.ContinuumCoulomb.Quantum.QuantumGridSlots (20s)
✔ [9877/10500] Built OAI.MathematicalPhysics.ContinuumCoulomb.OneParticle.LocalizedGradientMoments (19s)
✔ [9878/10500] Built OAI.MathematicalPhysics.ContinuumCoulomb.Quantum.QuantumBlockExchange (17s)
✔ [9879/10500] Built OAI.MathematicalPhysics.ContinuumCoulomb.OneParticle.CoulombKernelSmooth (20s)
✔ [9880/10506] Built OAI.MathematicalPhysics.ContinuumCoulomb.Quantum.QuantumSpatialThird (18s)
✔ [9881/10506] Built OAI.MathematicalPhysics.ContinuumCoulomb.Nuclei.GaussTensorError (11s)
✔ [9882/10512] Built OAI.MathematicalPhysics.ContinuumCoulomb.OneParticle.ComplexFormSplit (23s)
✔ [9883/10512] Built OAI.MathematicalPhysics.ContinuumCoulomb.Reduction.Dilation (25s)
✔ [9884/10512] Built OAI.MathematicalPhysics.ContinuumCoulomb.OneParticle.OrbitalCutoff (20s)
✔ [9885/10512] Built OAI.MathematicalPhysics.ContinuumCoulomb.Quantum.QuantumGridColor (18s)
✔ [9886/10512] Built OAI.MathematicalPhysics.ContinuumCoulomb.Quantum.QuantumManhattanRoute (19s)
✔ [9887/10512] Built OAI.MathematicalPhysics.ContinuumCoulomb.Quantum.QuantumOrdinalSlots (18s)
✔ [9888/10512] Built OAI.MathematicalPhysics.ContinuumCoulomb.Quantum.QuantumBlockHamiltonian (18s)
✔ [9889/10512] Built OAI.MathematicalPhysics.ContinuumCoulomb.Quantum.QuantumSpatialGadgets (19s)
✔ [9890/10512] Built OAI.MathematicalPhysics.ContinuumCoulomb.Nuclei.MoserFlux (18s)
✔ [9891/10517] Built OAI.MathematicalPhysics.ContinuumCoulomb.Nuclei.NuclearCoordinates (19s)
✔ [9892/10517] Built OAI.MathematicalPhysics.ContinuumCoulomb.OneParticle.OneElectronCoordinates (21s)
✔ [9893/10517] Built OAI.MathematicalPhysics.ContinuumCoulomb.OneParticle.CoulombKernelHomogeneity (21s)
✔ [9894/10517] Built OAI.MathematicalPhysics.ContinuumCoulomb.Quantum.QuantumManhattanSupport (18s)
✔ [9895/10523] Built OAI.MathematicalPhysics.ContinuumCoulomb.OneParticle.OrbitalCutoffTail (22s)
✔ [9896/10523] Built OAI.MathematicalPhysics.ContinuumCoulomb.Quantum.QuantumFineRoute (18s)
✔ [9897/10523] Built OAI.MathematicalPhysics.ContinuumCoulomb.Quantum.QuantumRouteProgram (17s)
✔ [9898/10523] Built OAI.MathematicalPhysics.ContinuumCoulomb.Quantum.QuantumGridWalk (18s)
✔ [9899/10523] Built OAI.MathematicalPhysics.ContinuumCoulomb.Quantum.QuantumBlockFull (17s)
✔ [9900/10523] Built OAI.MathematicalPhysics.ContinuumCoulomb.Quantum.QuantumSpatialCircuit (18s)
✔ [9901/10523] Built OAI.MathematicalPhysics.ContinuumCoulomb.Nuclei.MoserRegularity (17s)
✔ [9902/10523] Built OAI.MathematicalPhysics.ContinuumCoulomb.Quantum.QuantumSpatialXZ (25s)
✔ [9903/10523] Built OAI.MathematicalPhysics.ContinuumCoulomb.ManyBody.FiniteWellResidual (18s)
✔ [9904/10523] Built OAI.MathematicalPhysics.ContinuumCoulomb.Quantum.QuantumFanoutPorts (19s)
✔ [9905/10523] Built OAI.MathematicalPhysics.ContinuumCoulomb.OneParticle.DirectionalFourthDerivative (23s)
✔ [9906/10523] Built OAI.MathematicalPhysics.ContinuumCoulomb.OneParticle.CappedCoulombKernel (18s)
✔ [9907/10523] Built OAI.MathematicalPhysics.ContinuumCoulomb.Quantum.QuantumRouteCongestion (17s)
✔ [9908/10524] Built OAI.MathematicalPhysics.ContinuumCoulomb.Quantum.QuantumManhattanListProgram (16s)
✔ [9909/10524] Built OAI.MathematicalPhysics.ContinuumCoulomb.Quantum.QuantumFiniteMembership (17s)
✔ [9910/10524] Built OAI.MathematicalPhysics.ContinuumCoulomb.OneParticle.OneElectronClosure (39s)
✔ [9911/10524] Built OAI.MathematicalPhysics.ContinuumCoulomb.Quantum.QuantumOddPathGeometry (19s)
✔ [9912/10524] Built OAI.MathematicalPhysics.ContinuumCoulomb.Quantum.QuantumRouteLeaf (20s)
✔ [9913/10524] Built OAI.MathematicalPhysics.ContinuumCoulomb.Quantum.QuantumXZHeisenberg (18s)
✔ [9914/10524] Built OAI.MathematicalPhysics.ContinuumCoulomb.Quantum.QuantumGridNeighborsFour (20s)
✔ [9915/10524] Built OAI.MathematicalPhysics.ContinuumCoulomb.Quantum.QuantumBlockEdges (20s)
✔ [9916/10524] Built OAI.MathematicalPhysics.ContinuumCoulomb.Nuclei.MoserBounds (19s)
✔ [9917/10524] Built OAI.MathematicalPhysics.ContinuumCoulomb.Quantum.QuantumSpatialXZBounds (18s)
✔ [9918/10524] Built OAI.MathematicalPhysics.ContinuumCoulomb.OneParticle.CappedCoulombMass (18s)
✔ [9919/10524] Built OAI.MathematicalPhysics.ContinuumCoulomb.Quantum.QuantumRouteLanes (18s)
✔ [9920/10524] Built OAI.MathematicalPhysics.ContinuumCoulomb.Nuclei.GaussPositionCell (21s)
✔ [9921/10524] Built OAI.MathematicalPhysics.ContinuumCoulomb.Quantum.QuantumBufferedFanout (26s)
✔ [9922/10524] Built OAI.MathematicalPhysics.ContinuumCoulomb.Quantum.QuantumChosenSlots (21s)
✔ [9923/10524] Built OAI.MathematicalPhysics.ContinuumCoulomb.OneParticle.CorrectedComplement (18s)
✔ [9924/10524] Built OAI.MathematicalPhysics.ContinuumCoulomb.Quantum.QuantumScaledEdge (19s)
✔ [9925/10524] Built OAI.MathematicalPhysics.ContinuumCoulomb.OneParticle.WeakH1Pairing (25s)
✔ [9926/10524] Built OAI.MathematicalPhysics.ContinuumCoulomb.Quantum.QuantumFourSpatial (19s)
✔ [9927/10524] Built OAI.MathematicalPhysics.ContinuumCoulomb.Quantum.QuantumExchangeRounding (20s)
✔ [9928/10524] Built OAI.MathematicalPhysics.ContinuumCoulomb.OneParticle.CoreTensorFiber (38s)
✔ [9929/10529] Built OAI.MathematicalPhysics.ContinuumCoulomb.Quantum.QuantumSpatialPrivate (17s)
✔ [9930/10529] Built OAI.MathematicalPhysics.ContinuumCoulomb.Nuclei.MoserDerivatives (22s)
✔ [9931/10529] Built OAI.MathematicalPhysics.ContinuumCoulomb.Nuclei.MoserFlow (29s)
✔ [9932/10529] Built OAI.MathematicalPhysics.ContinuumCoulomb.OneParticle.CoulombInverseFifth (18s)
✔ [9933/10529] Built OAI.MathematicalPhysics.ContinuumCoulomb.Quantum.QuantumCircuitPadding (19s)
✔ [9934/10529] Built OAI.MathematicalPhysics.ContinuumCoulomb.Quantum.QuantumLaneSupport (18s)
✔ [9935/10529] Built OAI.MathematicalPhysics.ContinuumCoulomb.Quantum.QuantumPatchSeparation (18s)
✔ [9936/10529] Built OAI.MathematicalPhysics.ContinuumCoulomb.Quantum.QuantumOrdinalPlacement (17s)
✔ [9937/10529] Built OAI.MathematicalPhysics.ContinuumCoulomb.Quantum.QuantumBufferedCells (20s)
✔ [9938/10529] Built OAI.MathematicalPhysics.ContinuumCoulomb.Quantum.QuantumBufferedDogleg (23s)
✔ [9939/10531] Built OAI.MathematicalPhysics.ContinuumCoulomb.OneParticle.CorrectedOneElectronProjection (21s)
✔ [9940/10531] Built OAI.MathematicalPhysics.ContinuumCoulomb.OneParticle.H1PairingBound (19s)
✔ [9941/10531] Built OAI.MathematicalPhysics.ContinuumCoulomb.Nuclei.GaussLocal (11s)
✔ [9942/10531] Built OAI.MathematicalPhysics.ContinuumCoulomb.Quantum.QuantumRoutingGraph (20s)
✔ [9943/10531] Built OAI.MathematicalPhysics.ContinuumCoulomb.Quantum.QuantumPauliRounding (19s)
✔ [9944/10535] Built OAI.MathematicalPhysics.ContinuumCoulomb.OneParticle.WeakH1Laplacian (24s)
✔ [9945/10535] Built OAI.MathematicalPhysics.ContinuumCoulomb.Quantum.QuantumBlockRational (18s)
✔ [9946/10538] Built OAI.MathematicalPhysics.ContinuumCoulomb.Quantum.QuantumScaledDirection (32s)
✔ [9947/10538] Built OAI.MathematicalPhysics.ContinuumCoulomb.Reduction.PublishedFlowInput (19s)
✔ [9948/10538] Built OAI.MathematicalPhysics.ContinuumCoulomb.Nuclei.GaussPhysicalCell (11s)
✔ [9949/10538] Built OAI.MathematicalPhysics.ContinuumCoulomb.Quantum.QuantumCircuitCode (18s)
✔ [9950/10538] Built OAI.MathematicalPhysics.ContinuumCoulomb.ManyBody.WeightedSourcePairing (19s)
✔ [9951/10538] Built OAI.MathematicalPhysics.ContinuumCoulomb.Nuclei.MoserEndpoint (26s)
✔ [9952/10538] Built OAI.MathematicalPhysics.ContinuumCoulomb.Nuclei.GaussLocalPositionCell (21s)
✔ [9953/10538] Built OAI.MathematicalPhysics.ContinuumCoulomb.Quantum.QuantumForkBounds (19s)
✔ [9954/10538] Built OAI.MathematicalPhysics.ContinuumCoulomb.Quantum.QuantumSpatialRational (18s)
✔ [9955/10538] Built OAI.MathematicalPhysics.ContinuumCoulomb.Quantum.QuantumCrossingBounds (20s)
✔ [9956/10538] Built OAI.MathematicalPhysics.ContinuumCoulomb.Quantum.QuantumBufferedDetour (34s)
✔ [9957/10538] Built OAI.MathematicalPhysics.ContinuumCoulomb.Quantum.QuantumPaddedHistory (18s)
✔ [9958/10538] Built OAI.MathematicalPhysics.ContinuumCoulomb.Quantum.QuantumOrderedSubdivision (18s)
✔ [9959/10538] Built OAI.MathematicalPhysics.ContinuumCoulomb.Quantum.QuantumOrderedSampling (17s)
✔ [9960/10538] Built OAI.MathematicalPhysics.ContinuumCoulomb.OneParticle.RealOrbitalResidual (18s)
✔ [9961/10538] Built OAI.MathematicalPhysics.ContinuumCoulomb.OneParticle.WeakComplexLaplacian (25s)
✔ [9962/10538] Built OAI.MathematicalPhysics.ContinuumCoulomb.ManyBody.FiniteOrbitalLaplacian (17s)
✔ [9963/10538] Built OAI.MathematicalPhysics.ContinuumCoulomb.OneParticle.CoordinateLaplacian (18s)
✔ [9964/10538] Built OAI.MathematicalPhysics.ContinuumCoulomb.Nuclei.GaussGrid (10s)
✔ [9965/10538] Built OAI.MathematicalPhysics.ContinuumCoulomb.Quantum.QuantumSpatialExchange (18s)
✔ [9966/10538] Built OAI.MathematicalPhysics.ContinuumCoulomb.Quantum.QuantumBlockCoefficientBounds (18s)
✔ [9967/10538] Built OAI.MathematicalPhysics.ContinuumCoulomb.Quantum.QuantumInflatedPath (17s)
✔ [9968/10538] Built OAI.MathematicalPhysics.ContinuumCoulomb.Quantum.QuantumUnaryPrefix (18s)
✔ [9969/10538] Built OAI.MathematicalPhysics.ContinuumCoulomb.Quantum.QuantumPolynomialUnary (18s)
✔ [9970/10538] Built OAI.MathematicalPhysics.ContinuumCoulomb.Quantum.QuantumGateCode (18s)
✔ [9971/10538] Built OAI.MathematicalPhysics.ContinuumCoulomb.ManyBody.FiniteBoxMatrix (21s)
✔ [9972/10538] Built OAI.MathematicalPhysics.ContinuumCoulomb.ManyBody.WeightedNuclearCross (21s)
✔ [9973/10538] Built OAI.MathematicalPhysics.ContinuumCoulomb.OneParticle.CoulombFarCell (19s)
✔ [9974/10538] Built OAI.MathematicalPhysics.ContinuumCoulomb.Quantum.QuantumForkCalibration (18s)
✔ [9975/10538] Built OAI.MathematicalPhysics.ContinuumCoulomb.Nuclei.MoserInverse (25s)
✔ [9976/10538] Built OAI.MathematicalPhysics.ContinuumCoulomb.Quantum.QuantumSpatialTotal (18s)
✔ [9977/10538] Built OAI.MathematicalPhysics.ContinuumCoulomb.Quantum.QuantumCrossingGraph (17s)
✔ [9978/10538] Built OAI.MathematicalPhysics.ContinuumCoulomb.Quantum.QuantumCrossingCalibration (19s)
✔ [9979/10538] Built OAI.MathematicalPhysics.ContinuumCoulomb.Quantum.QuantumBufferedArms (19s)
✔ [9980/10538] Built OAI.MathematicalPhysics.ContinuumCoulomb.Quantum.QuantumOrderedThird (19s)
✔ [9981/10538] Built OAI.MathematicalPhysics.ContinuumCoulomb.Quantum.QuantumSubdivisionSites (19s)
✔ [9982/10538] Built OAI.MathematicalPhysics.ContinuumCoulomb.ManyBody.TensorDifferential (17s)
✔ [9983/10538] Built OAI.MathematicalPhysics.ContinuumCoulomb.Quantum.QuantumHistorySampling (18s)
✔ [9984/10538] Built OAI.MathematicalPhysics.ContinuumCoulomb.Quantum.QuantumExchangeRoutes (16s)
✔ [9985/10538] Built OAI.MathematicalPhysics.ContinuumCoulomb.OneParticle.ManufacturedWeakResidual (20s)
✔ [9986/10538] Built OAI.MathematicalPhysics.ContinuumCoulomb.Quantum.QuantumOrdinalSpatial (17s)
✔ [9987/10538] Built OAI.MathematicalPhysics.ContinuumCoulomb.Quantum.QuantumAxisSample (19s)
✔ [9988/10538] Built OAI.MathematicalPhysics.ContinuumCoulomb.Quantum.QuantumBlockBudget (19s)
✔ [9989/10538] Built OAI.MathematicalPhysics.ContinuumCoulomb.Quantum.QuantumInflatedSeparation (18s)
✔ [9990/10538] Built OAI.MathematicalPhysics.ContinuumCoulomb.Quantum.QuantumHistorySiteProgram (17s)
✔ [9991/10539] Built OAI.MathematicalPhysics.ContinuumCoulomb.Quantum.QuantumUnaryPrefixRun (19s)
✔ [9992/10539] Built OAI.MathematicalPhysics.ContinuumCoulomb.Quantum.QuantumSweepIndex (17s)
✔ [9993/10539] Built OAI.MathematicalPhysics.ContinuumCoulomb.Quantum.QuantumFirstUseProgram (18s)
✔ [9994/10539] Built OAI.MathematicalPhysics.ContinuumCoulomb.ManyBody.WeightedNuclearForm (17s)
✔ [9995/10539] Built OAI.MathematicalPhysics.ContinuumCoulomb.Quantum.QuantumParallelGraph (18s)
✔ [9996/10539] Built OAI.MathematicalPhysics.ContinuumCoulomb.Nuclei.MoserFlowRegularity (18s)
✔ [9997/10539] Built OAI.MathematicalPhysics.ContinuumCoulomb.Quantum.QuantumSpatialReindex (17s)
✔ [9998/10539] Built OAI.MathematicalPhysics.ContinuumCoulomb.Nuclei.TransportedNodes (23s)
✔ [9999/10539] Built OAI.MathematicalPhysics.ContinuumCoulomb.Nuclei.TransportedCoulombDerivative (27s)
✔ [10000/10539] Built OAI.MathematicalPhysics.ContinuumCoulomb.Quantum.QuantumBufferedGridEdge (20s)
✔ [10001/10539] Built OAI.MathematicalPhysics.ContinuumCoulomb.Quantum.QuantumCrossingPatch (24s)
✔ [10002/10539] Built OAI.MathematicalPhysics.ContinuumCoulomb.Quantum.QuantumOrderedThirdSites (18s)
✔ [10003/10539] Built OAI.MathematicalPhysics.ContinuumCoulomb.Quantum.QuantumBufferedArmProgram (24s)
✔ [10004/10539] Built OAI.MathematicalPhysics.ContinuumCoulomb.Quantum.QuantumOrderedYYReduction (18s)
✔ [10005/10539] Built OAI.MathematicalPhysics.ContinuumCoulomb.Quantum.QuantumOrderedTwoStage (17s)
✔ [10006/10539] Built OAI.MathematicalPhysics.ContinuumCoulomb.Quantum.QuantumExchangeLanes (16s)
✔ [10007/10539] Built OAI.MathematicalPhysics.ContinuumCoulomb.ManyBody.TensorOperatorResidual (17s)
✔ [10008/10539] Built OAI.MathematicalPhysics.ContinuumCoulomb.Quantum.QuantumCountertermSample (17s)
✔ [10009/10539] Built OAI.MathematicalPhysics.ContinuumCoulomb.OneParticle.CorrectedResidualPairing (17s)
✔ [10010/10539] Built OAI.MathematicalPhysics.ContinuumCoulomb.Quantum.QuantumAxisSampleProgram (18s)
✔ [10011/10539] Built OAI.MathematicalPhysics.ContinuumCoulomb.Nuclei.NuclearPacking (18s)
✔ [10012/10539] Built OAI.MathematicalPhysics.ContinuumCoulomb.Quantum.QuantumSupportLookup (18s)
✔ [10013/10539] Built OAI.MathematicalPhysics.ContinuumCoulomb.Quantum.QuantumUnaryPrefixTransfers (18s)
✔ [10014/10541] Built OAI.MathematicalPhysics.ContinuumCoulomb.Quantum.QuantumHistoryDescriptors (17s)
✔ [10015/10541] Built OAI.MathematicalPhysics.ContinuumCoulomb.Quantum.QuantumCrossingsGraph (16s)
✔ [10016/10541] Built OAI.MathematicalPhysics.ContinuumCoulomb.Quantum.QuantumPathsParallel (17s)
✔ [10017/10541] Built OAI.MathematicalPhysics.ContinuumCoulomb.Quantum.QuantumForkGraph (18s)
✔ [10018/10541] Built OAI.MathematicalPhysics.ContinuumCoulomb.Nuclei.GaussEightNodes (18s)
✔ [10019/10541] Built OAI.MathematicalPhysics.ContinuumCoulomb.Quantum.QuantumGraphDegree (20s)
✔ [10020/10549] Built OAI.MathematicalPhysics.ContinuumCoulomb.Nuclei.MoserJacobian (23s)
✔ [10021/10549] Built OAI.MathematicalPhysics.ContinuumCoulomb.Nuclei.TransportedHybrid (20s)
✔ [10022/10549] Built OAI.MathematicalPhysics.ContinuumCoulomb.Quantum.QuantumTranslatedPatch (21s)
✔ [10023/10549] Built OAI.MathematicalPhysics.ContinuumCoulomb.Quantum.QuantumCornerPatch (20s)
✔ [10024/10549] Built OAI.MathematicalPhysics.ContinuumCoulomb.Nuclei.NuclearTensorCompression (49s)
✔ [10025/10549] Built OAI.MathematicalPhysics.ContinuumCoulomb.Quantum.QuantumPatchPoints (22s)
✔ [10026/10549] Built OAI.MathematicalPhysics.ContinuumCoulomb.Quantum.QuantumOrderedThirdXZ (21s)
✔ [10027/10549] Built OAI.MathematicalPhysics.ContinuumCoulomb.Quantum.QuantumOrderedPrivate (22s)
✔ [10028/10549] Built OAI.MathematicalPhysics.ContinuumCoulomb.Quantum.QuantumHistoryThreeLocal (20s)
✔ [10029/10549] Built OAI.MathematicalPhysics.ContinuumCoulomb.OneParticle.OneElectronComplexLaplacian (23s)
✔ [10030/10549] Built OAI.MathematicalPhysics.ContinuumCoulomb.Quantum.QuantumCountertermProgram (17s)
✔ [10031/10549] Built OAI.MathematicalPhysics.ContinuumCoulomb.OneParticle.CorrectedStateCoordinates (21s)
✔ [10032/10549] Built OAI.MathematicalPhysics.ContinuumCoulomb.Quantum.QuantumFieldSample (19s)
✔ [10033/10549] Built OAI.MathematicalPhysics.ContinuumCoulomb.Quantum.QuantumAxisSampleAccuracy (19s)
✔ [10034/10549] Built OAI.MathematicalPhysics.ContinuumCoulomb.Quantum.QuantumHistoryDescriptorProgram (18s)
✔ [10035/10549] Built OAI.MathematicalPhysics.ContinuumCoulomb.Quantum.QuantumUnaryPrefixCertificate (19s)
✔ [10036/10549] Built OAI.MathematicalPhysics.ContinuumCoulomb.OneParticle.LocalizedNuclearHardy (22s)
✔ [10037/10549] Built OAI.MathematicalPhysics.ContinuumCoulomb.Quantum.QuantumPathsCalibration (20s)
✔ [10038/10549] Built OAI.MathematicalPhysics.ContinuumCoulomb.OneParticle.CubeGeometry (20s)
✔ [10039/10549] Built OAI.MathematicalPhysics.ContinuumCoulomb.Quantum.QuantumEndpointPorts (19s)
✔ [10040/10549] Built OAI.MathematicalPhysics.ContinuumCoulomb.Quantum.QuantumAnchorDensity (19s)
✔ [10041/10549] Built OAI.MathematicalPhysics.ContinuumCoulomb.Nuclei.MoserTransport (19s)
✔ [10042/10549] Built OAI.MathematicalPhysics.ContinuumCoulomb.Quantum.QuantumForkDegreeBound (20s)
✔ [10043/10549] Built OAI.MathematicalPhysics.ContinuumCoulomb.Quantum.QuantumGridPorts (19s)
✔ [10044/10549] Built OAI.MathematicalPhysics.ContinuumCoulomb.Quantum.QuantumPortPairing (20s)
✔ [10045/10549] Built OAI.MathematicalPhysics.ContinuumCoulomb.Quantum.QuantumOrderedXZPipeline (18s)
✔ [10046/10549] Built OAI.MathematicalPhysics.ContinuumCoulomb.Quantum.QuantumHistoryThreeLocalEnergy (18s)
✔ [10047/10549] Built OAI.MathematicalPhysics.ContinuumCoulomb.OneParticle.CorrectedCrossForm (20s)
✔ [10048/10549] Built OAI.MathematicalPhysics.ContinuumCoulomb.ManyBody.FiniteOverlap (18s)
✔ [10049/10549] Built OAI.MathematicalPhysics.ContinuumCoulomb.Quantum.QuantumOrderedDescriptors (18s)
✔ [10050/10549] Built OAI.MathematicalPhysics.ContinuumCoulomb.Quantum.QuantumOffsetSample (19s)
✔ [10051/10549] Built OAI.MathematicalPhysics.ContinuumCoulomb.ManyBody.PairTensorCompression (31s)
✔ [10052/10549] Built OAI.MathematicalPhysics.ContinuumCoulomb.Quantum.QuantumPathsGraph (17s)
✔ [10053/10549] Built OAI.MathematicalPhysics.ContinuumCoulomb.Nuclei.NuclearCutoff (21s)
✔ [10054/10549] Built OAI.MathematicalPhysics.ContinuumCoulomb.OneParticle.WellCover (18s)
✔ [10055/10549] Built OAI.MathematicalPhysics.ContinuumCoulomb.OneParticle.CubeIntegral (21s)
✔ [10056/10549] Built OAI.MathematicalPhysics.ContinuumCoulomb.Quantum.QuantumBufferedLanes (18s)
✔ [10057/10549] Built OAI.MathematicalPhysics.ContinuumCoulomb.Quantum.QuantumPortRank (19s)
✔ [10058/10549] Built OAI.MathematicalPhysics.ContinuumCoulomb.Nuclei.MoserIntegralBound (19s)
✔ [10059/10549] Built OAI.MathematicalPhysics.ContinuumCoulomb.Quantum.QuantumForkPorts (19s)
✔ [10060/10557] Built OAI.MathematicalPhysics.ContinuumCoulomb.Quantum.QuantumPortChain (18s)
✔ [10061/10557] Built OAI.MathematicalPhysics.ContinuumCoulomb.Quantum.QuantumInnerPorts (19s)
✔ [10062/10557] Built OAI.MathematicalPhysics.ContinuumCoulomb.Quantum.QuantumCellPathTemplates (21s)
✔ [10063/10557] Built OAI.MathematicalPhysics.ContinuumCoulomb.Quantum.QuantumOrderedXZEnergy (22s)
✔ [10064/10557] Built OAI.MathematicalPhysics.ContinuumCoulomb.Quantum.QuantumOrderedIncidence (22s)
✔ [10065/10557] Built OAI.MathematicalPhysics.ContinuumCoulomb.Quantum.QuantumOffsetProgram (22s)
✔ [10066/10557] Built OAI.MathematicalPhysics.ContinuumCoulomb.OneParticle.CorrectedCrossBound (25s)
✔ [10067/10557] Built OAI.MathematicalPhysics.ContinuumCoulomb.Quantum.QuantumOrderedWeightBounds (30s)
✔ [10068/10557] Built OAI.MathematicalPhysics.ContinuumCoulomb.Quantum.QuantumPathDegrees (23s)
✔ [10069/10557] Built OAI.MathematicalPhysics.ContinuumCoulomb.Quantum.QuantumRoutingSize (24s)
✔ [10070/10557] Built OAI.MathematicalPhysics.ContinuumCoulomb.Nuclei.NuclearNearEstimate (22s)
✔ [10071/10557] Built OAI.MathematicalPhysics.ContinuumCoulomb.OneParticle.ExceptionalCellVolume (21s)
✔ [10072/10557] Built OAI.MathematicalPhysics.ContinuumCoulomb.OneParticle.CenteredGrid (23s)
✔ [10073/10557] Built OAI.MathematicalPhysics.ContinuumCoulomb.Quantum.QuantumBufferedEndpointWalk (23s)
✔ [10074/10557] Built OAI.MathematicalPhysics.ContinuumCoulomb.Nuclei.TransportedGrid (20s)
✔ [10075/10557] Built OAI.MathematicalPhysics.ContinuumCoulomb.Quantum.QuantumForkPortSums (18s)
✔ [10076/10557] Built OAI.MathematicalPhysics.ContinuumCoulomb.Nuclei.MoserIntegrability (19s)
✔ [10077/10557] Built OAI.MathematicalPhysics.ContinuumCoulomb.Quantum.QuantumForkBackground (18s)
✔ [10078/10557] Built OAI.MathematicalPhysics.ContinuumCoulomb.Nuclei.MoserChargeBounds (18s)
✔ [10079/10557] Built OAI.MathematicalPhysics.ContinuumCoulomb.Quantum.QuantumPortChainBounds (17s)
✔ [10080/10557] Built OAI.MathematicalPhysics.ContinuumCoulomb.Quantum.QuantumCrossingMove (18s)
✔ [10081/10557] Built OAI.MathematicalPhysics.ContinuumCoulomb.Quantum.QuantumPortLinks (18s)
✔ [10082/10557] Built OAI.MathematicalPhysics.ContinuumCoulomb.Quantum.QuantumPortChainSeparation (20s)
✔ [10083/10557] Built OAI.MathematicalPhysics.ContinuumCoulomb.Quantum.QuantumHistoryXZ (20s)
✔ [10084/10557] Built OAI.MathematicalPhysics.ContinuumCoulomb.Quantum.QuantumOrderedSpatialComplete (19s)
✔ [10085/10558] Built OAI.MathematicalPhysics.ContinuumCoulomb.Quantum.QuantumHalfCorridor (26s)
✔ [10086/10558] Built OAI.MathematicalPhysics.ContinuumCoulomb.Quantum.QuantumExchangeSample (22s)
✔ [10087/10558] Built OAI.MathematicalPhysics.ContinuumCoulomb.OneParticle.OneElectronFormDecomposition (19s)
✔ [10088/10558] Built OAI.MathematicalPhysics.ContinuumCoulomb.Quantum.QuantumPatchPhysical (19s)
✔ [10089/10558] Built OAI.MathematicalPhysics.ContinuumCoulomb.Quantum.QuantumPartialPaths (20s)
✔ [10090/10558] Built OAI.MathematicalPhysics.ContinuumCoulomb.ManyBody.TensorFirstReplacement (20s)
✔ [10091/10558] Built OAI.MathematicalPhysics.ContinuumCoulomb.OneParticle.SeparatedNuclearNear (19s)
✔ [10092/10558] Built OAI.MathematicalPhysics.ContinuumCoulomb.Quantum.QuantumBufferedSupport (18s)
✔ [10093/10558] Built OAI.MathematicalPhysics.ContinuumCoulomb.Nuclei.MoserGridPotential (17s)
✔ [10094/10558] Built OAI.MathematicalPhysics.ContinuumCoulomb.Nuclei.TransportedFarQuadrature (19s)
✔ [10095/10558] Built OAI.MathematicalPhysics.ContinuumCoulomb.Nuclei.TransportedNearGrid (18s)
✔ [10096/10558] Built OAI.MathematicalPhysics.ContinuumCoulomb.Quantum.QuantumForkState (17s)
✔ [10097/10558] Built OAI.MathematicalPhysics.ContinuumCoulomb.Quantum.QuantumPortInnerPair (17s)
✔ [10098/10558] Built OAI.MathematicalPhysics.ContinuumCoulomb.Reduction.UniformReciprocal (20s)
✔ [10099/10558] Built OAI.MathematicalPhysics.ContinuumCoulomb.Quantum.QuantumHistoryXZPromise (18s)
✔ [10100/10558] Built OAI.MathematicalPhysics.ContinuumCoulomb.Quantum.QuantumHistoryXZBounds (18s)
✔ [10101/10558] Built OAI.MathematicalPhysics.ContinuumCoulomb.OneParticle.CompactOrbitalDensity (19s)
✔ [10102/10558] Built OAI.MathematicalPhysics.ContinuumCoulomb.Quantum.QuantumCellTranslate (17s)
✔ [10103/10558] Built OAI.MathematicalPhysics.ContinuumCoulomb.Quantum.QuantumLocalPathClearance (22s)
✔ [10104/10558] Built OAI.MathematicalPhysics.ContinuumCoulomb.Quantum.QuantumExchangeSampleProgram (16s)
✔ [10105/10558] Built OAI.MathematicalPhysics.ContinuumCoulomb.Quantum.QuantumXZScalarSample (18s)
✔ [10106/10558] Built OAI.MathematicalPhysics.ContinuumCoulomb.ManyBody.ComplementFormLower (18s)
✔ [10107/10558] Built OAI.MathematicalPhysics.ContinuumCoulomb.ManyBody.TensorSlotReplacement (18s)
✔ [10108/10558] Built OAI.MathematicalPhysics.ContinuumCoulomb.Quantum.QuantumBufferedBounds (17s)
✔ [10109/10558] Built OAI.MathematicalPhysics.ContinuumCoulomb.OneParticle.ScaledNuclearNear (22s)
✔ [10110/10558] Built OAI.MathematicalPhysics.ContinuumCoulomb.Quantum.QuantumBufferedIntersections (17s)
✔ [10111/10560] Built OAI.MathematicalPhysics.ContinuumCoulomb.OneParticle.ManufacturedFarGrid (18s)
✔ [10112/10562] Built OAI.MathematicalPhysics.ContinuumCoulomb.Quantum.QuantumForkCells (17s)
✔ [10113/10562] Built OAI.MathematicalPhysics.ContinuumCoulomb.Quantum.QuantumForkStateDegree (18s)
✔ [10114/10562] Built OAI.MathematicalPhysics.ContinuumCoulomb.Quantum.QuantumCellCorridor (17s)
✔ [10115/10562] Built OAI.MathematicalPhysics.ContinuumCoulomb.Nuclei.MoserUniformDensity (21s)
✔ [10116/10562] Built OAI.MathematicalPhysics.ContinuumCoulomb.Quantum.QuantumXZSample (17s)
✔ [10117/10565] Built OAI.MathematicalPhysics.ContinuumCoulomb.Quantum.QuantumRawExchange (18s)
✔ [10118/10565] Built OAI.MathematicalPhysics.ContinuumCoulomb.ManyBody.CoerciveComplementLower (17s)
✔ [10119/10565] Built OAI.MathematicalPhysics.ContinuumCoulomb.ManyBody.TensorTotalReplacement (17s)
✔ [10120/10565] Built OAI.MathematicalPhysics.ContinuumCoulomb.Nuclei.TransportedNearForm (17s)
✔ [10121/10565] Built OAI.MathematicalPhysics.ContinuumCoulomb.Quantum.QuantumBufferedCongestion (16s)
✔ [10122/10569] Built OAI.MathematicalPhysics.ContinuumCoulomb.Quantum.QuantumBufferedSharedEdge (26s)
✔ [10123/10569] Built OAI.MathematicalPhysics.ContinuumCoulomb.OneParticle.CompactCoulombSmooth (19s)
✔ [10124/10569] Built OAI.MathematicalPhysics.ContinuumCoulomb.Quantum.QuantumForkStateMatrix (16s)
✔ [10125/10569] Built OAI.MathematicalPhysics.ContinuumCoulomb.Quantum.QuantumForkRounds (16s)
✔ [10126/10569] Built OAI.MathematicalPhysics.ContinuumCoulomb.OneParticle.ManufacturedGridError (19s)
✔ [10127/10569] Built OAI.MathematicalPhysics.ContinuumCoulomb.Quantum.QuantumCellRouteCatalog (16s)
✔ [10128/10569] Built OAI.MathematicalPhysics.ContinuumCoulomb.Quantum.QuantumSamplePrecision (15s)
✔ [10129/10569] Built OAI.MathematicalPhysics.ContinuumCoulomb.Nuclei.MoserUniformVelocity (22s)
✔ [10130/10569] Built OAI.MathematicalPhysics.ContinuumCoulomb.Quantum.QuantumRawProgram (16s)
✔ [10131/10569] Built OAI.MathematicalPhysics.ContinuumCoulomb.Quantum.QuantumOrderedRawPacking (16s)
✔ [10132/10569] Built OAI.MathematicalPhysics.ContinuumCoulomb.OneParticle.InverseFifthGrid (18s)
✔ [10133/10569] Built OAI.MathematicalPhysics.ContinuumCoulomb.Nuclei.NuclearPerturbedComplement (20s)
✔ [10134/10569] Built OAI.MathematicalPhysics.ContinuumCoulomb.OneParticle.ClassicalResidualPairing (19s)
✔ [10135/10572] Built OAI.MathematicalPhysics.ContinuumCoulomb.ManyBody.FockResidualIntegral (15s)
✔ [10136/10572] Built OAI.MathematicalPhysics.ContinuumCoulomb.OneParticle.TruncatedNuclearForm (15s)
✔ [10137/10572] Built OAI.MathematicalPhysics.ContinuumCoulomb.Quantum.QuantumBufferedCounts (15s)
✔ [10138/10572] Built OAI.MathematicalPhysics.ContinuumCoulomb.ManyBody.SpinTensorResidual (27s)
✔ [10139/10572] Built OAI.MathematicalPhysics.ContinuumCoulomb.Quantum.QuantumCrossingPorts (18s)
✔ [10140/10572] Built OAI.MathematicalPhysics.ContinuumCoulomb.OneParticle.CoulombSourceCubature (18s)
✔ [10141/10572] Built OAI.MathematicalPhysics.ContinuumCoulomb.OneParticle.OrbitalCellVolume (15s)
✔ [10142/10572] Built OAI.MathematicalPhysics.ContinuumCoulomb.OneParticle.CompactCoulombJets (17s)
✔ [10143/10572] Built OAI.MathematicalPhysics.ContinuumCoulomb.Quantum.QuantumForkPlaced (14s)
✔ [10144/10572] Built OAI.MathematicalPhysics.ContinuumCoulomb.Quantum.QuantumForkInitial (16s)
✔ [10145/10572] Built OAI.MathematicalPhysics.ContinuumCoulomb.Quantum.QuantumForkStateNextMatrix (16s)
✔ [10146/10572] Built OAI.MathematicalPhysics.ContinuumCoulomb.Quantum.QuantumForkWeightBounds (17s)
✔ [10147/10572] Built OAI.MathematicalPhysics.ContinuumCoulomb.Nuclei.NuclearGridPotential (16s)
✔ [10148/10572] Built OAI.MathematicalPhysics.ContinuumCoulomb.Quantum.QuantumComputedAccuracy (15s)
✔ [10149/10572] Built OAI.MathematicalPhysics.ContinuumCoulomb.Quantum.QuantumPatchEdgeCover (15s)
✔ [10150/10572] Built OAI.MathematicalPhysics.ContinuumCoulomb.OneParticle.ManufacturedUniformFlow (15s)
✔ [10151/10573] Built OAI.MathematicalPhysics.ContinuumCoulomb.Quantum.QuantumRoutingProgram (14s)
✔ [10152/10573] Built OAI.MathematicalPhysics.ContinuumCoulomb.Nuclei.MoserUniformInverse (21s)
✔ [10153/10573] Built OAI.MathematicalPhysics.ContinuumCoulomb.Quantum.QuantumRouteLeafProgram (14s)
✔ [10154/10573] Built OAI.MathematicalPhysics.ContinuumCoulomb.Quantum.QuantumAlgebraicScalarProgram (15s)
✔ [10155/10573] Built OAI.MathematicalPhysics.ContinuumCoulomb.Quantum.QuantumLatticeSerialization (15s)
✔ [10156/10573] Built OAI.MathematicalPhysics.ContinuumCoulomb.Quantum.QuantumRawTermProgram (15s)
✔ [10157/10573] Built OAI.MathematicalPhysics.ContinuumCoulomb.Quantum.QuantumOrderedLabelData (15s)
✔ [10158/10573] Built OAI.MathematicalPhysics.ContinuumCoulomb.OneParticle.InverseFifthCutoffGrid (16s)
✔ [10159/10573] Built OAI.MathematicalPhysics.ContinuumCoulomb.Quantum.QuantumBufferedExtent (14s)
✔ [10160/10573] Built OAI.MathematicalPhysics.ContinuumCoulomb.ManyBody.WeightedPotentialBound (15s)
✔ [10161/10573] Built OAI.MathematicalPhysics.ContinuumCoulomb.OneParticle.LocalizedTensorResidual (15s)
✔ [10162/10573] Built OAI.MathematicalPhysics.ContinuumCoulomb.OneParticle.CompactSourceTransport (15s)
✔ [10163/10577] Built OAI.MathematicalPhysics.ContinuumCoulomb.Quantum.QuantumForkInitialCells (15s)
✔ [10164/10577] Built OAI.MathematicalPhysics.ContinuumCoulomb.Quantum.QuantumForkLocality (15s)
✔ [10165/10577] Built OAI.MathematicalPhysics.ContinuumCoulomb.Quantum.QuantumForkInitialSize (14s)
✔ [10166/10577] Built OAI.MathematicalPhysics.ContinuumCoulomb.Quantum.QuantumForkStateAccuracy (14s)
✔ [10167/10577] Built OAI.MathematicalPhysics.ContinuumCoulomb.OneParticle.CompactSourcePairing (15s)
✔ [10168/10577] Built OAI.MathematicalPhysics.ContinuumCoulomb.ManyBody.FiniteTensorResidual (32s)
✔ [10169/10577] Built OAI.MathematicalPhysics.ContinuumCoulomb.Quantum.QuantumSampleAssembly (15s)
✔ [10170/10577] Built OAI.MathematicalPhysics.ContinuumCoulomb.Quantum.QuantumSampleBudget (14s)
✔ [10171/10577] Built OAI.MathematicalPhysics.ContinuumCoulomb.Quantum.QuantumPathProgram (15s)
✔ [10172/10577] Built OAI.MathematicalPhysics.ContinuumCoulomb.OneParticle.ManufacturedTransport (15s)
✔ [10173/10577] Built OAI.MathematicalPhysics.ContinuumCoulomb.Quantum.QuantumHistoryBitProgram (15s)
✔ [10174/10577] Built OAI.MathematicalPhysics.ContinuumCoulomb.Quantum.QuantumFixedPauliProgram (15s)
✔ [10175/10577] Built OAI.MathematicalPhysics.ContinuumCoulomb.Quantum.QuantumRawFamilyProgram (15s)
✔ [10176/10581] Built OAI.MathematicalPhysics.ContinuumCoulomb.Quantum.QuantumOrderedLabelSubdivision (15s)
✔ [10177/10581] Built OAI.MathematicalPhysics.ContinuumCoulomb.Quantum.QuantumPaddedLabelData (15s)
✔ [10178/10581] Built OAI.MathematicalPhysics.ContinuumCoulomb.OneParticle.RealOneElectronState (29s)
✔ [10179/10581] Built OAI.MathematicalPhysics.ContinuumCoulomb.OneParticle.AbsoluteNuclearForm (16s)
✔ [10180/10581] Built OAI.MathematicalPhysics.ContinuumCoulomb.Quantum.QuantumBufferedNodes (19s)
✔ [10181/10581] Built OAI.MathematicalPhysics.ContinuumCoulomb.OneParticle.LocalizedSpinOperator (14s)
✔ [10182/10581] Built OAI.MathematicalPhysics.ContinuumCoulomb.OneParticle.CompactSourceGrid (15s)
✔ [10183/10581] Built OAI.MathematicalPhysics.ContinuumCoulomb.Quantum.QuantumForkInitialLocality (14s)
✔ [10184/10581] Built OAI.MathematicalPhysics.ContinuumCoulomb.Quantum.QuantumForkIteration (14s)
✔ [10185/10581] Built OAI.MathematicalPhysics.ContinuumCoulomb.OneParticle.OrbitalGraphBounds (15s)
✔ [10186/10581] Built OAI.MathematicalPhysics.ContinuumCoulomb.OneParticle.CompactNuclearPairing (15s)
✔ [10187/10581] Built OAI.MathematicalPhysics.ContinuumCoulomb.Quantum.QuantumRawCorrectness (15s)
✔ [10188/10581] Built OAI.MathematicalPhysics.ContinuumCoulomb.Quantum.QuantumRationalPathStep (15s)
✔ [10189/10581] Built OAI.MathematicalPhysics.ContinuumCoulomb.Quantum.QuantumGateEntryProgram (16s)
✔ [10190/10581] Built OAI.MathematicalPhysics.ContinuumCoulomb.Quantum.QuantumFixedMatrixProgram (15s)
✔ [10191/10581] Built OAI.MathematicalPhysics.ContinuumCoulomb.Quantum.QuantumHistoryComparison (16s)
✔ [10192/10581] Built OAI.MathematicalPhysics.ContinuumCoulomb.Quantum.QuantumOrderedRawPackingProgram (14s)
✔ [10193/10581] Built OAI.MathematicalPhysics.ContinuumCoulomb.ManyBody.FiniteTensorCross (25s)
✔ [10194/10581] Built OAI.MathematicalPhysics.ContinuumCoulomb.Quantum.QuantumSweepProgram (14s)
✔ [10195/10581] Built OAI.MathematicalPhysics.ContinuumCoulomb.Quantum.QuantumAdjacentProgram (13s)
✔ [10196/10581] Built OAI.MathematicalPhysics.ContinuumCoulomb.Quantum.QuantumOrderedDescriptorProgram (17s)
✔ [10197/10581] Built OAI.MathematicalPhysics.ContinuumCoulomb.Quantum.QuantumPaddedTableProgram (26s)
✔ [10198/10581] Built OAI.MathematicalPhysics.ContinuumCoulomb.Quantum.QuantumRawSchedule (15s)
✔ [10199/10581] Built OAI.MathematicalPhysics.ContinuumCoulomb.Quantum.QuantumOrderedLabelThird (15s)
✔ [10200/10581] Built OAI.MathematicalPhysics.ContinuumCoulomb.OneParticle.LocalizedCorrectedMatrixError (15s)
✔ [10201/10581] Built OAI.MathematicalPhysics.ContinuumCoulomb.ManyBody.FiniteCoefficientCorrection (16s)
✔ [10202/10581] Built OAI.MathematicalPhysics.ContinuumCoulomb.Reduction.SourceExceptionalVolume (15s)
✔ [10203/10581] Built OAI.MathematicalPhysics.ContinuumCoulomb.Quantum.QuantumForkInitialMatrix (15s)
✔ [10204/10581] Built OAI.MathematicalPhysics.ContinuumCoulomb.Reduction.UniformAbsoluteNuclearForm (20s)
✔ [10205/10581] Built OAI.MathematicalPhysics.ContinuumCoulomb.Quantum.QuantumRationalFork (16s)
✔ [10206/10581] Built OAI.MathematicalPhysics.ContinuumCoulomb.Quantum.QuantumRawFamilyCorrectness (15s)
✔ [10207/10581] Built OAI.MathematicalPhysics.ContinuumCoulomb.Quantum.QuantumMergeEdges (15s)
✔ [10208/10581] Built OAI.MathematicalPhysics.ContinuumCoulomb.OneParticle.OrbitalNuclearTail (17s)
✔ [10209/10581] Built OAI.MathematicalPhysics.ContinuumCoulomb.Quantum.QuantumPathWeightBounds (17s)
✔ [10210/10581] Built OAI.MathematicalPhysics.ContinuumCoulomb.Quantum.QuantumRationalCrossing (16s)
✔ [10211/10581] Built OAI.MathematicalPhysics.ContinuumCoulomb.Quantum.QuantumPathSchedule (15s)
✔ [10212/10581] Built OAI.MathematicalPhysics.ContinuumCoulomb.Quantum.QuantumListGraph (15s)
✔ [10213/10581] Built OAI.MathematicalPhysics.ContinuumCoulomb.Quantum.QuantumPathScaleProgram (18s)
✔ [10214/10584] Built OAI.MathematicalPhysics.ContinuumCoulomb.Quantum.QuantumOrderedLabelProgram (15s)
✔ [10215/10584] Built OAI.MathematicalPhysics.ContinuumCoulomb.Quantum.QuantumNearestProgram (15s)
✔ [10216/10584] Built OAI.MathematicalPhysics.ContinuumCoulomb.Quantum.QuantumPaddedSampling (15s)
✔ [10217/10584] Built OAI.MathematicalPhysics.ContinuumCoulomb.Quantum.QuantumOrderedLabelYY (15s)
✔ [10218/10584] Built OAI.MathematicalPhysics.ContinuumCoulomb.OneParticle.ManufacturedCompactQuadrature (16s)
✔ [10219/10584] Built OAI.MathematicalPhysics.ContinuumCoulomb.Quantum.QuantumDegreeReduction (15s)
✔ [10220/10584] Built OAI.MathematicalPhysics.ContinuumCoulomb.ManyBody.FiniteTensorDiagonal (26s)
✔ [10221/10584] Built OAI.MathematicalPhysics.ContinuumCoulomb.Quantum.QuantumRawCompiler (15s)
✔ [10222/10584] Built OAI.MathematicalPhysics.ContinuumCoulomb.Quantum.QuantumLatticeSource (15s)
✔ [10223/10584] Built OAI.MathematicalPhysics.ContinuumCoulomb.Quantum.QuantumCrossingSupportRelabel (15s)
✔ [10224/10584] Built OAI.MathematicalPhysics.ContinuumCoulomb.Quantum.QuantumCrossingSelection (15s)
✔ [10225/10584] Built OAI.MathematicalPhysics.ContinuumCoulomb.Quantum.QuantumPathScheduleSize (16s)
✔ [10226/10584] Built OAI.MathematicalPhysics.ContinuumCoulomb.Quantum.QuantumPathPieces (16s)
✔ [10227/10587] Built OAI.MathematicalPhysics.ContinuumCoulomb.Quantum.QuantumPathEmbedding (16s)
✔ [10228/10587] Built OAI.MathematicalPhysics.ContinuumCoulomb.Quantum.QuantumListMerge (16s)
✔ [10229/10587] Built OAI.MathematicalPhysics.ContinuumCoulomb.Quantum.QuantumListPathProgram (16s)
✔ [10230/10587] Built OAI.MathematicalPhysics.ContinuumCoulomb.Quantum.QuantumOrderedWeightProgram (15s)
✔ [10231/10587] Built OAI.MathematicalPhysics.ContinuumCoulomb.Quantum.QuantumPathPolynomialBound (27s)
✔ [10232/10587] Built OAI.MathematicalPhysics.ContinuumCoulomb.ManyBody.FockDensityTensor (9.6s)
✔ [10233/10587] Built OAI.MathematicalPhysics.ContinuumCoulomb.Quantum.QuantumCrossingScaleProgram (19s)
✔ [10234/10587] Built OAI.MathematicalPhysics.ContinuumCoulomb.Quantum.QuantumSweepListProgram (15s)
✔ [10235/10587] Built OAI.MathematicalPhysics.ContinuumCoulomb.Quantum.QuantumOrderedLabelBlocks (15s)
✔ [10236/10587] Built OAI.MathematicalPhysics.ContinuumCoulomb.OneParticle.CompactOrbitalQuadrature (16s)
✔ [10237/10587] Built OAI.MathematicalPhysics.ContinuumCoulomb.Quantum.QuantumRationalDegreeReduction (17s)
✔ [10238/10587] Built OAI.MathematicalPhysics.ContinuumCoulomb.Quantum.QuantumSpatialDegreeReduction (17s)
✔ [10239/10587] Built OAI.MathematicalPhysics.ContinuumCoulomb.Quantum.QuantumOrderedRawBlock (16s)
✔ [10240/10588] Built OAI.MathematicalPhysics.ContinuumCoulomb.Quantum.QuantumRawCoefficientBounds (16s)
✔ [10241/10588] Built OAI.MathematicalPhysics.ContinuumCoulomb.Quantum.QuantumLatticeEncoding (14s)
✔ [10242/10588] Built OAI.MathematicalPhysics.ContinuumCoulomb.Quantum.QuantumEndpointRelabel (15s)
✔ [10243/10588] Built OAI.MathematicalPhysics.ContinuumCoulomb.Quantum.QuantumCrossingSelectFromSites (16s)
✔ [10244/10588] Built OAI.MathematicalPhysics.ContinuumCoulomb.Quantum.QuantumPathPlacement (16s)
✔ [10245/10588] Built OAI.MathematicalPhysics.ContinuumCoulomb.Quantum.QuantumListMergeProgram (15s)
✔ [10246/10588] Built OAI.MathematicalPhysics.ContinuumCoulomb.Quantum.QuantumListMergeMatrix (15s)
✔ [10247/10588] Built OAI.MathematicalPhysics.ContinuumCoulomb.ManyBody.FiniteTensorKineticCompression (34s)
✔ [10248/10588] Built OAI.MathematicalPhysics.ContinuumCoulomb.Quantum.QuantumListMergeProperties (15s)
✔ [10249/10588] Built OAI.MathematicalPhysics.ContinuumCoulomb.ManyBody.FockEnergyError (22s)
✔ [10250/10588] Built OAI.MathematicalPhysics.ContinuumCoulomb.Quantum.QuantumCrossingListBlock (18s)
✔ [10251/10588] Built OAI.MathematicalPhysics.ContinuumCoulomb.Quantum.QuantumListPathMatrix (17s)
✔ [10252/10590] Built OAI.MathematicalPhysics.ContinuumCoulomb.ManyBody.FockChargePolynomial (11s)
✔ [10253/10590] Built OAI.MathematicalPhysics.ContinuumCoulomb.Quantum.QuantumOrderedLabelFamily (16s)
✔ [10254/10590] Built OAI.MathematicalPhysics.ContinuumCoulomb.Quantum.QuantumPathIteratedBound (17s)
✔ [10255/10590] Built OAI.MathematicalPhysics.ContinuumCoulomb.Quantum.QuantumSweepCells (17s)
✔ [10256/10590] Built OAI.MathematicalPhysics.ContinuumCoulomb.Quantum.QuantumPreparedCircuit (16s)
✔ [10257/10590] Built OAI.MathematicalPhysics.ContinuumCoulomb.Quantum.QuantumCrossingCoefficientBound (27s)
✔ [10258/10590] Built OAI.MathematicalPhysics.ContinuumCoulomb.OneParticle.CompactOrbitalNuclearError (17s)
✔ [10259/10590] Built OAI.MathematicalPhysics.ContinuumCoulomb.Quantum.QuantumSpatialPlaced (16s)
✔ [10260/10590] Built OAI.MathematicalPhysics.ContinuumCoulomb.Quantum.QuantumForkListData (17s)
✔ [10261/10590] Built OAI.MathematicalPhysics.ContinuumCoulomb.Quantum.QuantumRawOutputBounds (18s)
✔ [10262/10590] Built OAI.MathematicalPhysics.ContinuumCoulomb.ManyBody.PairSpinOrbitals (20s)
✔ [10263/10590] Built OAI.MathematicalPhysics.ContinuumCoulomb.Quantum.QuantumCrossingSelectionUnique (16s)
✔ [10264/10593] Built OAI.MathematicalPhysics.ContinuumCoulomb.Quantum.QuantumRoutedSubdivision (16s)
✔ [10265/10593] Built OAI.MathematicalPhysics.ContinuumCoulomb.Quantum.QuantumMergedSupport (17s)
✔ [10266/10593] Built OAI.MathematicalPhysics.ContinuumCoulomb.ManyBody.FockSiteOneBody (9.5s)
✔ [10267/10593] Built OAI.MathematicalPhysics.ContinuumCoulomb.Quantum.QuantumCrossingListFamily (17s)
✔ [10268/10593] Built OAI.MathematicalPhysics.ContinuumCoulomb.ManyBody.HubbardEnergyLower (19s)
✔ [10269/10593] Built OAI.MathematicalPhysics.ContinuumCoulomb.Quantum.QuantumListPathStep (17s)
✔ [10270/10593] Built OAI.MathematicalPhysics.ContinuumCoulomb.Quantum.QuantumOrderedLabelPipeline (16s)
✔ [10271/10593] Built OAI.MathematicalPhysics.ContinuumCoulomb.OneParticle.LocalizedLinearCoulomb (16s)
✔ [10272/10593] Built OAI.MathematicalPhysics.ContinuumCoulomb.ManyBody.FiniteTensorFormCompression (31s)
✔ [10273/10593] Built OAI.MathematicalPhysics.ContinuumCoulomb.Quantum.QuantumPaddedLabelProgram (17s)
✔ [10274/10593] Built OAI.MathematicalPhysics.ContinuumCoulomb.Quantum.QuantumSweepCellProgram (16s)
✔ [10275/10593] Built OAI.MathematicalPhysics.ContinuumCoulomb.Quantum.QuantumOrderedLabelTable (17s)
✔ [10276/10593] Built OAI.MathematicalPhysics.ContinuumCoulomb.Quantum.QuantumPreparedVerifier (17s)
✔ [10277/10595] Built OAI.MathematicalPhysics.ContinuumCoulomb.Quantum.QuantumCoefficientPrograms (17s)
✔ [10278/10595] Built OAI.MathematicalPhysics.ContinuumCoulomb.Quantum.QuantumGraphCoefficientBound (17s)
✔ [10279/10595] Built OAI.MathematicalPhysics.ContinuumCoulomb.OneParticle.ManufacturedOrbitalNuclearError (17s)
✔ [10280/10595] Built OAI.MathematicalPhysics.ContinuumCoulomb.Quantum.QuantumRationalSpatialPackage (16s)
✔ [10281/10595] Built OAI.MathematicalPhysics.ContinuumCoulomb.Quantum.QuantumForkListProgram (16s)
✔ [10282/10595] Built OAI.MathematicalPhysics.ContinuumCoulomb.Quantum.QuantumForkListMatrix (16s)
✔ [10283/10596] Built OAI.MathematicalPhysics.ContinuumCoulomb.Quantum.QuantumForkListPartition (17s)
✔ [10284/10596] Built OAI.MathematicalPhysics.ContinuumCoulomb.Quantum.QuantumCrossingSelectionRelabel (17s)
✔ [10285/10596] Built OAI.MathematicalPhysics.ContinuumCoulomb.Quantum.QuantumRawEnvelope (18s)
✔ [10286/10596] Built OAI.MathematicalPhysics.ContinuumCoulomb.Quantum.QuantumPortRouteData (16s)
✔ [10287/10596] Built OAI.MathematicalPhysics.ContinuumCoulomb.Quantum.QuantumEvenRouteData (16s)
✔ [10288/10596] Built OAI.MathematicalPhysics.ContinuumCoulomb.ManyBody.GramPenalty (10s)
✔ [10289/10596] Built OAI.MathematicalPhysics.ContinuumCoulomb.Quantum.QuantumPathRelabeling (16s)
✔ [10290/10596] Built OAI.MathematicalPhysics.ContinuumCoulomb.Quantum.QuantumPathCoverage (17s)
✔ [10291/10596] Built OAI.MathematicalPhysics.ContinuumCoulomb.ManyBody.FockHubbardForm (18s)
✔ [10292/10596] Built OAI.MathematicalPhysics.ContinuumCoulomb.Quantum.QuantumCrossingListLayer (17s)
✔ [10293/10596] Built OAI.MathematicalPhysics.ContinuumCoulomb.Quantum.QuantumPacketGeometry (17s)
✔ [10294/10596] Built OAI.MathematicalPhysics.ContinuumCoulomb.Quantum.QuantumListPathAccuracy (18s)
✔ [10295/10596] Built OAI.MathematicalPhysics.ContinuumCoulomb.OneParticle.LocalizedCoulombMatrix (17s)
✔ [10296/10596] Built OAI.MathematicalPhysics.ContinuumCoulomb.Quantum.QuantumOrderedSourceIndex (17s)
✔ [10297/10596] Built OAI.MathematicalPhysics.ContinuumCoulomb.Quantum.QuantumPaddedLabelMeaning (17s)
✔ [10298/10596] Built OAI.MathematicalPhysics.ContinuumCoulomb.Quantum.QuantumOrderedLabelCorrectness (17s)
✔ [10299/10596] Built OAI.MathematicalPhysics.ContinuumCoulomb.ManyBody.FockGraphEntries (17s)
✔ [10300/10596] Built OAI.MathematicalPhysics.ContinuumCoulomb.OneParticle.CorrectedNuclearError (18s)
✔ [10301/10596] Built OAI.MathematicalPhysics.ContinuumCoulomb.Quantum.QuantumForkListScale (19s)
✔ [10302/10596] Built OAI.MathematicalPhysics.ContinuumCoulomb.Quantum.QuantumForkListActive (17s)
✔ [10303/10596] Built OAI.MathematicalPhysics.ContinuumCoulomb.Quantum.QuantumForkListGraph (18s)
✔ [10304/10599] Built OAI.MathematicalPhysics.ContinuumCoulomb.Quantum.QuantumForkListIndex (17s)
✔ [10305/10599] Built OAI.MathematicalPhysics.ContinuumCoulomb.Quantum.QuantumCellPassages (17s)
✔ [10306/10599] Built OAI.MathematicalPhysics.ContinuumCoulomb.Quantum.QuantumEvenRoutePlacement (18s)
✔ [10307/10599] Built OAI.MathematicalPhysics.ContinuumCoulomb.OneParticle.LocalizedHubbard (18s)
✔ [10308/10599] Built OAI.MathematicalPhysics.ContinuumCoulomb.Quantum.QuantumPathRelabelingProperties (17s)
✔ [10309/10599] Built OAI.MathematicalPhysics.ContinuumCoulomb.Quantum.QuantumPathCoverageReverse (17s)
✔ [10310/10599] Built OAI.MathematicalPhysics.ContinuumCoulomb.Quantum.QuantumCrossingListActual (16s)
✔ [10311/10599] Built OAI.MathematicalPhysics.ContinuumCoulomb.Quantum.QuantumCrossingSelectProgram (15s)
✔ [10312/10599] Built OAI.MathematicalPhysics.ContinuumCoulomb.Quantum.QuantumDescriptorSites (16s)
✔ [10313/10599] Built OAI.MathematicalPhysics.ContinuumCoulomb.Quantum.QuantumListPathInput (17s)
✔ [10314/10599] Built OAI.MathematicalPhysics.ContinuumCoulomb.Quantum.QuantumBufferedPortChain (43s)
✔ [10315/10599] Built OAI.MathematicalPhysics.ContinuumCoulomb.Quantum.QuantumOrderedLabelOutput (16s)
✔ [10316/10599] Built OAI.MathematicalPhysics.ContinuumCoulomb.Quantum.QuantumPaddedLabelTable (17s)
✔ [10317/10599] Built OAI.MathematicalPhysics.ContinuumCoulomb.ManyBody.FiniteOneBodyCorrection (17s)
✔ [10318/10599] Built OAI.MathematicalPhysics.ContinuumCoulomb.Quantum.QuantumForkListPoints (15s)
✔ [10319/10599] Built OAI.MathematicalPhysics.ContinuumCoulomb.Quantum.QuantumForkListBackground (17s)
✔ [10320/10599] Built OAI.MathematicalPhysics.ContinuumCoulomb.ManyBody.OccupationFock (18s)
✔ [10321/10599] Built OAI.MathematicalPhysics.ContinuumCoulomb.Quantum.QuantumForkListOrdinal (17s)
✔ [10322/10599] Built OAI.MathematicalPhysics.ContinuumCoulomb.Quantum.QuantumCellMatching (18s)
✔ [10323/10599] Built OAI.MathematicalPhysics.ContinuumCoulomb.Quantum.QuantumEvenRouteRealization (18s)
✔ [10324/10599] Built OAI.MathematicalPhysics.ContinuumCoulomb.OneParticle.LocalizedHubbardTensor (15s)
✔ [10325/10599] Built OAI.MathematicalPhysics.ContinuumCoulomb.Quantum.QuantumForkListEnvelope (27s)
✔ [10326/10599] Built OAI.MathematicalPhysics.ContinuumCoulomb.Quantum.QuantumPathRelabelingNext (15s)
✔ [10327/10599] Built OAI.MathematicalPhysics.ContinuumCoulomb.Quantum.QuantumPortSpinCoverage (16s)
✔ [10328/10599] Built OAI.MathematicalPhysics.ContinuumCoulomb.ManyBody.FiniteTensorFormError (83s)
✔ [10329/10599] Built OAI.MathematicalPhysics.ContinuumCoulomb.Quantum.QuantumCrossingSelectCorrectness (16s)
✔ [10330/10599] Built OAI.MathematicalPhysics.ContinuumCoulomb.Quantum.QuantumCrossingListMatrix (18s)
✔ [10331/10599] Built OAI.MathematicalPhysics.ContinuumCoulomb.Quantum.QuantumHistoryDiagonal (18s)
✔ [10332/10599] Built OAI.MathematicalPhysics.ContinuumCoulomb.Quantum.QuantumListScheduleProgram (16s)
✔ [10333/10599] Built OAI.MathematicalPhysics.ContinuumCoulomb.Quantum.QuantumBufferedSourceCells (23s)
✔ [10334/10599] Built OAI.MathematicalPhysics.ContinuumCoulomb.Quantum.QuantumHistoryIncidence (17s)
✔ [10335/10599] Built OAI.MathematicalPhysics.ContinuumCoulomb.Quantum.QuantumWalkErasure (20s)
✔ [10336/10599] Built OAI.MathematicalPhysics.ContinuumCoulomb.Quantum.QuantumOrderedLabelPacking (18s)
✔ [10337/10599] Built OAI.MathematicalPhysics.ContinuumCoulomb.Quantum.QuantumForkListNext (17s)
✔ [10338/10599] Built OAI.MathematicalPhysics.ContinuumCoulomb.OneParticle.LocalizedOneBodyMatrix (19s)
✔ [10339/10599] Built OAI.MathematicalPhysics.ContinuumCoulomb.ManyBody.OccupationSector (20s)
✔ [10340/10599] Built OAI.MathematicalPhysics.ContinuumCoulomb.Quantum.QuantumForkListSum (16s)
✔ [10341/10599] Built OAI.MathematicalPhysics.ContinuumCoulomb.Quantum.QuantumBufferedPortRealization (37s)
✔ [10342/10599] Built OAI.MathematicalPhysics.ContinuumCoulomb.Quantum.QuantumForkListSites (17s)
✔ [10343/10599] Built OAI.MathematicalPhysics.ContinuumCoulomb.Quantum.QuantumCellCrossings (17s)
✔ [10344/10599] Built OAI.MathematicalPhysics.ContinuumCoulomb.Quantum.QuantumPlanarRouteData (17s)
✔ [10345/10599] Built OAI.MathematicalPhysics.ContinuumCoulomb.Quantum.QuantumPathRelabelingIteration (17s)
✔ [10346/10599] Built OAI.MathematicalPhysics.ContinuumCoulomb.Quantum.QuantumCrossingRetention (17s)
✔ [10347/10599] Built OAI.MathematicalPhysics.ContinuumCoulomb.Quantum.QuantumCrossingListSupport (17s)
✔ [10348/10599] Built OAI.MathematicalPhysics.ContinuumCoulomb.Quantum.QuantumHistoryDelta (16s)
✔ [10349/10601] Built OAI.MathematicalPhysics.ContinuumCoulomb.Quantum.QuantumListSchedule (17s)
✔ [10350/10601] Built OAI.MathematicalPhysics.ContinuumCoulomb.Quantum.QuantumRebitDiagonal (18s)
✔ [10351/10601] Built OAI.MathematicalPhysics.ContinuumCoulomb.Quantum.QuantumListRouteProgram (17s)
✔ [10352/10601] Built OAI.MathematicalPhysics.ContinuumCoulomb.Quantum.QuantumSupportDedup (17s)
✔ [10353/10601] Built OAI.MathematicalPhysics.ContinuumCoulomb.Quantum.QuantumPairDedup (17s)
✔ [10354/10601] Built OAI.MathematicalPhysics.ContinuumCoulomb.Quantum.QuantumWalkSeek (17s)
✔ [10355/10601] Built OAI.MathematicalPhysics.ContinuumCoulomb.Quantum.QuantumWalkSupport (17s)
✔ [10356/10601] Built OAI.MathematicalPhysics.ContinuumCoulomb.Quantum.QuantumOrderedLabelCompile (16s)
✔ [10357/10603] Built OAI.MathematicalPhysics.ContinuumCoulomb.ManyBody.TensorOccupationSector (16s)
✔ [10358/10603] Built OAI.MathematicalPhysics.ContinuumCoulomb.OneParticle.LocalizedHubbardEntries (17s)
✔ [10359/10603] Built OAI.MathematicalPhysics.ContinuumCoulomb.Quantum.QuantumForkListCalibration (17s)
✔ [10360/10603] Built OAI.MathematicalPhysics.ContinuumCoulomb.Quantum.QuantumPortGraphPairs (17s)
✔ [10361/10603] Built OAI.MathematicalPhysics.ContinuumCoulomb.Quantum.QuantumCrossingSites (17s)
✔ [10362/10603] Built OAI.MathematicalPhysics.ContinuumCoulomb.Quantum.QuantumPlanarDegree (17s)
✔ [10363/10603] Built OAI.MathematicalPhysics.ContinuumCoulomb.Quantum.QuantumPlanarListData (17s)
✔ [10364/10603] Built OAI.MathematicalPhysics.ContinuumCoulomb.Quantum.QuantumPlanarRouteRealization (16s)
✔ [10365/10603] Built OAI.MathematicalPhysics.ContinuumCoulomb.Quantum.QuantumCrossingCompiled (16s)
✔ [10366/10603] Built OAI.MathematicalPhysics.ContinuumCoulomb.Quantum.QuantumPropagationSupport (16s)
✔ [10367/10603] Built OAI.MathematicalPhysics.ContinuumCoulomb.Quantum.QuantumListScheduleGraph (17s)
✔ [10368/10603] Built OAI.MathematicalPhysics.ContinuumCoulomb.Quantum.QuantumReferenceEdgeTable (18s)
✔ [10369/10603] Built OAI.MathematicalPhysics.ContinuumCoulomb.Quantum.QuantumListRoutePieces (17s)
✔ [10370/10603] Built OAI.MathematicalPhysics.ContinuumCoulomb.Quantum.QuantumDescriptorSiteProgram (17s)
✔ [10371/10603] Built OAI.MathematicalPhysics.ContinuumCoulomb.ManyBody.ElectronSlotBound (18s)
✔ [10372/10603] Built OAI.MathematicalPhysics.ContinuumCoulomb.Quantum.QuantumWalkErasureProgram (17s)
✔ [10373/10603] Built OAI.MathematicalPhysics.ContinuumCoulomb.Quantum.QuantumEndpointListProgram (16s)
✔ [10374/10603] Built OAI.MathematicalPhysics.ContinuumCoulomb.Quantum.QuantumOrderedFinalBounds (15s)
✔ [10375/10603] Built OAI.MathematicalPhysics.ContinuumCoulomb.Quantum.QuantumOrderedLabelEnergy (17s)
✔ [10376/10603] Built OAI.MathematicalPhysics.ContinuumCoulomb.Quantum.QuantumCrossingPairSupport (17s)
✔ [10377/10603] Built OAI.MathematicalPhysics.ContinuumCoulomb.Quantum.QuantumForkListRound (17s)
✔ [10378/10603] Built OAI.MathematicalPhysics.ContinuumCoulomb.Quantum.QuantumPortCrossingSelection (17s)
✔ [10379/10603] Built OAI.MathematicalPhysics.ContinuumCoulomb.Quantum.QuantumDefinedRealization (17s)
✔ [10380/10603] Built OAI.MathematicalPhysics.ContinuumCoulomb.OneParticle.FullTensorComplement (23s)
✔ [10381/10603] Built OAI.MathematicalPhysics.ContinuumCoulomb.Quantum.QuantumRetainedSupport (16s)
✔ [10382/10603] Built OAI.MathematicalPhysics.ContinuumCoulomb.Quantum.QuantumComputedCrossingBounds (17s)
✔ [10383/10603] Built OAI.MathematicalPhysics.ContinuumCoulomb.Quantum.QuantumCrossingPacketEnergy (16s)
✔ [10384/10603] Built OAI.MathematicalPhysics.ContinuumCoulomb.Quantum.QuantumListRouteSelection (17s)
✔ [10385/10603] Built OAI.MathematicalPhysics.ContinuumCoulomb.Quantum.QuantumListScheduleLabels (17s)
✔ [10386/10603] Built OAI.MathematicalPhysics.ContinuumCoulomb.Quantum.QuantumHistoryDiagonalProgram (18s)
✔ [10387/10603] Built OAI.MathematicalPhysics.ContinuumCoulomb.OneParticle.CoreOrbitalCongruence (18s)
✔ [10388/10603] Built OAI.MathematicalPhysics.ContinuumCoulomb.Quantum.QuantumSpacedListProgram (18s)
✔ [10389/10603] Built OAI.MathematicalPhysics.ContinuumCoulomb.Quantum.QuantumOrderedOutputBounds (17s)
✔ [10390/10603] Built OAI.MathematicalPhysics.ContinuumCoulomb.Quantum.QuantumPaddedLabelEnergy (16s)
✔ [10391/10603] Built OAI.MathematicalPhysics.ContinuumCoulomb.Quantum.QuantumCellVisitPaths (15s)
✔ [10392/10603] Built OAI.MathematicalPhysics.ContinuumCoulomb.Quantum.QuantumRetainedCrossing (17s)
✔ [10393/10603] Built OAI.MathematicalPhysics.ContinuumCoulomb.Quantum.QuantumCrossingPlacement (16s)
✔ [10394/10603] Built OAI.MathematicalPhysics.ContinuumCoulomb.Quantum.QuantumPortSelectionProgram (19s)
✔ [10395/10603] Built OAI.MathematicalPhysics.ContinuumCoulomb.Quantum.QuantumForkListRealization (18s)
✔ [10396/10603] Built OAI.MathematicalPhysics.ContinuumCoulomb.Quantum.QuantumComputedCrossingRelabel (18s)
✔ [10397/10603] Built OAI.MathematicalPhysics.ContinuumCoulomb.Quantum.QuantumListScheduleOrder (17s)
✔ [10398/10603] Built OAI.MathematicalPhysics.ContinuumCoulomb.Quantum.QuantumCrossingPacketBounds (18s)
✔ [10399/10603] Built OAI.MathematicalPhysics.ContinuumCoulomb.Quantum.QuantumDiagonalTableProgram (16s)
✔ [10400/10603] Built OAI.MathematicalPhysics.ContinuumCoulomb.Quantum.QuantumHistoryDeltaProgram (16s)
✔ [10401/10603] Built OAI.MathematicalPhysics.ContinuumCoulomb.Quantum.QuantumRawOutputSize (18s)
✔ [10402/10621] Built OAI.MathematicalPhysics.ContinuumCoulomb.Quantum.QuantumPortRaySupport (18s)
✔ [10403/10621] Built OAI.MathematicalPhysics.ContinuumCoulomb.Quantum.QuantumPortCellPositive (18s)
✔ [10404/10621] Built OAI.MathematicalPhysics.ContinuumCoulomb.Quantum.QuantumCrossingPatchChart (18s)
✔ [10405/10623] Built OAI.MathematicalPhysics.ContinuumCoulomb.Quantum.QuantumBufferedListProgram (25s)
✔ [10406/10626] Built OAI.MathematicalPhysics.ContinuumCoulomb.Quantum.QuantumForkListAccuracy (17s)
✔ [10407/10626] Built OAI.MathematicalPhysics.ContinuumCoulomb.ManyBody.TensorComplementGap (28s)
✔ [10408/10628] Built OAI.MathematicalPhysics.ContinuumCoulomb.Quantum.QuantumListScheduleGeometry (16s)
✔ [10409/10628] Built OAI.MathematicalPhysics.ContinuumCoulomb.OneParticle.VerticalCappedScale (10s)
✔ [10410/10628] Built OAI.MathematicalPhysics.ContinuumCoulomb.Quantum.QuantumPropagationTable (18s)
✔ [10411/10628] Built OAI.MathematicalPhysics.ContinuumCoulomb.OneParticle.SplitIntegratedBounds (18s)
✔ [10412/10629] Built OAI.MathematicalPhysics.ContinuumCoulomb.Quantum.QuantumRetainedGeometry (18s)
✔ [10413/10629] Built OAI.MathematicalPhysics.ContinuumCoulomb.Quantum.QuantumForkListNextPorts (17s)
✔ [10414/10629] Built OAI.MathematicalPhysics.ContinuumCoulomb.ManyBody.HubbardVariationalWitness (16s)
✔ [10415/10633] Built OAI.MathematicalPhysics.ContinuumCoulomb.Quantum.QuantumRouteEnumeration (24s)
✔ [10416/10635] Built OAI.MathematicalPhysics.ContinuumCoulomb.Quantum.QuantumListScheduleScale (19s)
✔ [10417/10635] Built OAI.MathematicalPhysics.ContinuumCoulomb.ManyBody.TensorVariationalLower (30s)
✔ [10418/10635] Built OAI.MathematicalPhysics.ContinuumCoulomb.Quantum.QuantumListScheduleRealization (16s)
✔ [10419/10635] Built OAI.MathematicalPhysics.ContinuumCoulomb.Quantum.QuantumPropagationOrder (21s)
✔ [10420/10635] Built OAI.MathematicalPhysics.ContinuumCoulomb.Reduction.PhysicalOneElectronLower (19s)
✔ [10421/10635] Built OAI.MathematicalPhysics.ContinuumCoulomb.OneParticle.ShiftedPhysicalForm (18s)
✔ [10422/10638] Built OAI.MathematicalPhysics.ContinuumCoulomb.ManyBody.TensorTrial (26s)
✔ [10423/10638] Built OAI.MathematicalPhysics.ContinuumCoulomb.Quantum.QuantumRetainedRoutes (18s)
✔ [10424/10638] Built OAI.MathematicalPhysics.ContinuumCoulomb.Quantum.QuantumForkListNextValid (17s)
✔ [10425/10639] Built OAI.MathematicalPhysics.ContinuumCoulomb.Quantum.QuantumCellPathProgram (16s)
✔ [10426/10639] Built OAI.MathematicalPhysics.ContinuumCoulomb.Reduction.FormStability (20s)
✔ [10427/10639] Built OAI.MathematicalPhysics.ContinuumCoulomb.Quantum.QuantumListRouteRepresentation (17s)
✔ [10428/10639] Built OAI.MathematicalPhysics.ContinuumCoulomb.Quantum.QuantumListScheduleRelabel (17s)
✔ [10429/10639] Built OAI.MathematicalPhysics.ContinuumCoulomb.OneParticle.ManufacturedOneElectronGap (17s)
✔ [10430/10639] Built OAI.MathematicalPhysics.ContinuumCoulomb.Quantum.QuantumPropagationSampler (18s)
✔ [10431/10639] Built OAI.MathematicalPhysics.ContinuumCoulomb.OneParticle.GridNuclei (18s)
✔ [10432/10639] Built OAI.MathematicalPhysics.ContinuumCoulomb.Nuclei.NuclearMeshBalance (18s)
✔ [10433/10639] Built OAI.MathematicalPhysics.ContinuumCoulomb.Quantum.QuantumCrossingOutputRoutes (17s)
✔ [10434/10639] Built OAI.MathematicalPhysics.ContinuumCoulomb.Quantum.QuantumCorridorEndpoints (17s)
✔ [10435/10639] Built OAI.MathematicalPhysics.ContinuumCoulomb.Quantum.QuantumForkListNextBackground (16s)
✔ [10436/10639] Built OAI.MathematicalPhysics.ContinuumCoulomb.Quantum.QuantumInternalRouteSeparation (23s)
✔ [10437/10639] Built OAI.MathematicalPhysics.ContinuumCoulomb.Quantum.QuantumRoutingTable (17s)
✔ [10438/10639] Built OAI.MathematicalPhysics.ContinuumCoulomb.Quantum.QuantumCellCatalogProgram (17s)
✔ [10439/10639] Built OAI.MathematicalPhysics.ContinuumCoulomb.OneParticle.LocalizedMatrixDecayBound (18s)
✔ [10440/10639] Built OAI.MathematicalPhysics.ContinuumCoulomb.OneParticle.RayleighGround (17s)
✔ [10441/10639] Built OAI.MathematicalPhysics.ContinuumCoulomb.Quantum.QuantumListRouteNextPosition (17s)
✔ [10442/10639] Built OAI.MathematicalPhysics.ContinuumCoulomb.OneParticle.ManufacturedComplement (17s)
✔ [10443/10647] Built OAI.MathematicalPhysics.ContinuumCoulomb.Quantum.QuantumHistoryTableProgram (17s)
✔ [10444/10648] Built OAI.MathematicalPhysics.ContinuumCoulomb.Nuclei.NuclearQuadratureScale (19s)
✔ [10445/10648] Built OAI.MathematicalPhysics.ContinuumCoulomb.Quantum.QuantumForkListIteration (18s)
✔ [10446/10648] Built OAI.MathematicalPhysics.ContinuumCoulomb.Quantum.QuantumMergedOutputRoutes (18s)
✔ [10447/10650] Built OAI.MathematicalPhysics.ContinuumCoulomb.Quantum.QuantumTranslatedInternalSeparation (18s)
✔ [10448/10650] Built OAI.MathematicalPhysics.ContinuumCoulomb.Quantum.QuantumRoutingTableCorrectness (17s)
✔ [10449/10650] Built OAI.MathematicalPhysics.ContinuumCoulomb.Quantum.QuantumTaggedRouteProgram (17s)
✔ [10450/10650] Built OAI.MathematicalPhysics.ContinuumCoulomb.Quantum.QuantumListRouteNextPoint (16s)
✔ [10451/10650] Built OAI.MathematicalPhysics.ContinuumCoulomb.Reduction.PhysicalGroundComparison (17s)
✔ [10452/10650] Built OAI.MathematicalPhysics.ContinuumCoulomb.OneParticle.ManufacturedGapScale (19s)
✔ [10453/10650] Built OAI.MathematicalPhysics.ContinuumCoulomb.Quantum.QuantumHistoryTableCorrectness (18s)
✔ [10454/10654] Built OAI.MathematicalPhysics.ContinuumCoulomb.Nuclei.SlabResidualScale (20s)
✔ [10455/10654] Built OAI.MathematicalPhysics.ContinuumCoulomb.Quantum.QuantumForkListInitial (18s)
✔ [10456/10654] Built OAI.MathematicalPhysics.ContinuumCoulomb.Quantum.QuantumCrossingSize (18s)
✔ [10457/10654] Built OAI.MathematicalPhysics.ContinuumCoulomb.OneParticle.ManufacturedGridWitness (21s)
✔ [10458/10654] Built OAI.MathematicalPhysics.ContinuumCoulomb.Quantum.QuantumMergedEndpointPairs (16s)
✔ [10459/10654] Built OAI.MathematicalPhysics.ContinuumCoulomb.OneParticle.ScalarScaleBudgets (16s)
✔ [10460/10654] Built OAI.MathematicalPhysics.ContinuumCoulomb.Quantum.QuantumCorridorInterior (16s)
✔ [10461/10656] Built OAI.MathematicalPhysics.ContinuumCoulomb.Quantum.QuantumInternalHalfSeparation (17s)
✔ [10462/10656] Built OAI.MathematicalPhysics.ContinuumCoulomb.Quantum.QuantumRoutingCrossingTest (18s)
✔ [10463/10660] Built OAI.MathematicalPhysics.ContinuumCoulomb.Quantum.QuantumListRouteNextWork (18s)
✔ [10464/10660] Built OAI.MathematicalPhysics.ContinuumCoulomb.Quantum.QuantumListScheduleWeights (19s)
✔ [10465/10660] Built OAI.MathematicalPhysics.ContinuumCoulomb.OneParticle.ManufacturedUniformGap (20s)
✔ [10466/10660] Built OAI.MathematicalPhysics.ContinuumCoulomb.Quantum.QuantumHistorySamplerProgram (18s)
✔ [10467/10663] Built OAI.MathematicalPhysics.ContinuumCoulomb.Nuclei.SlabHighAspectRatio (18s)
✔ [10468/10663] Built OAI.MathematicalPhysics.ContinuumCoulomb.Quantum.QuantumForkListInitialBounds (16s)
✔ [10469/10663] Built OAI.MathematicalPhysics.ContinuumCoulomb.Quantum.QuantumCorridorSeparation (15s)
✔ [10470/10663] Built OAI.MathematicalPhysics.ContinuumCoulomb.Quantum.QuantumComputedRoutingTable (18s)
✔ [10471/10663] Built OAI.MathematicalPhysics.ContinuumCoulomb.Quantum.QuantumListRoutePathOrder (18s)
✔ [10472/10663] Built OAI.MathematicalPhysics.ContinuumCoulomb.ManyBody.ComplementScaleBudget (21s)
✔ [10473/10663] Built OAI.MathematicalPhysics.ContinuumCoulomb.ManyBody.ComplementSmallness (19s)
✔ [10474/10663] Built OAI.MathematicalPhysics.ContinuumCoulomb.Quantum.QuantumListScheduleBounds (17s)
✔ [10475/10663] Built OAI.MathematicalPhysics.ContinuumCoulomb.OneParticle.ManufacturedGrowingGap (19s)
✔ [10476/10667] Built OAI.MathematicalPhysics.ContinuumCoulomb.Quantum.QuantumHistoryPrecisionProgram (16s)
✔ [10477/10667] Built OAI.MathematicalPhysics.ContinuumCoulomb.ManyBody.HubbardBottomBounds (17s)
✔ [10478/10667] Built OAI.MathematicalPhysics.ContinuumCoulomb.OneParticle.ManufacturedResidualScale (18s)
✔ [10479/10667] Built OAI.MathematicalPhysics.ContinuumCoulomb.Quantum.QuantumForkListInitialSum (16s)
✔ [10480/10667] Built OAI.MathematicalPhysics.ContinuumCoulomb.Reduction.UniformQuadrature (10s)
✔ [10481/10673] Built OAI.MathematicalPhysics.ContinuumCoulomb.Quantum.QuantumPathVisitProgram (18s)
✔ [10482/10673] Built OAI.MathematicalPhysics.ContinuumCoulomb.Quantum.QuantumPermittedRouteSeparation (18s)
✔ [10483/10673] Built OAI.MathematicalPhysics.ContinuumCoulomb.Quantum.QuantumListRoutePreservation (18s)
✔ [10484/10673] Built OAI.MathematicalPhysics.ContinuumCoulomb.OneParticle.CorrectedRemainderGap (17s)
✔ [10485/10673] Built OAI.MathematicalPhysics.ContinuumCoulomb.OneParticle.ManufacturedComplementBudget (21s)
✔ [10486/10673] Built OAI.MathematicalPhysics.ContinuumCoulomb.Reduction.UniformSamples (10s)
✔ [10487/10673] Built OAI.MathematicalPhysics.ContinuumCoulomb.OneParticle.RationalExponential (11s)
✔ [10488/10673] Built OAI.MathematicalPhysics.ContinuumCoulomb.Quantum.QuantumForkListInitialPairs (18s)
✔ [10489/10675] Built OAI.MathematicalPhysics.ContinuumCoulomb.Nuclei.SlabBoxResidual (20s)
✔ [10490/10675] Built OAI.MathematicalPhysics.ContinuumCoulomb.Quantum.QuantumOrdinalProgram (17s)
✔ [10491/10675] Built OAI.MathematicalPhysics.ContinuumCoulomb.Quantum.QuantumPortChainProgram (18s)
✔ [10492/10675] Built OAI.MathematicalPhysics.ContinuumCoulomb.Quantum.QuantumPathVisitCorrectness (17s)
✔ [10493/10675] Built OAI.MathematicalPhysics.ContinuumCoulomb.Quantum.QuantumPermittedEndpointAvoidance (17s)
✔ [10494/10675] Built OAI.MathematicalPhysics.ContinuumCoulomb.Quantum.QuantumCellRouteSupport (17s)
✔ [10495/10675] Built OAI.MathematicalPhysics.ContinuumCoulomb.Programs.PlanarForcingProgram (22s)
✔ [10496/10675] Built OAI.MathematicalPhysics.ContinuumCoulomb.OneParticle.OneElectronProjectedLower (18s)
✔ [10497/10675] Built OAI.MathematicalPhysics.ContinuumCoulomb.ManyBody.ComplementParameterBounds (18s)
✔ [10498/10675] Built OAI.MathematicalPhysics.ContinuumCoulomb.Programs.RationalQuadratureProgram (17s)
✔ [10499/10675] Built OAI.MathematicalPhysics.ContinuumCoulomb.Reduction.UniformSamplesOn (10s)
✔ [10500/10675] Built OAI.MathematicalPhysics.ContinuumCoulomb.OneParticle.RationalTaylorRegisters (19s)
✔ [10501/10675] Built OAI.MathematicalPhysics.ContinuumCoulomb.Quantum.QuantumForkListInitialMatrix (18s)
✔ [10502/10677] Built OAI.MathematicalPhysics.ContinuumCoulomb.Quantum.QuantumPortRankProgram (17s)
✔ [10503/10677] Built OAI.MathematicalPhysics.ContinuumCoulomb.Nuclei.SlabPolynomialResidual (19s)
✔ [10504/10677] Built OAI.MathematicalPhysics.ContinuumCoulomb.Quantum.QuantumSpatialSlotProgram (18s)
✔ [10505/10677] Built OAI.MathematicalPhysics.ContinuumCoulomb.Quantum.QuantumCrossingPositionProgram (19s)
✔ [10506/10677] Built OAI.MathematicalPhysics.ContinuumCoulomb.Quantum.QuantumPathTable (18s)
✔ [10507/10677] Built OAI.MathematicalPhysics.ContinuumCoulomb.Quantum.QuantumCrossingSiteProgram (19s)
✔ [10508/10677] Built OAI.MathematicalPhysics.ContinuumCoulomb.Quantum.QuantumPhysicalEndpointCover (18s)
✔ [10509/10683] Built OAI.MathematicalPhysics.ContinuumCoulomb.Quantum.QuantumRouteCandidates (17s)
✔ [10510/10683] Built OAI.MathematicalPhysics.ContinuumCoulomb.OneParticle.RectangleQuadrature (9.8s)
✔ [10511/10683] Built OAI.MathematicalPhysics.ContinuumCoulomb.OneParticle.CorrectedDiagonalBound (17s)
✔ [10512/10683] Built OAI.MathematicalPhysics.ContinuumCoulomb.Programs.PiProgram (17s)
✔ [10513/10683] Built OAI.MathematicalPhysics.ContinuumCoulomb.Programs.RationalExponentialProgram (17s)
✔ [10514/10683] Built OAI.MathematicalPhysics.ContinuumCoulomb.Quantum.QuantumPortRankActual (17s)
✔ [10515/10683] Built OAI.MathematicalPhysics.ContinuumCoulomb.Quantum.QuantumForkListInitialPhysical (18s)
✔ [10516/10683] Built OAI.MathematicalPhysics.ContinuumCoulomb.OneParticle.HeatKernelModulus (18s)
✔ [10517/10683] Built OAI.MathematicalPhysics.ContinuumCoulomb.Programs.PolynomialResidualBudget (18s)
✔ [10518/10690] Built OAI.MathematicalPhysics.ContinuumCoulomb.ManyBody.FiniteBoxScale (22s)
✔ [10519/10690] Built OAI.MathematicalPhysics.ContinuumCoulomb.Quantum.QuantumLaneUnaryProgram (16s)
✔ [10520/10690] Built OAI.MathematicalPhysics.ContinuumCoulomb.Quantum.QuantumCrossingPositionRelabel (16s)
✔ [10521/10690] Built OAI.MathematicalPhysics.ContinuumCoulomb.Quantum.QuantumDistinctCrossings (17s)
✔ [10522/10690] Built OAI.MathematicalPhysics.ContinuumCoulomb.Quantum.QuantumPhysicalCells (16s)
✔ [10523/10690] Built OAI.MathematicalPhysics.ContinuumCoulomb.OneParticle.PlanarForcingModulus (17s)
✔ [10524/10690] Built OAI.MathematicalPhysics.ContinuumCoulomb.Quantum.QuantumFiniteRouteSearch (16s)
✔ [10525/10691] Built OAI.MathematicalPhysics.ContinuumCoulomb.OneParticle.ManufacturedResidualGap (18s)
✔ [10526/10691] Built OAI.MathematicalPhysics.ContinuumCoulomb.Quantum.QuantumForkListInitialRealization (16s)
✔ [10527/10691] Built OAI.MathematicalPhysics.ContinuumCoulomb.Quantum.QuantumCrossingSiteRelabel (26s)
✔ [10528/10691] Built OAI.MathematicalPhysics.ContinuumCoulomb.OneParticle.RationalHeatSample (18s)
✔ [10529/10691] Built OAI.MathematicalPhysics.ContinuumCoulomb.OneParticle.PlanarHeatBoxCoordinates (16s)
✔ [10530/10691] Built OAI.MathematicalPhysics.ContinuumCoulomb.OneParticle.ManufacturedResidualMajorant (20s)
✔ [10531/10691] Built OAI.MathematicalPhysics.ContinuumCoulomb.OneParticle.OneBodyScaleBudget (18s)
✔ [10532/10691] Built OAI.MathematicalPhysics.ContinuumCoulomb.OneParticle.PlanarHeatTruncation (16s)
✔ [10533/10691] Built OAI.MathematicalPhysics.ContinuumCoulomb.Quantum.QuantumRoutingInputProgram (17s)
✔ [10534/10691] Built OAI.MathematicalPhysics.ContinuumCoulomb.Quantum.QuantumCrossingPlanarRoutes (17s)
✔ [10535/10691] Built OAI.MathematicalPhysics.ContinuumCoulomb.OneParticle.HeatDensityModulus (17s)
✔ [10536/10691] Built OAI.MathematicalPhysics.ContinuumCoulomb.Quantum.QuantumParallelRouteSearch (17s)
✔ [10537/10691] Built OAI.MathematicalPhysics.ContinuumCoulomb.OneParticle.ManufacturedScaleThreshold (15s)
✔ [10538/10691] Built OAI.MathematicalPhysics.ContinuumCoulomb.OneParticle.ManufacturedPreciseResidual (16s)
✔ [10539/10691] Built OAI.MathematicalPhysics.ContinuumCoulomb.Quantum.QuantumScheduleCrossingGeometry (16s)
✔ [10540/10691] Built OAI.MathematicalPhysics.ContinuumCoulomb.Quantum.QuantumForkListInitialCalibration (16s)
✔ [10541/10691] Built OAI.MathematicalPhysics.ContinuumCoulomb.OneParticle.RationalHeatBox (16s)
✔ [10542/10691] Built OAI.MathematicalPhysics.ContinuumCoulomb.Quantum.QuantumGridMidpoint (16s)
✔ [10543/10691] Built OAI.MathematicalPhysics.ContinuumCoulomb.Quantum.QuantumRoutingInputActual (15s)
✔ [10544/10691] Built OAI.MathematicalPhysics.ContinuumCoulomb.OneParticle.ManufacturedResidualParameters (19s)
✔ [10545/10691] Built OAI.MathematicalPhysics.ContinuumCoulomb.Reduction.ActualOneBodyScale (19s)
✔ [10546/10691] Built OAI.MathematicalPhysics.ContinuumCoulomb.Quantum.QuantumOrderedCellProgram (15s)
✔ [10547/10691] Built OAI.MathematicalPhysics.ContinuumCoulomb.Quantum.QuantumSpecifiedLattice (16s)
✔ [10548/10691] Built OAI.MathematicalPhysics.ContinuumCoulomb.Quantum.QuantumPortPlanarRealization (15s)
✔ [10549/10691] Built OAI.MathematicalPhysics.ContinuumCoulomb.Quantum.QuantumRouteSelectorProgram (16s)
✔ [10550/10691] Built OAI.MathematicalPhysics.ContinuumCoulomb.OneParticle.PlanarHeatBoxBounds (16s)
✔ [10551/10691] Built OAI.MathematicalPhysics.ContinuumCoulomb.Quantum.QuantumForkListInitialAccuracy (16s)
✔ [10552/10691] Built OAI.MathematicalPhysics.ContinuumCoulomb.Quantum.QuantumForkListInitialProgram (16s)
✔ [10553/10691] Built OAI.MathematicalPhysics.ContinuumCoulomb.OneParticle.ManufacturedTensorGap (17s)
✔ [10554/10691] Built OAI.MathematicalPhysics.ContinuumCoulomb.Quantum.QuantumForkListDegree (16s)
✔ [10555/10691] Built OAI.MathematicalPhysics.ContinuumCoulomb.Reduction.ActualResidualParameters (15s)
✔ [10556/10691] Built OAI.MathematicalPhysics.ContinuumCoulomb.OneParticle.ResolventSchedule (16s)
✔ [10557/10691] Built OAI.MathematicalPhysics.ContinuumCoulomb.Quantum.QuantumPortChainActual (18s)
✔ [10558/10691] Built OAI.MathematicalPhysics.ContinuumCoulomb.Quantum.QuantumOrderedCellTable (17s)
✔ [10559/10691] Built OAI.MathematicalPhysics.ContinuumCoulomb.Quantum.QuantumLatticePromise (17s)
✔ [10560/10691] Built OAI.MathematicalPhysics.ContinuumCoulomb.Reduction.ActualOneBodyParameters (21s)
✔ [10561/10691] Built OAI.MathematicalPhysics.ContinuumCoulomb.Quantum.QuantumRouteSelectorCorrectness (15s)
✔ [10562/10691] Built OAI.MathematicalPhysics.ContinuumCoulomb.Quantum.QuantumRoutePermissionCongr (15s)
✔ [10563/10691] Built OAI.MathematicalPhysics.ContinuumCoulomb.Quantum.QuantumLatticeCoefficient (18s)
✔ [10564/10691] Built OAI.MathematicalPhysics.ContinuumCoulomb.Quantum.QuantumSpatialPlanarRealization (26s)
✔ [10565/10691] Built OAI.MathematicalPhysics.ContinuumCoulomb.OneParticle.HeatSampleError (16s)
✔ [10566/10691] Built OAI.MathematicalPhysics.ContinuumCoulomb.OneParticle.PlanarHeatTimeModulus (17s)
✔ [10567/10691] Built OAI.MathematicalPhysics.ContinuumCoulomb.Quantum.QuantumForkListInitialStateProgram (16s)
✔ [10568/10691] Built OAI.MathematicalPhysics.ContinuumCoulomb.Quantum.QuantumHistoryFork (17s)
✔ [10569/10691] Built OAI.MathematicalPhysics.ContinuumCoulomb.Quantum.QuantumForkListInitialDegree (17s)
✔ [10570/10691] Built OAI.MathematicalPhysics.ContinuumCoulomb.Quantum.QuantumRawIncidence (17s)
✔ [10571/10691] Built OAI.MathematicalPhysics.ContinuumCoulomb.OneParticle.ManufacturedCoercivity (17s)
✔ [10572/10691] Built OAI.MathematicalPhysics.ContinuumCoulomb.Quantum.QuantumForkListOuter (16s)
✔ [10573/10691] Built OAI.MathematicalPhysics.ContinuumCoulomb.Quantum.QuantumHistoryCells (18s)
✔ [10574/10691] Built OAI.MathematicalPhysics.ContinuumCoulomb.Quantum.QuantumOrderedRawCells (17s)
✔ [10575/10691] Built OAI.MathematicalPhysics.ContinuumCoulomb.Quantum.QuantumListLattice (17s)
✔ [10576/10691] Built OAI.MathematicalPhysics.ContinuumCoulomb.Quantum.QuantumComputedRouteSelector (17s)
✔ [10577/10691] Built OAI.MathematicalPhysics.ContinuumCoulomb.Quantum.QuantumSelectedRoute (17s)
✔ [10578/10694] Built OAI.MathematicalPhysics.ContinuumCoulomb.Quantum.QuantumLatticeSourceBounds (17s)
✔ [10579/10694] Built OAI.MathematicalPhysics.ContinuumCoulomb.OneParticle.ManufacturedGridParameters (23s)
✔ [10580/10694] Built OAI.MathematicalPhysics.ContinuumCoulomb.Quantum.QuantumLatticeEnvelope (16s)
✔ [10581/10694] Built OAI.MathematicalPhysics.ContinuumCoulomb.OneParticle.RationalHeatPlaneError (16s)
✔ [10582/10701] Built OAI.MathematicalPhysics.ContinuumCoulomb.OneParticle.ManufacturedTensorCoercivity (17s)
✔ [10583/10701] Built OAI.MathematicalPhysics.ContinuumCoulomb.Quantum.QuantumListLatticeProgram (18s)
✔ [10584/10701] Built OAI.MathematicalPhysics.ContinuumCoulomb.Quantum.QuantumForkListNextDegree (18s)
✔ [10585/10701] Built OAI.MathematicalPhysics.ContinuumCoulomb.Programs.RationalRectangleProgram (17s)
✔ [10586/10701] Built OAI.MathematicalPhysics.ContinuumCoulomb.Quantum.QuantumPlanarSelectorTransport (19s)
✔ [10587/10701] Built OAI.MathematicalPhysics.ContinuumCoulomb.ManyBody.FiniteCubeQuadrature (9.6s)
✔ [10588/10705] Built OAI.MathematicalPhysics.ContinuumCoulomb.Quantum.QuantumHistoryCellProgram (22s)
✔ [10589/10705] Built OAI.MathematicalPhysics.ContinuumCoulomb.OneParticle.ManufacturedTensorProjection (34s)
✔ [10590/10708] Built OAI.MathematicalPhysics.ContinuumCoulomb.Quantum.QuantumCoefficientEnvelopeProgram (20s)
✔ [10591/10708] Built OAI.MathematicalPhysics.ContinuumCoulomb.Quantum.QuantumPromisePowers (19s)
✔ [10592/10708] Built OAI.MathematicalPhysics.ContinuumCoulomb.OneParticle.RationalResolventError (20s)
✔ [10593/10712] Built OAI.MathematicalPhysics.ContinuumCoulomb.Programs.CappedKernelProgram (22s)
✔ [10594/10713] Built OAI.MathematicalPhysics.ContinuumCoulomb.Quantum.QuantumForkListDegreeIteration (20s)
✔ [10595/10713] Built OAI.MathematicalPhysics.ContinuumCoulomb.Quantum.QuantumListRouteLattice (22s)
✔ [10596/10716] Built OAI.MathematicalPhysics.ContinuumCoulomb.OneParticle.RationalTripleQuadrature (19s)
✔ [10597/10716] Built OAI.MathematicalPhysics.ContinuumCoulomb.Quantum.QuantumSpatialLattice (46s)
✔ [10598/10716] Built OAI.MathematicalPhysics.ContinuumCoulomb.OneParticle.RationalClamp (18s)
✔ [10599/10720] Built OAI.MathematicalPhysics.ContinuumCoulomb.OneParticle.ManufacturedTensorDiagonal (20s)
✔ [10600/10722] Built OAI.MathematicalPhysics.ContinuumCoulomb.OneParticle.LocalizedCoulombNumerics (18s)
✔ [10601/10722] Built OAI.MathematicalPhysics.ContinuumCoulomb.Quantum.QuantumForkListFullDegree (18s)
✔ [10602/10722] Built OAI.MathematicalPhysics.ContinuumCoulomb.OneParticle.CappedCoulombTruncation (20s)
✔ [10603/10722] Built OAI.MathematicalPhysics.ContinuumCoulomb.OneParticle.ResolventNumericalBounds (22s)
✔ [10604/10727] Built OAI.MathematicalPhysics.ContinuumCoulomb.Quantum.QuantumListRouteOutputProgram (15s)
✔ [10605/10728] Built OAI.MathematicalPhysics.ContinuumCoulomb.OneParticle.NumericalSquare (9.5s)
✔ [10606/10728] Built OAI.MathematicalPhysics.ContinuumCoulomb.Nuclei.SlabOriginQuadrature (18s)
✔ [10607/10728] Built OAI.MathematicalPhysics.ContinuumCoulomb.OneParticle.ManufacturedNuclearTensorLower (17s)
✔ [10608/10728] Built OAI.MathematicalPhysics.ContinuumCoulomb.OneParticle.PlanarResolventModulus (18s)
✔ [10609/10728] Built OAI.MathematicalPhysics.ContinuumCoulomb.Quantum.QuantumForkListFinalDegree (18s)
✔ [10610/10728] Built OAI.MathematicalPhysics.ContinuumCoulomb.OneParticle.RationalSixQuadrature (18s)
✔ [10611/10728] Built OAI.MathematicalPhysics.ContinuumCoulomb.OneParticle.LocalizedCoulombBox (18s)
✔ [10612/10728] Built OAI.MathematicalPhysics.ContinuumCoulomb.Reduction.ComputableResolvent (18s)
✔ [10613/10728] Built OAI.MathematicalPhysics.ContinuumCoulomb.OneParticle.LocalizedHubbardForm (21s)
✔ [10614/10728] Built OAI.MathematicalPhysics.ContinuumCoulomb.OneParticle.CubeMeasure (9.2s)
✔ [10615/10728] Built OAI.MathematicalPhysics.ContinuumCoulomb.OneParticle.GaussianFrequency (16s)
✔ [10616/10728] Built OAI.MathematicalPhysics.ContinuumCoulomb.Quantum.QuantumListRouteOutputBounds (17s)
✔ [10617/10728] Built OAI.MathematicalPhysics.ContinuumCoulomb.Nuclei.SlabOriginValue (18s)
✔ [10618/10728] Built OAI.MathematicalPhysics.ContinuumCoulomb.Quantum.QuantumHistoryDegree (18s)
✔ [10619/10728] Built OAI.MathematicalPhysics.ContinuumCoulomb.Quantum.QuantumForkListSize (18s)
✔ [10620/10728] Built OAI.MathematicalPhysics.ContinuumCoulomb.OneParticle.ManufacturedNuclearComparison (19s)
✔ [10621/10728] Built OAI.MathematicalPhysics.ContinuumCoulomb.Quantum.QuantumForkListCells (17s)
✔ [10622/10728] Built OAI.MathematicalPhysics.ContinuumCoulomb.OneParticle.CoulombTruncationSchedule (17s)
✔ [10623/10728] Built OAI.MathematicalPhysics.ContinuumCoulomb.OneParticle.LocalizedRawDensity (14s)
✔ [10624/10729] Built OAI.MathematicalPhysics.ContinuumCoulomb.OneParticle.ShiftedHubbardBounds (18s)
✔ [10625/10729] Built OAI.MathematicalPhysics.ContinuumCoulomb.Programs.GaussianFrequencyProgram (17s)
✔ [10626/10729] Built OAI.MathematicalPhysics.ContinuumCoulomb.OneParticle.ManufacturedFrequency (18s)
✔ [10627/10729] Built OAI.MathematicalPhysics.ContinuumCoulomb.ManyBody.HubbardFormScale (20s)
✔ [10628/10729] Built OAI.MathematicalPhysics.ContinuumCoulomb.Quantum.QuantumFinalPrecision (19s)
✔ [10629/10729] Built OAI.MathematicalPhysics.ContinuumCoulomb.OneParticle.LocalizedGroundUpper (21s)
✔ [10630/10741] Built OAI.MathematicalPhysics.ContinuumCoulomb.Quantum.QuantumForkListWeights (16s)
✔ [10631/10741] Built OAI.MathematicalPhysics.ContinuumCoulomb.Nuclei.SlabOriginSchedule (22s)
✔ [10632/10741] Built OAI.MathematicalPhysics.ContinuumCoulomb.OneParticle.ManufacturedHubbardComparison (18s)
✔ [10633/10741] Built OAI.MathematicalPhysics.ContinuumCoulomb.Quantum.QuantumForkListCellLocality (17s)
✔ [10634/10745] Built OAI.MathematicalPhysics.ContinuumCoulomb.Quantum.QuantumForkListCellProgram (17s)
✔ [10635/10745] Built OAI.MathematicalPhysics.ContinuumCoulomb.OneParticle.CoulombCubeCoordinates (18s)
✔ [10636/10745] Built OAI.MathematicalPhysics.ContinuumCoulomb.Programs.RawDensityModulus (18s)
✔ [10637/10745] Built OAI.MathematicalPhysics.ContinuumCoulomb.OneParticle.NormalizationQuadrature (17s)
✔ [10638/10745] Built OAI.MathematicalPhysics.ContinuumCoulomb.OneParticle.GaussianPacket (19s)
✔ [10639/10745] Built OAI.MathematicalPhysics.ContinuumCoulomb.ManyBody.HubbardTolerance (15s)
✔ [10640/10745] Built OAI.MathematicalPhysics.ContinuumCoulomb.OneParticle.PlanarNormalizationTail (17s)
✔ [10641/10745] Built OAI.MathematicalPhysics.ContinuumCoulomb.Programs.SlabOriginProgram (16s)
✔ [10642/10745] Built OAI.MathematicalPhysics.ContinuumCoulomb.Quantum.QuantumForkListCellMass (18s)
✔ [10643/10745] Built OAI.MathematicalPhysics.ContinuumCoulomb.Quantum.QuantumForkListInitialCells (17s)
✔ [10644/10749] Built OAI.MathematicalPhysics.ContinuumCoulomb.Quantum.QuantumForkListCellIteration (16s)
✔ [10645/10749] Built OAI.MathematicalPhysics.ContinuumCoulomb.OneParticle.CoulombTargetRange (17s)
✔ [10646/10749] Built OAI.MathematicalPhysics.ContinuumCoulomb.OneParticle.ManufacturedGridGroundComparison (21s)
✔ [10647/10749] Built OAI.MathematicalPhysics.ContinuumCoulomb.Programs.GaussianPacketProgram (14s)
✔ [10648/10751] Built OAI.MathematicalPhysics.ContinuumCoulomb.Quantum.QuantumForkListNextWeights (32s)
✔ [10649/10751] Built OAI.MathematicalPhysics.ContinuumCoulomb.OneParticle.CappedRawModulus (17s)
✔ [10650/10751] Built OAI.MathematicalPhysics.ContinuumCoulomb.Quantum.QuantumForkListInitialCellMass (16s)
✔ [10651/10751] Built OAI.MathematicalPhysics.ContinuumCoulomb.OneParticle.PlanarNormalizationBox (18s)
✔ [10652/10758] Built OAI.MathematicalPhysics.ContinuumCoulomb.Nuclei.SlabBoxSchedule (17s)
✔ [10653/10758] Built OAI.MathematicalPhysics.ContinuumCoulomb.OneParticle.ManufacturedScalarParameters (22s)
✔ [10654/10758] Built OAI.MathematicalPhysics.ContinuumCoulomb.Reduction.PhysicalThreshold (19s)
✔ [10655/10758] Built OAI.MathematicalPhysics.ContinuumCoulomb.OneParticle.HoppingBox (15s)
✔ [10656/10758] Built OAI.MathematicalPhysics.ContinuumCoulomb.Quantum.QuantumForkGridProgram (16s)
✔ [10657/10758] Built OAI.MathematicalPhysics.ContinuumCoulomb.OneParticle.CoulombTargetLipschitz (16s)
✔ [10658/10758] Built OAI.MathematicalPhysics.ContinuumCoulomb.Quantum.QuantumForkListIterateWeights (16s)
✔ [10659/10758] Built OAI.MathematicalPhysics.ContinuumCoulomb.Programs.RawDensitySample (17s)
✔ [10660/10758] Built OAI.MathematicalPhysics.ContinuumCoulomb.OneParticle.CoulombCubeModulus (16s)
✔ [10661/10758] Built OAI.MathematicalPhysics.ContinuumCoulomb.Quantum.QuantumForkListFullCells (16s)
✔ [10662/10758] Built OAI.MathematicalPhysics.ContinuumCoulomb.OneParticle.NormalizationSchedule (18s)
✔ [10663/10758] Built OAI.MathematicalPhysics.ContinuumCoulomb.Programs.SlabBoxProgram (15s)
✔ [10664/10758] Built OAI.MathematicalPhysics.ContinuumCoulomb.Nuclei.MoserVelocityNumerics (17s)
✔ [10665/10758] Built OAI.MathematicalPhysics.ContinuumCoulomb.OneParticle.HoppingQuadrature (16s)
✔ [10666/10758] Built OAI.MathematicalPhysics.ContinuumCoulomb.OneParticle.ManufacturedPolynomialComparison (22s)
✔ [10667/10758] Built OAI.MathematicalPhysics.ContinuumCoulomb.Quantum.QuantumInflatedListProgram (17s)
✔ [10668/10770] Built OAI.MathematicalPhysics.ContinuumCoulomb.Quantum.QuantumForkGridInitial (17s)
✔ [10669/10770] Built OAI.MathematicalPhysics.ContinuumCoulomb.OneParticle.ContactQuotientBounds (21s)
✔ [10670/10772] Built OAI.MathematicalPhysics.ContinuumCoulomb.Programs.RawDensitySampleProgram (15s)
✔ [10671/10772] Built OAI.MathematicalPhysics.ContinuumCoulomb.Quantum.QuantumForkListSpatialPackage (16s)
✔ [10672/10772] Built OAI.MathematicalPhysics.ContinuumCoulomb.Quantum.QuantumForkListInitialWeights (24s)
✔ [10673/10772] Built OAI.MathematicalPhysics.ContinuumCoulomb.OneParticle.NormalizationArithmetic (16s)
✔ [10674/10775] Built OAI.MathematicalPhysics.ContinuumCoulomb.OneParticle.HoppingSchedule (18s)
✔ [10675/10782] Built OAI.MathematicalPhysics.ContinuumCoulomb.OneParticle.CenteredPhysicalThreshold (20s)
✔ [10676/10782] Built OAI.MathematicalPhysics.ContinuumCoulomb.OneParticle.CalibrationSquareError (17s)
✔ [10677/10787] Built OAI.MathematicalPhysics.ContinuumCoulomb.Quantum.QuantumEvenListPieces (18s)
✔ [10678/10793] Built OAI.MathematicalPhysics.ContinuumCoulomb.Quantum.QuantumForkRoutingData (17s)
✔ [10679/10793] Built OAI.MathematicalPhysics.ContinuumCoulomb.Programs.RawCoulombSample (19s)
✔ [10680/10793] Built OAI.MathematicalPhysics.ContinuumCoulomb.Quantum.QuantumRawCellLocality (15s)
✔ [10681/10793] Built OAI.MathematicalPhysics.ContinuumCoulomb.Quantum.QuantumForkListInitialSpatial (16s)
✔ [10682/10797] Built OAI.MathematicalPhysics.ContinuumCoulomb.OneParticle.ContactTemplates (11s)
✔ [10683/10797] Built OAI.MathematicalPhysics.ContinuumCoulomb.Quantum.QuantumForkListOutputBounds (17s)
✔ [10684/10797] Built OAI.MathematicalPhysics.ContinuumCoulomb.Programs.NormalizationProgram (17s)
✔ [10685/10797] Built OAI.MathematicalPhysics.ContinuumCoulomb.Programs.CenteredPhysicalThresholdProgram (18s)
✔ [10686/10801] Built OAI.MathematicalPhysics.ContinuumCoulomb.Programs.RawCoulombSampleProgram (16s)
✔ [10687/10801] Built OAI.MathematicalPhysics.ContinuumCoulomb.Quantum.QuantumRawCellDensity (17s)
✔ [10688/10801] Built OAI.MathematicalPhysics.ContinuumCoulomb.Quantum.QuantumSpatialInputTape (17s)
✔ [10689/10801] Built OAI.MathematicalPhysics.ContinuumCoulomb.OneParticle.ContactStrips (16s)
✔ [10690/10803] Built OAI.MathematicalPhysics.ContinuumCoulomb.Quantum.QuantumForkListBoundProgram (18s)
✔ [10691/10803] Built OAI.MathematicalPhysics.ContinuumCoulomb.Programs.HoppingProgram (17s)
✔ [10692/10808] Built OAI.MathematicalPhysics.ContinuumCoulomb.Quantum.QuantumForkRoutingPaths (32s)
✔ [10693/10808] Built OAI.MathematicalPhysics.ContinuumCoulomb.OneParticle.ContactAdjustment (24s)
✔ [10694/10810] Built OAI.MathematicalPhysics.ContinuumCoulomb.OneParticle.CoulombNormalizationError (20s)
✔ [10695/10810] Built OAI.MathematicalPhysics.ContinuumCoulomb.OneParticle.ContactPathBounds (14s)
✔ [10696/10810] Built OAI.MathematicalPhysics.ContinuumCoulomb.OneParticle.CoulombQuadrature (19s)
✔ [10697/10813] Built OAI.MathematicalPhysics.ContinuumCoulomb.Quantum.QuantumOrderedOutputSpatial (17s)
✔ [10698/10833] Built OAI.MathematicalPhysics.ContinuumCoulomb.Quantum.QuantumSpatialInputBounds (18s)
✔ [10699/10833] Built OAI.MathematicalPhysics.ContinuumCoulomb.Reduction.ComputableHopping (19s)
✔ [10700/10835] Built OAI.MathematicalPhysics.ContinuumCoulomb.Programs.CoulombNormalizationProgram (19s)
✔ [10701/10836] Built OAI.MathematicalPhysics.ContinuumCoulomb.Quantum.QuantumHistorySpatial (16s)
✔ [10702/10836] Built OAI.MathematicalPhysics.ContinuumCoulomb.OneParticle.CoulombQuadratureBudget (19s)
✔ [10703/10838] Built OAI.MathematicalPhysics.ContinuumCoulomb.OneParticle.ContactDisplacement (25s)
✔ [10704/10838] Built OAI.MathematicalPhysics.ContinuumCoulomb.ManyBody.MediatorUnaryPrimitives (15s)
✔ [10705/10838] Built OAI.MathematicalPhysics.ContinuumCoulomb.Quantum.QuantumRoutingFamily (34s)
✔ [10706/10838] Built OAI.MathematicalPhysics.ContinuumCoulomb.Reduction.SourceNormalizationCorrectness (15s)
✔ [10707/10841] Built OAI.MathematicalPhysics.ContinuumCoulomb.Quantum.QuantumHistoryOutputBounds (15s)
✔ [10708/10841] Built OAI.MathematicalPhysics.ContinuumCoulomb.Programs.RawCoulombMassBound (16s)
✔ [10709/10841] Built OAI.MathematicalPhysics.ContinuumCoulomb.OneParticle.ContactGadgets (10s)
✔ [10710/10841] Built OAI.MathematicalPhysics.ContinuumCoulomb.OneParticle.ContactHeightBounds (41s)
✔ [10711/10848] Built OAI.MathematicalPhysics.ContinuumCoulomb.Reduction.SourceNormalizedLattice (17s)
✔ [10712/10848] Built OAI.MathematicalPhysics.ContinuumCoulomb.ManyBody.MediatorUnaryScale (15s)
✔ [10713/10848] Built OAI.MathematicalPhysics.ContinuumCoulomb.Quantum.QuantumSpatialRoutingTape (16s)
✔ [10714/10848] Built OAI.MathematicalPhysics.ContinuumCoulomb.Quantum.QuantumHistoryLattice (24s)
✔ [10715/10848] Built OAI.MathematicalPhysics.ContinuumCoulomb.OneParticle.ContactBaseSeparation (11s)
✔ [10716/10848] Built OAI.MathematicalPhysics.ContinuumCoulomb.Quantum.QuantumHistoryParameterBounds (17s)
✔ [10717/10848] Built OAI.MathematicalPhysics.ContinuumCoulomb.OneParticle.CoulombEvaluationParameters (17s)
✔ [10718/10848] Built OAI.MathematicalPhysics.ContinuumCoulomb.ManyBody.HeisenbergOffsets (18s)
✔ [10719/10848] Built OAI.MathematicalPhysics.ContinuumCoulomb.ManyBody.MediatorUnarySecond (16s)
✔ [10720/10848] Built OAI.MathematicalPhysics.ContinuumCoulomb.OneParticle.CalibrationCoefficientError (17s)
✔ [10721/10848] Built OAI.MathematicalPhysics.ContinuumCoulomb.OneParticle.ContactLattice (9.4s)
✔ [10722/10849] Built OAI.MathematicalPhysics.ContinuumCoulomb.Quantum.QuantumPortScheduleTape (17s)
✔ [10723/10849] Built OAI.MathematicalPhysics.ContinuumCoulomb.OneParticle.ContactGadgetStability (9.0s)
✔ [10724/10849] Built OAI.MathematicalPhysics.ContinuumCoulomb.Quantum.QuantumPreparedLattice (17s)
✔ [10725/10849] Built OAI.MathematicalPhysics.ContinuumCoulomb.OneParticle.ContactGrid (11s)
✔ [10726/10849] Built OAI.MathematicalPhysics.ContinuumCoulomb.Quantum.QuantumHistoryRawCells (42s)
✔ [10727/10849] Built OAI.MathematicalPhysics.ContinuumCoulomb.Quantum.QuantumHistorySizeBounds (18s)
✔ [10728/10849] Built OAI.MathematicalPhysics.ContinuumCoulomb.OneParticle.CoulombRawEvaluation (18s)
✔ [10729/10853] Built OAI.MathematicalPhysics.ContinuumCoulomb.OneParticle.GraphCoefficientStability (19s)
✔ [10730/10853] Built OAI.MathematicalPhysics.ContinuumCoulomb.Quantum.QuantumPortScheduleActual (17s)
✔ [10731/10853] Built OAI.MathematicalPhysics.ContinuumCoulomb.Quantum.QuantumPackedSchedule (16s)
✔ [10732/10853] Built OAI.MathematicalPhysics.ContinuumCoulomb.OneParticle.ContactSourceGrid (9.6s)
✔ [10733/10853] Built OAI.MathematicalPhysics.ContinuumCoulomb.OneParticle.PlanarWellNumerics (19s)
✔ [10734/10853] Built OAI.MathematicalPhysics.ContinuumCoulomb.Quantum.QuantumHistorySpatialProgram (18s)
✔ [10735/10853] Built OAI.MathematicalPhysics.ContinuumCoulomb.OneParticle.RationalSmoothTransition (12s)
✔ [10736/10859] Built OAI.MathematicalPhysics.ContinuumCoulomb.OneParticle.ContactMediator (23s)
✔ [10737/10859] Built OAI.MathematicalPhysics.ContinuumCoulomb.OneParticle.CoulombEvaluationError (20s)
✔ [10738/10859] Built OAI.MathematicalPhysics.ContinuumCoulomb.OneParticle.CalibrationGraphBudget (17s)
✔ [10739/10859] Built OAI.MathematicalPhysics.ContinuumCoulomb.Quantum.QuantumGeometryPowers (25s)
✔ [10740/10859] Built OAI.MathematicalPhysics.ContinuumCoulomb.OneParticle.ContactCanonicalEdge (9.6s)
✔ [10741/10859] Built OAI.MathematicalPhysics.ContinuumCoulomb.Quantum.QuantumListRouteMatching (18s)
✔ [10742/10859] Built OAI.MathematicalPhysics.ContinuumCoulomb.ManyBody.FiniteDifferenceError (13s)
✔ [10743/10859] Built OAI.MathematicalPhysics.ContinuumCoulomb.Programs.SmoothTransitionProgram (25s)
✔ [10744/10859] Built OAI.MathematicalPhysics.ContinuumCoulomb.Quantum.QuantumHistoryRoutingProgram (28s)
✔ [10745/10859] Built OAI.MathematicalPhysics.ContinuumCoulomb.Quantum.QuantumPortSchedulePacking (51s)
✔ [10746/10859] Built OAI.MathematicalPhysics.ContinuumCoulomb.OneParticle.ContactEdgeNumber (52s)
✔ [10747/10861] Built OAI.MathematicalPhysics.ContinuumCoulomb.OneParticle.ContactMediatorGeometry (53s)
✔ [10748/10861] Built OAI.MathematicalPhysics.ContinuumCoulomb.Programs.CoulombEvaluationProgram (113s)
✔ [10749/10868] Built OAI.MathematicalPhysics.ContinuumCoulomb.Quantum.QuantumHistorySourcePowers (113s)
✔ [10750/10868] Built OAI.MathematicalPhysics.ContinuumCoulomb.Nuclei.MoserCoordinateDifferences (134s)
✔ [10751/10868] Built OAI.MathematicalPhysics.ContinuumCoulomb.Programs.VerticalCutoffProgram (161s)
✔ [10752/10868] Built OAI.MathematicalPhysics.ContinuumCoulomb.Quantum.QuantumSpatialPortProgram (150s)
✔ [10753/10868] Built OAI.MathematicalPhysics.ContinuumCoulomb.Quantum.QuantumHistoryPreparedProgram (161s)
✔ [10754/10868] Built OAI.MathematicalPhysics.ContinuumCoulomb.OneParticle.ContactMediatorLinks (149s)
✔ [10755/10870] Built OAI.MathematicalPhysics.ContinuumCoulomb.Nuclei.EulerApproximation (61s)
✔ [10756/10870] Built OAI.MathematicalPhysics.ContinuumCoulomb.OneParticle.CalibratedEvaluationParameters (138s)
✔ [10757/10871] Built OAI.MathematicalPhysics.ContinuumCoulomb.OneParticle.RationalBoxRound (154s)
✔ [10758/10873] Built OAI.MathematicalPhysics.ContinuumCoulomb.Quantum.QuantumHistorySourcePromise (185s)
✔ [10759/10873] Built OAI.MathematicalPhysics.ContinuumCoulomb.OneParticle.CoulombPairEvaluation (211s)
✔ [10760/10873] Built OAI.MathematicalPhysics.ContinuumCoulomb.OneParticle.ContactGlobal (165s)
✔ [10761/10873] Built OAI.MathematicalPhysics.ContinuumCoulomb.OneParticle.RationalFieldDifferences (165s)
✔ [10762/10873] Built OAI.MathematicalPhysics.ContinuumCoulomb.Quantum.QuantumSpatialCrossingProgram (178s)
✔ [10763/10873] Built OAI.MathematicalPhysics.ContinuumCoulomb.Nuclei.RoundedEuler (74s)
✔ [10764/10873] Built OAI.MathematicalPhysics.ContinuumCoulomb.Quantum.QuantumSpatialPortBounds (179s)
✔ [10765/10873] Built OAI.MathematicalPhysics.ContinuumCoulomb.Quantum.QuantumSpatialPortMatching (204s)
✔ [10766/10873] Built OAI.MathematicalPhysics.ContinuumCoulomb.Programs.PlanarWellProgram (170s)
✔ [10767/10876] Built OAI.MathematicalPhysics.ContinuumCoulomb.OneParticle.CalibratedEvaluationBudget (178s)
✔ [10768/10876] Built OAI.MathematicalPhysics.ContinuumCoulomb.Nuclei.EulerRegisters (178s)
✔ [10769/10876] Built OAI.MathematicalPhysics.ContinuumCoulomb.Programs.CoulombPairProgram (164s)
✔ [10770/10881] Built OAI.MathematicalPhysics.ContinuumCoulomb.OneParticle.ContactGlobalSeparation (161s)
✔ [10771/10881] Built OAI.MathematicalPhysics.ContinuumCoulomb.OneParticle.ContactExtent (170s)
✔ [10772/10881] Built OAI.MathematicalPhysics.ContinuumCoulomb.Nuclei.MoserDifferenceBudget (144s)
✔ [10773/10884] Built OAI.MathematicalPhysics.ContinuumCoulomb.Quantum.QuantumPlanarTapeProgram (119s)
✔ [10774/10884] Built OAI.MathematicalPhysics.ContinuumCoulomb.Programs.FiniteDifferenceProgram (127s)
✔ [10775/10884] Built OAI.MathematicalPhysics.ContinuumCoulomb.Quantum.QuantumSpatialCrossingGeometry (128s)
✔ [10776/10884] Built OAI.MathematicalPhysics.ContinuumCoulomb.Programs.EulerVectorPrograms (134s)
✔ [10777/10884] Built OAI.MathematicalPhysics.ContinuumCoulomb.OneParticle.CalibratedEvaluationError (135s)
✔ [10778/10884] Built OAI.MathematicalPhysics.ContinuumCoulomb.OneParticle.ContactHeightEvaluation (140s)
✔ [10779/10884] Built OAI.MathematicalPhysics.ContinuumCoulomb.Nuclei.EulerGeometry (134s)
✔ [10780/10884] Built OAI.MathematicalPhysics.ContinuumCoulomb.OneParticle.CountertermEvaluation (137s)
✔ [10781/10884] Built OAI.MathematicalPhysics.ContinuumCoulomb.OneParticle.ContactRealization (137s)
✔ [10782/10884] Built OAI.MathematicalPhysics.ContinuumCoulomb.Programs.MoserDifferenceProgram (129s)
✔ [10783/10892] Built OAI.MathematicalPhysics.ContinuumCoulomb.Quantum.QuantumSpatialCrossingSupport (117s)
✔ [10784/10892] Built OAI.MathematicalPhysics.ContinuumCoulomb.Quantum.QuantumPlanarTapeSupport (117s)
✔ [10785/10892] Built OAI.MathematicalPhysics.ContinuumCoulomb.Quantum.QuantumEvenTapeProgram (117s)
✔ [10786/10892] Built OAI.MathematicalPhysics.ContinuumCoulomb.Nuclei.MoserNumericalBounds (117s)
✔ [10787/10895] Built OAI.MathematicalPhysics.ContinuumCoulomb.Programs.EulerProgram (120s)
✔ [10788/10895] Built OAI.MathematicalPhysics.ContinuumCoulomb.Nuclei.EulerTrajectory (122s)
✔ [10789/10895] Built OAI.MathematicalPhysics.ContinuumCoulomb.OneParticle.RationalGaussNodes (122s)
✔ [10790/10895] Built OAI.MathematicalPhysics.ContinuumCoulomb.Nuclei.NuclearPromise (97s)
✔ [10791/10896] Built OAI.MathematicalPhysics.ContinuumCoulomb.Programs.CountertermProgram (104s)
✔ [10792/10896] Built OAI.MathematicalPhysics.ContinuumCoulomb.OneParticle.ManufacturedFieldEvaluation (115s)
✔ [10793/10899] Built OAI.MathematicalPhysics.ContinuumCoulomb.Quantum.QuantumMergedCoefficientBounds (183s)
✔ [10794/10899] Built OAI.MathematicalPhysics.ContinuumCoulomb.Quantum.QuantumEvenTapeOrder (181s)
✔ [10795/10899] Built OAI.MathematicalPhysics.ContinuumCoulomb.Quantum.QuantumFinalRoutingProgram (181s)
✔ [10796/10899] Built OAI.MathematicalPhysics.ContinuumCoulomb.Programs.GaussNodeProgram (165s)
✔ [10797/10899] Built OAI.MathematicalPhysics.ContinuumCoulomb.Reduction.HardnessComposition (189s)
✔ [10798/10899] Built OAI.MathematicalPhysics.ContinuumCoulomb.Nuclei.EulerSchedule (181s)
✔ [10799/10899] Built OAI.MathematicalPhysics.ContinuumCoulomb.OneParticle.UnitBinaryInclusion (131s)
✔ [10800/10899] Built OAI.MathematicalPhysics.ContinuumCoulomb.Programs.ManufacturedFieldProgram (147s)
✔ [10801/10899] Built OAI.MathematicalPhysics.ContinuumCoulomb.OneParticle.CoulombPairSum (157s)
✔ [10802/10902] Built OAI.MathematicalPhysics.ContinuumCoulomb.Quantum.QuantumSpatialPlanarBounds (161s)
✔ [10803/10902] Built OAI.MathematicalPhysics.ContinuumCoulomb.Quantum.QuantumSpatialFinalEnergy (161s)
✔ [10804/10902] Built OAI.MathematicalPhysics.ContinuumCoulomb.OneParticle.ManufacturedVelocityEvaluation (167s)
✔ [10805/10902] Built OAI.MathematicalPhysics.ContinuumCoulomb.Quantum.QuantumHistorySourceProgram (108s)
✔ [10806/10902] Built OAI.MathematicalPhysics.ContinuumCoulomb.OneParticle.GroundRoundingInterval (99s)
✔ [10807/10905] Built OAI.MathematicalPhysics.ContinuumCoulomb.Quantum.QuantumEvenRouteLabels (125s)
✔ [10808/10905] Built OAI.MathematicalPhysics.ContinuumCoulomb.Programs.CoulombPairSumProgram (144s)
✔ [10809/10909] Built OAI.MathematicalPhysics.ContinuumCoulomb.Nuclei.EulerInitialBox (151s)
✔ [10810/10909] Built OAI.MathematicalPhysics.ContinuumCoulomb.Programs.UnitBinaryProgram (151s)
✔ [10811/10913] Built OAI.MathematicalPhysics.ContinuumCoulomb.Programs.ManufacturedVelocityProgram (132s)
✔ [10812/10919] Built OAI.MathematicalPhysics.ContinuumCoulomb.Nuclei.RoundingPolynomialBudget (136s)
✔ [10813/10925] Built OAI.MathematicalPhysics.ContinuumCoulomb.Quantum.QuantumHistoryRoutedEnergy (136s)
✔ [10814/10927] Built OAI.MathematicalPhysics.ContinuumCoulomb.Quantum.QuantumEvenTapeGeometry (147s)
✔ [10815/10927] Built OAI.MathematicalPhysics.ContinuumCoulomb.OneParticle.AffinePhysicalThreshold (140s)
✔ [10816/10927] Built OAI.MathematicalPhysics.ContinuumCoulomb.OneParticle.ManufacturedEuler (140s)
✔ [10817/10933] Built OAI.MathematicalPhysics.ContinuumCoulomb.ManyBody.MediatorSimple (121s)
✔ [10818/10933] Built OAI.MathematicalPhysics.ContinuumCoulomb.OneParticle.CalibratedHoppingBound (117s)
✔ [10819/10933] Built OAI.MathematicalPhysics.ContinuumCoulomb.OneParticle.SlowLogarithmicExtent (116s)
✔ [10820/10939] Built OAI.MathematicalPhysics.ContinuumCoulomb.Programs.AffinePhysicalThresholdProgram (157s)
✔ [10821/10939] Built OAI.MathematicalPhysics.ContinuumCoulomb.Programs.MoserCoordinateProgram (157s)
✔ [10822/10946] Built OAI.MathematicalPhysics.ContinuumCoulomb.Reduction.SourceParameterSchedule (149s)
✔ [10823/10946] Built OAI.MathematicalPhysics.ContinuumCoulomb.Programs.PolynomialHoppingSmallness (149s)
✔ [10824/10951] Built OAI.MathematicalPhysics.ContinuumCoulomb.Quantum.QuantumEvenTapeWeights (150s)
✔ [10825/10951] Built OAI.MathematicalPhysics.ContinuumCoulomb.Quantum.QuantumPlanarTapeGeometry (163s)
✔ [10826/10951] Built OAI.MathematicalPhysics.ContinuumCoulomb.OneParticle.IsolatedForms (124s)
✔ [10827/10951] Built OAI.MathematicalPhysics.ContinuumCoulomb.OneParticle.OneElectronTrial (124s)
✔ [10828/10955] Built OAI.MathematicalPhysics.ContinuumCoulomb.OneParticle.TransformedGauss (143s)
✔ [10829/10955] Built OAI.MathematicalPhysics.ContinuumCoulomb.Reduction.UniformHubbardParameters (137s)
✔ [10830/10955] Built OAI.MathematicalPhysics.ContinuumCoulomb.Reduction.SourcePromiseBudget (143s)
✔ [10831/10955] Built OAI.MathematicalPhysics.ContinuumCoulomb.Quantum.QuantumEvenTapeOutputBounds (137s)
✔ [10832/10955] Built OAI.MathematicalPhysics.ContinuumCoulomb.Programs.TransformedGaussProgram (87s)
✔ [10833/10961] Built OAI.MathematicalPhysics.ContinuumCoulomb.OneParticle.MovingWells (104s)
✔ [10834/10961] Built OAI.MathematicalPhysics.ContinuumCoulomb.OneParticle.RealMollification (92s)
✔ [10835/10963] Built OAI.MathematicalPhysics.ContinuumCoulomb.OneParticle.TransformedGaussSeparation (92s)
✔ [10836/10963] Built OAI.MathematicalPhysics.ContinuumCoulomb.Reduction.TargetHubbardParameters (92s)
✔ [10837/10963] Built OAI.MathematicalPhysics.ContinuumCoulomb.Quantum.QuantumPacketRoutingGeometry (105s)
✔ [10838/10963] Built OAI.Analysis.KLS.Convexity.HessianConvexity (42s)
✔ [10839/10963] Built OAI.MathematicalPhysics.ContinuumCoulomb.OneParticle.IsolatedSpectrum (100s)
✔ [10840/10963] Built OAI.MathematicalPhysics.ContinuumCoulomb.OneParticle.ComplexMollification (100s)
✔ [10841/10963] Built OAI.Analysis.KLS.Model (105s)
✔ [10842/10964] Built OAI.MathematicalPhysics.ContinuumCoulomb.OneParticle.TransformedGaussList (115s)
✔ [10843/10964] Built OAI.MathematicalPhysics.ContinuumCoulomb.Reduction.SourceFiniteBounds (115s)
✔ [10844/10968] Built OAI.MathematicalPhysics.ContinuumCoulomb.OneParticle.CenteredGaussLabels (150s)
✔ [10845/10968] Built OAI.MathematicalPhysics.ContinuumCoulomb.OneParticle.HydrogenInput (91s)
✔ [10846/10968] Built OAI.MathematicalPhysics.ContinuumCoulomb.OneParticle.SobolevDensity (91s)
✔ [10847/10968] Built OAI.MathematicalPhysics.ContinuumCoulomb.Quantum.QuantumSpatialFinalGeometry (135s)
✔ [10848/10973] Built OAI.Analysis.KLS.Stein.SteinHessianDefs (138s)
✔ [10849/10973] Built OAI.Analysis.KLS.Sobolev.TestFunctions (138s)
✔ [10851/10975] Built OAI.MathematicalPhysics.ContinuumCoulomb.OneParticle.AtomicOutputs (97s)
✔ [10852/10975] Built OAI.Analysis.KLS.Convexity.LogConcavity (97s)
✔ [10853/10978] Built OAI.MathematicalPhysics.ContinuumCoulomb.Nuclei.NuclearCoordinateOutput (129s)
✔ [10854/10978] Built OAI.MathematicalPhysics.ContinuumCoulomb.Programs.CenteredGaussProgram (138s)
✔ [10855/10978] Built OAI.Analysis.KLS.Spectral.BrascampLiebCurvature (108s)
✔ [10856/10978] Built OAI.Analysis.KLS.Measures.PotentialMeasure (108s)
✔ [10857/10978] Built OAI.MathematicalPhysics.ContinuumCoulomb.OneParticle.GridGroundUpper (162s)
✔ [10858/10978] Built OAI.MathematicalPhysics.ContinuumCoulomb.Quantum.QuantumSpatialFinalCount (144s)
✔ [10859/10978] Built OAI.MathematicalPhysics.ContinuumCoulomb.OneParticle.ScalarMollification (37s)
✔ [10860/10978] Built OAI.MathematicalPhysics.ContinuumCoulomb.OneParticle.VerticalFactorization (37s)
✔ [10861/10978] Built OAI.Analysis.KLS.Convexity.Prekopa (161s)
✔ [10862/10978] Built OAI.MathematicalPhysics.ContinuumCoulomb.ManyBody.FiniteAtomicOutputs (119s)
✔ [10863/10978] Built OAI.MathematicalPhysics.ContinuumCoulomb.OneParticle.SingleSpinSource (158s)
✔ [10864/10978] Built OAI.Analysis.KLS.Regularization.RegularPotential (114s)
✔ [10865/10978] Built OAI.MathematicalPhysics.ContinuumCoulomb.OneParticle.CenteredGaussEquiv (152s)
✔ [10866/10978] Built OAI.MathematicalPhysics.ContinuumCoulomb.Programs.CenteredNuclearProgram (163s)
✔ [10867/10978] Built OAI.Analysis.KLS.Spectral.BrascampLiebPerturbation (140s)
✔ [10868/10978] Built OAI.Analysis.KLS.Spectral.BrascampLiebMoments (175s)
✔ [10869/10984] Built OAI.MathematicalPhysics.ContinuumCoulomb.Quantum.QuantumSpatialSourcePromise (125s)
✔ [10870/10984] Built OAI.MathematicalPhysics.ContinuumCoulomb.Quantum.QuantumHistoryLiteralCorrectness (125s)
✔ [10871/10984] Built OAI.MathematicalPhysics.ContinuumCoulomb.OneParticle.GridNodePrecision (126s)
✔ [10872/10984] Built OAI.Analysis.KLS.Convexity.PrekopaReal (158s)
✔ [10873/10984] Built OAI.MathematicalPhysics.ContinuumCoulomb.OneParticle.PlanarGroundIdentity (121s)
✔ [10874/10984] Built OAI.MathematicalPhysics.ContinuumCoulomb.OneParticle.PlanarWeakConstant (121s)
✔ [10875/10989] Built OAI.MathematicalPhysics.ContinuumCoulomb.Quantum.QuantumHistoryLiteralPromise (135s)
✔ [10876/10989] Built OAI.MathematicalPhysics.ContinuumCoulomb.Programs.PhysicalNuclearProgram (153s)
✔ [10877/10989] Built OAI.MathematicalPhysics.ContinuumCoulomb.Programs.EnumeratedGridNuclei (153s)
✔ [10878/10989] Built OAI.Analysis.KLS.Spectral.BrascampLieb (155s)
✔ [10879/10989] Built OAI.MathematicalPhysics.ContinuumCoulomb.OneParticle.PlanarTestCauchy (115s)
✔ [10880/10989] Built OAI.MathematicalPhysics.ContinuumCoulomb.OneParticle.PlanarDistributionAxes (115s)
✔ [10881/10989] Built OAI.MathematicalPhysics.ContinuumCoulomb.OneParticle.PlanarCompactnessEstimates (102s)
✔ [10882/10989] Built OAI.MathematicalPhysics.ContinuumCoulomb.OneParticle.CalibrationMesh (105s)
✔ [10883/10989] Built OAI.MathematicalPhysics.ContinuumCoulomb.Programs.UnitCoulombProgram (105s)
✔ [10884/10994] Built OAI.MathematicalPhysics.ContinuumCoulomb.Reduction.SourceHardness (113s)
✔ [10885/10994] Built OAI.MathematicalPhysics.ContinuumCoulomb.OneParticle.AffinePhysicalOutput (113s)
✔ [10886/10994] Built OAI.MathematicalPhysics.ContinuumCoulomb.OneParticle.NumericalGridRounding (116s)
✔ [10887/10994] Built OAI.Analysis.KLS.Spectral.RegularPoincare (116s)
✔ [10888/10994] Built OAI.MathematicalPhysics.ContinuumCoulomb.OneParticle.PlanarGroundDuality (116s)
✔ [10889/10994] Built OAI.MathematicalPhysics.ContinuumCoulomb.OneParticle.PlanarNearGroundCompactness (116s)
✔ [10891/11025] Built OAI.MathematicalPhysics.ContinuumCoulomb.Programs.ProgramGroundIdentity (121s)
✔ [10892/11025] Built OAI.MathematicalPhysics.ContinuumCoulomb.OneParticle.GaussianPoincare (121s)
✔ [10893/11025] Built OAI.MathematicalPhysics.ContinuumCoulomb.OneParticle.PlanarSobolevDuality (121s)
✔ [10894/11025] Built OAI.MathematicalPhysics.ContinuumCoulomb.OneParticle.PlanarGapFromUniqueness (121s)
✔ [10895/11025] Built OAI.Analysis.BiholderTransport.Calculus.PathCalculus (121s)
✔ [10896/11025] Built OAI.Analysis.BiholderTransport.Calculus.ImplicitNeighborhood (121s)
✔ [10897/11025] Built OAI.MathematicalPhysics.ContinuumCoulomb.OneParticle.UnitProgramGroundInterval (119s)
✔ [10898/11025] Built OAI.MathematicalPhysics.ContinuumCoulomb.OneParticle.GaussianLine (119s)
✔ [10899/11025] Built OAI.MathematicalPhysics.ContinuumCoulomb.OneParticle.PlanarGroundUniqueness (119s)
✔ [10900/11025] Built OAI.Analysis.BiholderTransport.Regularity.UnitTime (120s)
✔ [10901/11025] Built OAI.MathematicalPhysics.ContinuumCoulomb.Nuclei.FlowDeterminant (119s)
✔ [10902/11025] Built OAI.MathematicalPhysics.ContinuumCoulomb.Nuclei.FlowMixedDerivative (121s)
✔ [10903/11025] Built OAI.MathematicalPhysics.ContinuumCoulomb.OneParticle.GaussianScalar (140s)
✔ [10904/11025] Built OAI.MathematicalPhysics.ContinuumCoulomb.Nuclei.FlowImplicit (140s)
✔ [10905/11025] Built OAI.Analysis.BiholderTransport.LocalFlow.ImplicitODE (140s)
✔ [10906/11025] Built OAI.MathematicalPhysics.ContinuumCoulomb.Nuclei.FlowVariational (138s)
✔ [10907/11025] Built OAI.MathematicalPhysics.ContinuumCoulomb.Nuclei.FlowMatrix (140s)
✔ [10908/11025] Built OAI.MathematicalPhysics.ContinuumCoulomb.OneParticle.GaussianMollification (110s)
✔ [10909/11025] Built OAI.MathematicalPhysics.ContinuumCoulomb.Nuclei.FlowPathFamily (110s)
✔ [10910/11025] Built OAI.Analysis.BiholderTransport.LocalFlow.SmoothFlowEndpoint (110s)
✔ [10911/11025] Built OAI.MathematicalPhysics.ContinuumCoulomb.OneParticle.VerticalOscillatorGap (108s)
✔ [10912/11025] Built OAI.MathematicalPhysics.ContinuumCoulomb.Nuclei.FlowLocal (108s)
✔ [10913/11025] Built OAI.MathematicalPhysics.ContinuumCoulomb.Nuclei.FlowLocalDomain (104s)
✔ [10914/11025] Built OAI.MathematicalPhysics.ContinuumCoulomb.Nuclei.FlowGlobalRegularity (104s)
✔ [10915/11025] Built OAI.MathematicalPhysics.ContinuumCoulomb.Nuclei.FlowGlobalExistence (109s)
✔ [10916/11025] Built OAI.MathematicalPhysics.ContinuumCoulomb.Nuclei.FlowIntervalUniqueness (109s)
✔ [10917/11025] Built OAI.MathematicalPhysics.ContinuumCoulomb.Nuclei.FlowCompactExtension (94s)
✔ [10918/11025] Built OAI.MathematicalPhysics.ContinuumCoulomb.Nuclei.FlowSpatialRegularity (89s)
✔ [10919/11025] Built OAI.MathematicalPhysics.ContinuumCoulomb.Nuclei.FlowLocalModel (102s)
✔ [10920/11025] Built OAI.MathematicalPhysics.ContinuumCoulomb.Nuclei.FlowPathJets (133s)
✔ [10921/11025] Built OAI.MathematicalPhysics.ContinuumCoulomb.Nuclei.FlowJacobianVariation (133s)
✔ [10922/11025] Built OAI.MathematicalPhysics.ContinuumCoulomb.Nuclei.FlowLocalEquation (133s)
✔ [10923/11025] Built OAI.MathematicalPhysics.ContinuumCoulomb.Nuclei.FlowPathEquation (113s)
✔ [10924/11025] Built OAI.MathematicalPhysics.ContinuumCoulomb.Nuclei.FlowFirstBound (113s)
✔ [10925/11025] Built OAI.MathematicalPhysics.ContinuumCoulomb.Nuclei.FlowLiouville (113s)
✔ [10926/11025] Built OAI.MathematicalPhysics.ContinuumCoulomb.Nuclei.FlowHigherComposition (102s)
✔ [10927/11025] Built OAI.MathematicalPhysics.ContinuumCoulomb.Nuclei.FlowJetCoordinates (102s)
✔ [10928/11025] Built OAI.MathematicalPhysics.ContinuumCoulomb.Nuclei.FlowJetVariation (118s)
✔ [10929/11025] Built OAI.MathematicalPhysics.ContinuumCoulomb.Nuclei.FlowJetGronwall (118s)
✔ [10930/11025] Built OAI.MathematicalPhysics.ContinuumCoulomb.Nuclei.FlowSliceBound (118s)
✔ [10931/11025] Built OAI.MathematicalPhysics.ContinuumCoulomb.Nuclei.FlowLocalBound (96s)
✔ [10932/11025] Built OAI.MathematicalPhysics.ContinuumCoulomb.Nuclei.FlowActualFirstBound (96s)
✔ [10933/11025] Built OAI.MathematicalPhysics.ContinuumCoulomb.Nuclei.FlowActualBound (86s)
✔ [10934/11025] Built OAI.MathematicalPhysics.ContinuumCoulomb.Nuclei.FlowUniform (98s)
✔ [10935/11025] Built OAI.MathematicalPhysics.ContinuumCoulomb.ManyBody.MediatorUnaryThird (7470s)
✔ [10936/11025] Built OAI.MathematicalPhysics.ContinuumCoulomb.OneParticle.CalibratedEvaluationComponents (6688s)
✔ [10937/11025] Built OAI.MathematicalPhysics.ContinuumCoulomb.Programs.ContactHeightProgram (16s)
✔ [10938/11025] Built OAI.MathematicalPhysics.ContinuumCoulomb.Programs.CalibratedEvaluationProgram (16s)
✔ [10939/11025] Built OAI.MathematicalPhysics.ContinuumCoulomb.OneParticle.CalibratedBisection (16s)
✔ [10940/11025] Built OAI.MathematicalPhysics.ContinuumCoulomb.Programs.ContactCanonicalEdgeProgram (6.4s)
✔ [10941/11025] Built OAI.MathematicalPhysics.ContinuumCoulomb.OneParticle.CalibratedBisectionMachine (6.7s)
✔ [10942/11025] Built OAI.MathematicalPhysics.ContinuumCoulomb.OneParticle.CalibratedLipschitzBound (7.5s)
✔ [10943/11025] Built OAI.MathematicalPhysics.ContinuumCoulomb.OneParticle.CalibratedBisectionSchedule (5.8s)
✔ [10944/11025] Built OAI.MathematicalPhysics.ContinuumCoulomb.Programs.CalibratedBisectionProgram (20s)
✔ [10945/11025] Built OAI.MathematicalPhysics.ContinuumCoulomb.OneParticle.RationalLogScale (23s)
✔ [10946/11025] Built OAI.MathematicalPhysics.ContinuumCoulomb.OneParticle.CalibratedBisectionLocation (23s)
✔ [10947/11025] Built OAI.MathematicalPhysics.ContinuumCoulomb.Programs.RationalLogScaleProgram (154s)
✔ [10948/11025] Built OAI.MathematicalPhysics.ContinuumCoulomb.OneParticle.CalibrationRationalBracket (162s)
✔ [10949/11025] Built OAI.MathematicalPhysics.ContinuumCoulomb.OneParticle.ContactHeightBisection (162s)
✔ [10950/11025] Built OAI.MathematicalPhysics.ContinuumCoulomb.Programs.CalibrationRationalBracketProgram (165s)
✔ [10951/11025] Built OAI.MathematicalPhysics.ContinuumCoulomb.Programs.ContactHeightScheduleProgram (165s)
✔ [10952/11025] Built OAI.MathematicalPhysics.ContinuumCoulomb.OneParticle.CalibrationEndpointSigns (171s)
✔ [10953/11025] Built OAI.MathematicalPhysics.ContinuumCoulomb.OneParticle.ContactRationalCoordinates (171s)
✔ [10954/11025] Built OAI.MathematicalPhysics.ContinuumCoulomb.Programs.ContactVertexProgram (132s)
✔ [10955/11025] Built OAI.MathematicalPhysics.ContinuumCoulomb.OneParticle.CalibrationCoulombBrackets (137s)
✔ [10956/11025] Built OAI.MathematicalPhysics.ContinuumCoulomb.Reduction.AutomaticCalibrationParameters (81s)
✔ [10957/11025] Built OAI.MathematicalPhysics.ContinuumCoulomb.OneParticle.ContactClosedCoordinates (86s)
✔ [10958/11025] Built OAI.MathematicalPhysics.ContinuumCoulomb.Programs.AutomaticCalibrationProgram (93s)
✔ [10959/11025] Built OAI.MathematicalPhysics.ContinuumCoulomb.OneParticle.ContactRationalGadget (98s)
✔ [10960/11025] Built OAI.MathematicalPhysics.ContinuumCoulomb.Programs.ContactRationalGadgetProgram (113s)
✔ [10961/11025] Built OAI.MathematicalPhysics.ContinuumCoulomb.Reduction.AutomaticCalibrationCorrectness (123s)
✔ [10962/11025] Built OAI.MathematicalPhysics.ContinuumCoulomb.OneParticle.ContactRationalLocal (118s)
✔ [10963/11025] Built OAI.MathematicalPhysics.ContinuumCoulomb.Reduction.AutomaticCalibrationNormalization (108s)
✔ [10964/11025] Built OAI.MathematicalPhysics.ContinuumCoulomb.OneParticle.ContactRationalGlobal (108s)
✔ [10965/11025] Built OAI.MathematicalPhysics.ContinuumCoulomb.Programs.ContactRationalPlaceProgram (111s)
✔ [10966/11025] Built OAI.MathematicalPhysics.ContinuumCoulomb.OneParticle.PrefactorCalibration (116s)
✔ [10967/11025] Built OAI.MathematicalPhysics.ContinuumCoulomb.Reduction.AutomaticCalibrationList (116s)
✔ [10968/11025] Built OAI.MathematicalPhysics.ContinuumCoulomb.OneParticle.ContactCalibratedGeometry (116s)
✔ [10969/11025] Built OAI.MathematicalPhysics.ContinuumCoulomb.Programs.ContactPlacedGadgetProgram (117s)
✔ [10970/11025] Built OAI.MathematicalPhysics.ContinuumCoulomb.OneParticle.ContactPolynomialGeometry (118s)
✔ [10971/11025] Built OAI.MathematicalPhysics.ContinuumCoulomb.OneParticle.CalibratedMatrixError (118s)
✔ [10972/11025] Built OAI.MathematicalPhysics.ContinuumCoulomb.OneParticle.PrefactorSpacing (118s)
✔ [10973/11025] Built OAI.MathematicalPhysics.ContinuumCoulomb.Programs.PrefactorCalibrationProgram (126s)
✔ [10974/11025] Built OAI.MathematicalPhysics.ContinuumCoulomb.Programs.ContactEdgeNumberProgram (105s)
✔ [10975/11025] Built OAI.MathematicalPhysics.ContinuumCoulomb.Programs.ContactGeometryBlockProgram (110s)
✔ [10976/11025] Built OAI.MathematicalPhysics.ContinuumCoulomb.OneParticle.RationalContactMatrix (104s)
✔ [10977/11025] Built OAI.MathematicalPhysics.ContinuumCoulomb.Reduction.SourceHoppingBudget (104s)
✔ [10978/11025] Built OAI.MathematicalPhysics.ContinuumCoulomb.Programs.ContactLocalInputProgram (95s)
✔ [10979/11025] Built OAI.MathematicalPhysics.ContinuumCoulomb.OneParticle.ContactGeometryBlockSemantics (95s)
✔ [10980/11025] Built OAI.MathematicalPhysics.ContinuumCoulomb.OneParticle.RationalContactBudget (95s)
✔ [10981/11025] Built OAI.MathematicalPhysics.ContinuumCoulomb.Programs.ContactSourceInputProgram (91s)
✔ [10982/11025] Built OAI.MathematicalPhysics.ContinuumCoulomb.Programs.CalibratedContactProgram (91s)
✔ [10983/11025] Built OAI.MathematicalPhysics.ContinuumCoulomb.OneParticle.ContactSourceInputCorrectness (95s)
✔ [10984/11025] Built OAI.MathematicalPhysics.ContinuumCoulomb.OneParticle.ContactPositionArray (97s)
✔ [10985/11025] Built OAI.MathematicalPhysics.ContinuumCoulomb.OneParticle.CalibratedContactCorrectness (97s)
✔ [10986/11025] Built OAI.MathematicalPhysics.ContinuumCoulomb.Programs.MediatorUnaryProgram (2127s)
✔ [10987/11025] Built OAI.MathematicalPhysics.ContinuumCoulomb.Programs.MediatorThreeStageProgram (31s)
✔ [10988/11025] Built OAI.MathematicalPhysics.ContinuumCoulomb.Reduction.SourcePositiveBounds (31s)
✔ [10989/11025] Built OAI.MathematicalPhysics.ContinuumCoulomb.Reduction.SourceGeometryBounds (9.2s)
