== EditApproximation  module=OAI.Combinatorics.EditApproximation.Specification.RawBandMain  start=2026-10-09T10:42:26Z
warning: PrimeNumberTheoremAnd: repository '/Users/shannon/cc/math/math/lean/.lake/packages/PrimeNumberTheoremAnd' has local changes
warning: belyi: repository '/Users/shannon/cc/math/math/lean/.lake/packages/belyi' has local changes
warning: formal-schemes: repository '/Users/shannon/cc/math/math/lean/.lake/packages/formal-schemes' has local changes
warning: elliptic-curves: repository '/Users/shannon/cc/math/math/lean/.lake/packages/elliptic-curves' has local changes
warning: tempered-fundamental-groups: repository '/Users/shannon/cc/math/math/lean/.lake/packages/tempered-fundamental-groups' has local changes
warning: oka: repository '/Users/shannon/cc/math/math/lean/.lake/packages/oka' has local changes
warning: orbicurve-cores: repository '/Users/shannon/cc/math/math/lean/.lake/packages/orbicurve-cores' has local changes
warning: pi1: repository '/Users/shannon/cc/math/math/lean/.lake/packages/pi1' has local changes
warning: heights: repository '/Users/shannon/cc/math/math/lean/.lake/packages/heights' has local changes
warning: genl: repository '/Users/shannon/cc/math/math/lean/.lake/packages/genl' has local changes
warning: tate-curves-theta: repository '/Users/shannon/cc/math/math/lean/.lake/packages/tate-curves-theta' has local changes
warning: iut: repository '/Users/shannon/cc/math/math/lean/.lake/packages/iut' has local changes
warning: gromov: repository '/Users/shannon/cc/math/math/lean/.lake/packages/gromov' has local changes
warning: SphereEversion: repository '/Users/shannon/cc/math/math/lean/.lake/packages/SphereEversion' has local changes
warning: schoenflies-lean: repository '/Users/shannon/cc/math/math/lean/.lake/packages/schoenflies-lean' has local changes
warning: ClassFieldTheory: repository '/Users/shannon/cc/math/math/lean/.lake/packages/ClassFieldTheory' has local changes
warning: AINTLIB: repository '/Users/shannon/cc/math/math/lean/.lake/packages/AINTLIB' has local changes
warning: AbsorptionCutoff: repository '/Users/shannon/cc/math/math/lean/.lake/packages/AbsorptionCutoff' has local changes
warning: StrongPNT: repository '/Users/shannon/cc/math/math/lean/.lake/packages/StrongPNT' has local changes
warning: carleson: repository '/Users/shannon/cc/math/math/lean/.lake/packages/carleson' has local changes
warning: rellich-kondrachov: repository '/Users/shannon/cc/math/math/lean/.lake/packages/rellich-kondrachov' has local changes
warning: Zeta3Irrational: repository '/Users/shannon/cc/math/math/lean/.lake/packages/Zeta3Irrational' has local changes
warning: fixed-point-theorems: repository '/Users/shannon/cc/math/math/lean/.lake/packages/fixed-point-theorems' has local changes
✔ [8923/9312] Built OAI.Combinatorics.EditApproximation.Geometry.PublishedInputs (31s)
✔ [8926/9315] Built OAI.Combinatorics.EditApproximation.Geometry.Bands (32s)
✔ [8927/9315] Built OAI.Combinatorics.EditApproximation.Probability.Amplification (32s)
✔ [8928/9315] Built OAI.Combinatorics.EditApproximation.Geometry.Work (32s)
✔ [8929/9315] Built OAI.Combinatorics.EditApproximation.Probability.FiniteKeyRestriction (32s)
✔ [8930/9315] Built OAI.Combinatorics.EditApproximation.Geometry.Accuracy (33s)
✔ [8931/9315] Built OAI.Combinatorics.EditApproximation.Geometry.Curvature (34s)
✔ [8932/9315] Built OAI.Combinatorics.EditApproximation.Geometry.Cones (35s)
✔ [8934/9318] Built OAI.Combinatorics.EditApproximation.Geometry.Bellman (23s)
✔ [8935/9318] Built OAI.Combinatorics.EditApproximation.Probability.FiniteAssignments (22s)
✔ [8936/9318] Built OAI.Combinatorics.EditApproximation.Geometry.TreeAccounting (25s)
✔ [8937/9318] Built OAI.Combinatorics.EditApproximation.Probability.FiniteSampling (26s)
✔ [8938/9321] Built OAI.Combinatorics.EditApproximation.Binary.BinaryMemo (25s)
✔ [8939/9323] Built OAI.Combinatorics.EditApproximation.Binary.BinaryArithmeticWork (26s)
✔ [8940/9323] Built OAI.Combinatorics.EditApproximation.Geometry.DependencyExpansion (26s)
✔ [8941/9323] Built OAI.Combinatorics.EditApproximation.Geometry.Regret (33s)
✔ [8942/9323] Built OAI.Combinatorics.EditApproximation.Numerics.RationalRefinement (22s)
✔ [8943/9323] Built OAI.Combinatorics.EditApproximation.Probability.Median (23s)
✔ [8944/9325] Built OAI.Combinatorics.EditApproximation.Geometry.Geometry (22s)
✔ [8945/9325] Built OAI.Combinatorics.EditApproximation.Geometry.ComparisonAccounting (21s)
✔ [8946/9327] Built OAI.Combinatorics.EditApproximation.Geometry.GatheredInputs (21s)
✔ [8947/9327] Built OAI.Combinatorics.EditApproximation.Geometry.GroupSampling (23s)
✔ [8948/9331] Built OAI.Combinatorics.EditApproximation.Geometry.MemoizedOracle (20s)
✔ [8949/9346] Built OAI.Combinatorics.EditApproximation.Binary.BinaryCanonicalWork (20s)
✔ [8950/9361] Built OAI.Combinatorics.EditApproximation.Binary.BinaryOrderWork (20s)
✔ [8951/9365] Built OAI.Combinatorics.EditApproximation.Geometry.ParameterSlack (39s)
✔ [8952/9372] Built OAI.Combinatorics.EditApproximation.Geometry.Leaves (20s)
✔ [8953/9373] Built OAI.Combinatorics.EditApproximation.Geometry.AlignmentSplitting (23s)
✔ [8954/9373] Built OAI.Combinatorics.EditApproximation.Geometry.Connections (23s)
✔ [8955/9376] Built OAI.Combinatorics.EditApproximation.Geometry.RankedMemoProgram (23s)
✔ [8956/9376] Built OAI.Combinatorics.EditApproximation.Numerics.Numerics (34s)
✔ [8957/9376] Built OAI.Combinatorics.EditApproximation.Geometry.InputViews (24s)
✔ [8958/9376] Built OAI.Combinatorics.EditApproximation.Binary.BinarySubtractWork (24s)
✔ [8959/9376] Built OAI.Combinatorics.EditApproximation.Geometry.OccurrencePrefix (23s)
✔ [8960/9376] Built OAI.Combinatorics.EditApproximation.Coarse.CoarsePadding (23s)
✔ [8961/9376] Built OAI.Combinatorics.EditApproximation.Probability.Exact (20s)
✔ [8962/9377] Built OAI.Combinatorics.EditApproximation.Probability.ExactSuffixDP (21s)
✔ [8963/9382] Built OAI.Combinatorics.EditApproximation.Geometry.Grid (19s)
✔ [8964/9382] Built OAI.Combinatorics.EditApproximation.Geometry.StateGeometry (19s)
✔ [8965/9382] Built OAI.Combinatorics.EditApproximation.Geometry.RankedMemoSimulation (20s)
✔ [8966/9382] Built OAI.Combinatorics.EditApproximation.Geometry.ActionLower (21s)
✔ [8967/9382] Built OAI.Combinatorics.EditApproximation.Geometry.RankedMemoWork (22s)
✔ [8968/9382] Built OAI.Combinatorics.EditApproximation.Geometry.Seed (21s)
✔ [8969/9382] Built OAI.Combinatorics.EditApproximation.Geometry.ActionVectors (22s)
✔ [8970/9382] Built OAI.Combinatorics.EditApproximation.Probability.ExactSampling (24s)
✔ [8971/9382] Built OAI.Combinatorics.EditApproximation.Coarse.CoarseSeed (33s)
✔ [8972/9382] Built OAI.Combinatorics.EditApproximation.Numerics.NumericalWork (21s)
✔ [8973/9382] Built OAI.Combinatorics.EditApproximation.Binary.IntegerSymbols (19s)
✔ [8974/9382] Built OAI.Combinatorics.EditApproximation.Binary.BinaryDivisionWork (21s)
✔ [8975/9388] Built OAI.Combinatorics.EditApproximation.Binary.SignedBinaryWork (20s)
✔ [8976/9388] Built OAI.Combinatorics.EditApproximation.Probability.ExactSuffixDPWork (22s)
✔ [8977/9388] Built OAI.Combinatorics.EditApproximation.Geometry.PartitionIntervals (20s)
✔ [8978/9388] Built OAI.Combinatorics.EditApproximation.Probability.Concentration (22s)
✔ [8979/9388] Built OAI.Combinatorics.EditApproximation.Binary.BinaryMemoSpace (19s)
✔ [8980/9388] Built OAI.Combinatorics.EditApproximation.Geometry.InitialCones (20s)
✔ [8981/9388] Built OAI.Combinatorics.EditApproximation.Probability.ThresholdMoments (22s)
✔ [8982/9388] Built OAI.Combinatorics.EditApproximation.Geometry.BandRegret (20s)
✔ [8983/9388] Built OAI.Combinatorics.EditApproximation.Geometry.Parameters (20s)
✔ [8984/9388] Built OAI.Combinatorics.EditApproximation.Coarse.CoarseEstimator (20s)
✔ [8985/9388] Built OAI.Combinatorics.EditApproximation.Probability.RejectionRuntimeLaw (21s)
✔ [8986/9388] Built OAI.Combinatorics.EditApproximation.Geometry.BalancedIntervals (20s)
✔ [8987/9388] Built OAI.Combinatorics.EditApproximation.Binary.SignedBinaryOrderWork (19s)
✔ [8988/9388] Built OAI.Combinatorics.EditApproximation.Numerics.RationalIntermediateBits (20s)
✔ [8989/9388] Built OAI.Combinatorics.EditApproximation.Geometry.InitialConeGrid (21s)
✔ [8990/9388] Built OAI.Combinatorics.EditApproximation.Coarse.CoarseSampling (20s)
✔ [8991/9388] Built OAI.Combinatorics.EditApproximation.Geometry.ConeLocality (24s)
✔ [8992/9388] Built OAI.Combinatorics.EditApproximation.Geometry.FirstCrossing (20s)
✔ [8993/9388] Built OAI.Combinatorics.EditApproximation.Geometry.ChildIncrements (20s)
✔ [8994/9388] Built OAI.Combinatorics.EditApproximation.Geometry.OnlineActionDraw (20s)
✔ [8995/9388] Built OAI.Combinatorics.EditApproximation.Geometry.AccuracyCutoff (19s)
✔ [8996/9388] Built OAI.Combinatorics.EditApproximation.Geometry.GroupSmallConstants (20s)
✔ [8997/9388] Built OAI.Combinatorics.EditApproximation.Geometry.BandParameters (20s)
✔ [8998/9388] Built OAI.Combinatorics.EditApproximation.Geometry.GroupNumerical (20s)
✔ [8999/9388] Built OAI.Combinatorics.EditApproximation.Coarse.CoarseAccuracy (22s)
✔ [9000/9391] Built OAI.Combinatorics.EditApproximation.Probability.RejectionArrayLaw (21s)
✔ [9001/9391] Built OAI.Combinatorics.EditApproximation.Geometry.SourcePrefixes (20s)
✔ [9002/9391] Built OAI.Combinatorics.EditApproximation.Geometry.ActualActionValues (22s)
✔ [9003/9391] Built OAI.Combinatorics.EditApproximation.Binary.UnreducedRational (20s)
✔ [9004/9391] Built OAI.Combinatorics.EditApproximation.Geometry.BalancedWidths (21s)
✔ [9005/9391] Built OAI.Combinatorics.EditApproximation.Geometry.ActualRepresentatives (19s)
✔ [9006/9391] Built OAI.Combinatorics.EditApproximation.Geometry.NodeRegret (21s)
✔ [9007/9391] Built OAI.Combinatorics.EditApproximation.Geometry.InitialConeTable (26s)
✔ [9008/9394] Built OAI.Combinatorics.EditApproximation.Probability.SampledRegret (21s)
✔ [9009/9394] Built OAI.Combinatorics.EditApproximation.Queries.QueryDependencyExpansion (21s)
✔ [9010/9397] Built OAI.Combinatorics.EditApproximation.Geometry.ParameterAsymptotics (22s)
✔ [9011/9397] Built OAI.Combinatorics.EditApproximation.Coarse.CoarseProbability (26s)
✔ [9012/9397] Built OAI.Combinatorics.EditApproximation.Numerics.VectorOptimizerWork (29s)
✔ [9013/9398] Built OAI.Combinatorics.EditApproximation.Geometry.AlignedStates (19s)
✔ [9014/9398] Built OAI.Combinatorics.EditApproximation.Geometry.SharedActions (20s)
✔ [9015/9398] Built OAI.Combinatorics.EditApproximation.Binary.UnreducedNumerics (22s)
✔ [9016/9398] Built OAI.Combinatorics.EditApproximation.Geometry.TreeParameters (24s)
✔ [9017/9398] Built OAI.Combinatorics.EditApproximation.Probability.ExpectedRegret (20s)
✔ [9018/9402] Built OAI.Combinatorics.EditApproximation.Geometry.ListBandRegret (20s)
✔ [9019/9402] Built OAI.Combinatorics.EditApproximation.Binary.BinaryFractionWork (29s)
✔ [9020/9402] Built OAI.Combinatorics.EditApproximation.Geometry.ParameterLocalAsymptotics (23s)
✔ [9021/9407] Built OAI.Combinatorics.EditApproximation.Coarse.CoarseWork (24s)
✔ [9022/9407] Built OAI.Combinatorics.EditApproximation.Coarse.CoarseInitial (23s)
✔ [9023/9407] Built OAI.Combinatorics.EditApproximation.Queries.QueryDependencyCosts (19s)
✔ [9024/9419] Built OAI.Combinatorics.EditApproximation.Numerics.OptimizerBits (20s)
✔ [9025/9419] Built OAI.Combinatorics.EditApproximation.Numerics.GradientStorageBits (20s)
✔ [9026/9419] Built OAI.Combinatorics.EditApproximation.Geometry.PrefixCosts (19s)
✔ [9027/9419] Built OAI.Combinatorics.EditApproximation.Geometry.DomainCounts (19s)
✔ [9028/9419] Built OAI.Combinatorics.EditApproximation.Geometry.WeightedTreeWork (18s)
✔ [9029/9419] Built OAI.Combinatorics.EditApproximation.Geometry.CanonicalFractionWork (19s)
✔ [9030/9498] Built OAI.Combinatorics.EditApproximation.Numerics.OptimizerWorkspace (20s)
✔ [9031/9532] Built OAI.Combinatorics.EditApproximation.Binary.UnreducedOptimizer (20s)
✔ [9032/9532] Built OAI.Combinatorics.EditApproximation.Coarse.CoarseParameters (23s)
✔ [9033/9532] Built OAI.Combinatorics.EditApproximation.Coarse.CoarseInitialWork (21s)
✔ [9034/9532] Built OAI.Combinatorics.EditApproximation.Numerics.RationalPrefix (19s)
✔ [9035/9532] Built OAI.Combinatorics.EditApproximation.Geometry.DomainExponential (20s)
✔ [9036/9532] Built OAI.Combinatorics.EditApproximation.Geometry.LocalGrid (21s)
✔ [9037/9532] Built OAI.Combinatorics.EditApproximation.Geometry.StateDomain (18s)
✔ [9038/9532] Built OAI.Combinatorics.EditApproximation.Binary.BinaryRawNumerics (19s)
✔ [9039/9532] Built OAI.Combinatorics.EditApproximation.Probability.FreshCoordinateCost (20s)
✔ [9040/9532] Built OAI.Combinatorics.EditApproximation.Coarse.CoarseWidthWork (21s)
✔ [9041/9664] Built OAI.Combinatorics.EditApproximation.Binary.UnreducedStorage (21s)
✔ [9042/9666] Built OAI.Combinatorics.EditApproximation.Refinement.ComputedSeed (21s)
✔ [9043/9666] Built OAI.Combinatorics.EditApproximation.Geometry.SeedPassNumerics (20s)
✔ [9044/9685] Built OAI.Combinatorics.EditApproximation.Coarse.CoarseWorkAsymptotics (22s)
✔ [9045/9748] Built OAI.Combinatorics.EditApproximation.Geometry.LocalInitialCones (22s)
✔ [9046/9748] Built OAI.Combinatorics.EditApproximation.Binary.BinaryRawOptimizer (19s)
✔ [9047/9749] Built OAI.Combinatorics.EditApproximation.Geometry.WideActions (20s)
✔ [9048/9749] Built OAI.Combinatorics.EditApproximation.Probability.RejectionSelectedCost (20s)
✔ [9049/9749] Built OAI.Combinatorics.EditApproximation.Coarse.CoarsePrecision (21s)
✔ [9050/9749] Built OAI.Combinatorics.EditApproximation.Coarse.CoarseTransforms (21s)
✔ [9051/9749] Built OAI.Combinatorics.EditApproximation.Queries.QueryWeightedWork (19s)
✔ [9052/9753] Built OAI.Combinatorics.EditApproximation.Coarse.CoarseGlobalSeed (23s)
✔ [9053/9753] Built OAI.Combinatorics.EditApproximation.Coarse.CoarseLabelWork (20s)
✔ [9054/9753] Built OAI.Combinatorics.EditApproximation.Binary.BinaryRawStorage (20s)
✔ [9055/9753] Built OAI.Combinatorics.EditApproximation.Geometry.InitialInputBudget (20s)
✔ [9056/9753] Built OAI.Combinatorics.EditApproximation.Refinement.ComputedBands (19s)
✔ [9057/9757] Built OAI.Combinatorics.EditApproximation.Geometry.PrefixComparison (21s)
✔ [9058/9762] Built OAI.Combinatorics.EditApproximation.Geometry.WideBellman (19s)
✔ [9059/9788] Built OAI.Combinatorics.EditApproximation.Probability.FiniteProductWork (19s)
✔ [9060/9788] Built OAI.Combinatorics.EditApproximation.Probability.RejectionSelectedLaw (18s)
✔ [9061/9788] Built OAI.Combinatorics.EditApproximation.Geometry.RoundedComparison (31s)
✔ [9062/9796] Built OAI.Combinatorics.EditApproximation.Coarse.CoarseGridInvariant (18s)
✔ [9063/9820] Built OAI.Combinatorics.EditApproximation.Coarse.CoarseArrayEval (21s)
✔ [9064/9820] Built OAI.Combinatorics.EditApproximation.Binary.BinaryRawCost (20s)
✔ [9065/9820] Built OAI.Combinatorics.EditApproximation.Geometry.RepresentativeBands (19s)
✔ [9066/9820] Built OAI.Combinatorics.EditApproximation.Refinement.PhysicalWarmup (19s)
✔ [9067/9820] Built OAI.Combinatorics.EditApproximation.Probability.RejectionMemoCost (19s)
✔ [9068/9820] Built OAI.Combinatorics.EditApproximation.Coarse.CoarseInitialLabels (19s)
✔ [9069/9820] Built OAI.Combinatorics.EditApproximation.Coarse.CoarseGridTransfers (18s)
✔ [9070/9820] Built OAI.Combinatorics.EditApproximation.Geometry.ComparisonTree (20s)
✔ [9071/9820] Built OAI.Combinatorics.EditApproximation.Binary.BitAllocation (18s)
✔ [9072/9820] Built OAI.Combinatorics.EditApproximation.Binary.BinaryCeilingWork (21s)
✔ [9073/9820] Built OAI.Combinatorics.EditApproximation.Binary.BinaryFixedDenominator (21s)
✔ [9074/9820] Built OAI.Combinatorics.EditApproximation.Refinement.PhysicalWarmupSlack (19s)
✔ [9075/9820] Built OAI.Combinatorics.EditApproximation.Geometry.ComparisonBandCoverage (20s)
✔ [9076/9829] Built OAI.Combinatorics.EditApproximation.Binary.BinaryLogWork (23s)
✔ [9077/9829] Built OAI.Combinatorics.EditApproximation.Refinement.PhysicalDependencyRank (20s)
✔ [9078/9829] Built OAI.Combinatorics.EditApproximation.Refinement.PhysicalInitial (21s)
✔ [9079/9829] Built OAI.Combinatorics.EditApproximation.Refinement.PhysicalRationalWarmup (20s)
✔ [9080/9834] Built OAI.Combinatorics.EditApproximation.Geometry.ComparisonPhysical (18s)
✔ [9081/9834] Built OAI.Combinatorics.EditApproximation.Geometry.ComparisonBounds (19s)
✔ [9082/9834] Built OAI.Combinatorics.EditApproximation.Binary.FractionAllocation (18s)
✔ [9083/9834] Built OAI.Combinatorics.EditApproximation.Binary.BinaryGridWork (19s)
✔ [9084/9834] Built OAI.Combinatorics.EditApproximation.Binary.BinaryPowerStorage (20s)
✔ [9085/9834] Built OAI.Combinatorics.EditApproximation.Geometry.BandGuards (19s)
✔ [9086/9834] Built OAI.Combinatorics.EditApproximation.Refinement.ComputedComparisonBand (21s)
✔ [9087/9834] Built OAI.Combinatorics.EditApproximation.Binary.BinaryGradientWork (23s)
✔ [9088/9834] Built OAI.Combinatorics.EditApproximation.Geometry.OccurrenceIndex (20s)
✔ [9089/9834] Built OAI.Combinatorics.EditApproximation.Refinement.PhysicalSpatial (20s)
✔ [9090/9835] Built OAI.Combinatorics.EditApproximation.Refinement.StageWarmup (19s)
✔ [9091/9835] Built OAI.Combinatorics.EditApproximation.Numerics.RationalWideStep (18s)
✔ [9092/9835] Built OAI.Combinatorics.EditApproximation.Geometry.ComparisonLift (18s)
✔ [9093/9835] Built OAI.Combinatorics.EditApproximation.Binary.BinaryOnlineParameters (17s)
✔ [9094/9837] Built OAI.Combinatorics.EditApproximation.Coarse.CoarseDenominatorArithmetic (25s)
✔ [9095/9837] Built OAI.Combinatorics.EditApproximation.Binary.BinaryMaximizerWork (20s)
✔ [9096/9842] Built OAI.Combinatorics.EditApproximation.Geometry.OccurrenceLeaf (19s)
✔ [9097/9842] Built OAI.Combinatorics.EditApproximation.Geometry.BandEnvelopes (22s)
✔ [9098/9844] Built OAI.Combinatorics.EditApproximation.Refinement.StageParameterBounds (20s)
✔ [9099/9844] Built OAI.Combinatorics.EditApproximation.Refinement.StageComparison (21s)
✔ [9100/9844] Built OAI.Combinatorics.EditApproximation.Geometry.SeedFactorSchedule (20s)
✔ [9101/9845] Built OAI.Combinatorics.EditApproximation.Refinement.PhysicalLeaves (18s)
✔ [9102/9892] Built OAI.Combinatorics.EditApproximation.Numerics.RationalWideSpatial (21s)
✔ [9104/9947] Built OAI.Combinatorics.EditApproximation.Binary.IntegerOccurrenceIndex (21s)
✔ [9105/9947] Built OAI.Combinatorics.EditApproximation.Binary.BinaryRefinementParameters (22s)
✔ [9106/9947] Built OAI.Combinatorics.EditApproximation.Binary.BinaryUpdateWork (23s)
✔ [9107/9947] Built OAI.Combinatorics.EditApproximation.Geometry.BandRounding (21s)
✔ [9108/9947] Built OAI.Combinatorics.EditApproximation.Refinement.StageComparisonEnergy (22s)
✔ [9109/9947] Built OAI.Combinatorics.EditApproximation.Refinement.ComputedStageParameters (23s)
✔ [9110/9947] Built OAI.Combinatorics.EditApproximation.Refinement.PhysicalRefinement (19s)
✔ [9111/9947] Built OAI.Combinatorics.EditApproximation.Binary.IntegerInputInspection (19s)
✔ [9112/9947] Built OAI.Combinatorics.EditApproximation.Probability.BernsteinEnvelope (20s)
✔ [9113/9947] Built OAI.Combinatorics.EditApproximation.Binary.BinaryOptimizerWork (20s)
✔ [9114/9947] Built OAI.Combinatorics.EditApproximation.Refinement.ComputedBandSpacing (20s)
✔ [9115/9947] Built OAI.Combinatorics.EditApproximation.Geometry.GroupCells (20s)
✔ [9116/9947] Built OAI.Combinatorics.EditApproximation.Refinement.ComputedStageTime (19s)
✔ [9117/9947] Built OAI.Combinatorics.EditApproximation.Refinement.PhysicalRefinementInvariants (19s)
✔ [9118/9947] Built OAI.Combinatorics.EditApproximation.Geometry.BandActionGuards (21s)
✔ [9119/9947] Built OAI.Combinatorics.EditApproximation.Probability.BernsteinMGF (18s)
✔ [9120/9947] Built OAI.Combinatorics.EditApproximation.Binary.BinaryActionSelection (19s)
✔ [9121/9947] Built OAI.Combinatorics.EditApproximation.Geometry.LocalCells (19s)
✔ [9122/9947] Built OAI.Combinatorics.EditApproximation.Refinement.PhysicalRefinementLocality (21s)
✔ [9123/9947] Built OAI.Combinatorics.EditApproximation.Refinement.PhysicalSeedMedian (22s)
✔ [9124/9947] Built OAI.Combinatorics.EditApproximation.Refinement.PhysicalRefinementSpatial (22s)
✔ [9125/9947] Built OAI.Combinatorics.EditApproximation.Geometry.RefinementErrorTerms (25s)
✔ [9126/9947] Built OAI.Combinatorics.EditApproximation.Refinement.PhysicalBoundsAllSeeds (18s)
✔ [9127/9947] Built OAI.Combinatorics.EditApproximation.Geometry.UnskippedBands (17s)
✔ [9128/9947] Built OAI.Combinatorics.EditApproximation.Probability.BernsteinFinite (16s)
✔ [9129/9947] Built OAI.Combinatorics.EditApproximation.Refinement.StageTerminal (13s)
✔ [9130/9947] Built OAI.Combinatorics.EditApproximation.Numerics.RationalPruning (15s)
✔ [9131/9947] Built OAI.Combinatorics.EditApproximation.Geometry.ParameterDependencyAsymptotics (45s)
✔ [9132/9947] Built OAI.Combinatorics.EditApproximation.Refinement.PhysicalDenominator (15s)
✔ [9133/9947] Built OAI.Combinatorics.EditApproximation.Geometry.BandGroupSampling (17s)
✔ [9134/9947] Built OAI.Combinatorics.EditApproximation.Geometry.ComparisonLiftBounds (17s)
✔ [9135/9947] Built OAI.Combinatorics.EditApproximation.Refinement.PhysicalTreeRegret (19s)
✔ [9136/9947] Built OAI.Combinatorics.EditApproximation.Refinement.PhysicalValueBits (18s)
✔ [9137/9947] Built OAI.Combinatorics.EditApproximation.Geometry.SubexponentialTransfer (19s)
✔ [9138/9947] Built OAI.Combinatorics.EditApproximation.Geometry.RefinementConeLocality (19s)
✔ [9139/9947] Built OAI.Combinatorics.EditApproximation.Refinement.ComputedGroupNumerical (20s)
✔ [9140/9947] Built OAI.Combinatorics.EditApproximation.Geometry.CellGroupSelection (21s)
✔ [9141/9947] Built OAI.Combinatorics.EditApproximation.Geometry.GroupSamplingWork (19s)
✔ [9142/9947] Built OAI.Combinatorics.EditApproximation.Refinement.PhysicalSubtree (19s)
✔ [9143/9947] Built OAI.Combinatorics.EditApproximation.Refinement.PhysicalOnlineBand (28s)
✔ [9144/9947] Built OAI.Combinatorics.EditApproximation.Geometry.DependencyPathEnvelope (21s)
✔ [9145/9947] Built OAI.Combinatorics.EditApproximation.Geometry.ComparisonLiftStep (23s)
✔ [9146/9947] Built OAI.Combinatorics.EditApproximation.Refinement.PhysicalTreeExpectation (23s)
✔ [9147/9947] Built OAI.Combinatorics.EditApproximation.Geometry.LocalRefinementCones (19s)
✔ [9148/9947] Built OAI.Combinatorics.EditApproximation.Geometry.BandDimension (20s)
✔ [9149/9947] Built OAI.Combinatorics.EditApproximation.Refinement.ComputedGroupAccuracy (20s)
✔ [9150/9947] Built OAI.Combinatorics.EditApproximation.Geometry.RoundedGroupStates (21s)
✔ [9151/9947] Built OAI.Combinatorics.EditApproximation.Refinement.PhysicalSubtreeMass (23s)
✔ [9152/9947] Built OAI.Combinatorics.EditApproximation.Refinement.PhysicalUnskippedComparison (19s)
✔ [9153/9947] Built OAI.Combinatorics.EditApproximation.Refinement.PhysicalSubtreeRegret (23s)
✔ [9154/9947] Built OAI.Combinatorics.EditApproximation.Refinement.ComputedCoarseWidthCost (21s)
✔ [9155/9947] Built OAI.Combinatorics.EditApproximation.Geometry.DependencyWeightedWork (20s)
✔ [9156/9947] Built OAI.Combinatorics.EditApproximation.Refinement.PhysicalNodeRegret (30s)
✔ [9157/9947] Built OAI.Combinatorics.EditApproximation.Geometry.LocalGroupCones (20s)
✔ [9158/9947] Built OAI.Combinatorics.EditApproximation.Refinement.StageComparisonCharges (25s)
✔ [9159/9947] Built OAI.Combinatorics.EditApproximation.Refinement.PhysicalLocalWarmup (19s)
✔ [9160/9947] Built OAI.Combinatorics.EditApproximation.Geometry.BandOptimizerWork (19s)
✔ [9161/9947] Built OAI.Combinatorics.EditApproximation.Probability.FiniteEnumerationWork (22s)
✔ [9162/9947] Built OAI.Combinatorics.EditApproximation.Refinement.PhysicalGroupAccuracy (18s)
✔ [9163/9947] Built OAI.Combinatorics.EditApproximation.Geometry.UnskippedRegretBudget (20s)
✔ [9164/9947] Built OAI.Combinatorics.EditApproximation.Geometry.ActualRoundedGroupInputs (20s)
✔ [9165/9947] Built OAI.Combinatorics.EditApproximation.Coarse.CoarseFirstRequestCost (18s)
✔ [9166/9947] Built OAI.Combinatorics.EditApproximation.Refinement.PhysicalSubtreeExpectation (22s)
✔ [9167/9947] Built OAI.Combinatorics.EditApproximation.Refinement.PhysicalResampledRegret (19s)
✔ [9168/9947] Built OAI.Combinatorics.EditApproximation.Refinement.PhysicalComparisonBand (28s)
✔ [9169/9947] Built OAI.Combinatorics.EditApproximation.Refinement.PhysicalSelectionProgram (23s)
✔ [9170/9947] Built OAI.Combinatorics.EditApproximation.Refinement.PhysicalSubtreeCharges (24s)
✔ [9171/9947] Built OAI.Combinatorics.EditApproximation.Refinement.PhysicalGenericRegret (27s)
✔ [9172/9947] Built OAI.Combinatorics.EditApproximation.Refinement.PhysicalWarmupQuery (19s)
✔ [9173/9947] Built OAI.Combinatorics.EditApproximation.Refinement.StageComparisonBad (21s)
✔ [9174/9947] Built OAI.Combinatorics.EditApproximation.Geometry.BandNumericalBits (18s)
✔ [9175/9947] Built OAI.Combinatorics.EditApproximation.Numerics.ScalarAllocation (23s)
✔ [9176/9947] Built OAI.Combinatorics.EditApproximation.Refinement.PhysicalExpectedRegret (28s)
✔ [9177/9947] Built OAI.Combinatorics.EditApproximation.Geometry.SharedGroupInputBudget (25s)
✔ [9178/9947] Built OAI.Combinatorics.EditApproximation.Refinement.PhysicalLocalGroupProgram (25s)
✔ [9179/9947] Built OAI.Combinatorics.EditApproximation.Queries.QueryRoundedCounts (28s)
✔ [9180/9947] Built OAI.Combinatorics.EditApproximation.Probability.FiniteQueryWork (24s)
✔ [9181/9947] Built OAI.Combinatorics.EditApproximation.Refinement.PhysicalOnlineLocality (25s)
✔ [9182/9947] Built OAI.Combinatorics.EditApproximation.Refinement.PhysicalSelectionResampling (29s)
✔ [9183/9947] Built OAI.Combinatorics.EditApproximation.Refinement.PhysicalTreeGeneric (27s)
✔ [9184/9947] Built OAI.Combinatorics.EditApproximation.Refinement.PhysicalSubtreeBad (25s)
✔ [9185/9947] Built OAI.Combinatorics.EditApproximation.Refinement.StageComparisonPrediction (26s)
✔ [9186/9947] Built OAI.Combinatorics.EditApproximation.Binary.BinaryBandInputs (26s)
✔ [9187/9947] Built OAI.Combinatorics.EditApproximation.Geometry.BandEnvelopeBits (26s)
✔ [9188/9947] Built OAI.Combinatorics.EditApproximation.Refinement.PhysicalParentDraw (27s)
✔ [9189/9947] Built OAI.Combinatorics.EditApproximation.Probability.FiniteQueryRestriction (24s)
✔ [9190/9947] Built OAI.Combinatorics.EditApproximation.Binary.BitControlSpace (28s)
✔ [9191/9947] Built OAI.Combinatorics.EditApproximation.Binary.BitQuery (24s)
✔ [9192/9947] Built OAI.Combinatorics.EditApproximation.Geometry.DyadicQueryWindow (24s)
✔ [9193/9947] Built OAI.Combinatorics.EditApproximation.Refinement.PhysicalSubtreePrediction (27s)
✔ [9194/9947] Built OAI.Combinatorics.EditApproximation.Binary.BinaryBandInputWork (25s)
✔ [9195/9947] Built OAI.Combinatorics.EditApproximation.Binary.BinaryDyadicCeiling (25s)
✔ [9196/9947] Built OAI.Combinatorics.EditApproximation.Refinement.PhysicalSubtreeGeneric (29s)
✔ [9197/9947] Built OAI.Combinatorics.EditApproximation.Geometry.OnlineLinearBits (25s)
✔ [9198/9947] Built OAI.Combinatorics.EditApproximation.Refinement.PhysicalTreeNear (29s)
✔ [9199/9947] Built OAI.Combinatorics.EditApproximation.Probability.FiniteResampling (20s)
✔ [9200/9947] Built OAI.Combinatorics.EditApproximation.Refinement.PhysicalConditionalNode (25s)
✔ [9201/9947] Built OAI.Combinatorics.EditApproximation.Geometry.RankedProgramRestriction (22s)
✔ [9202/9947] Built OAI.Combinatorics.EditApproximation.Geometry.SourceRankedProgram (23s)
✔ [9203/9947] Built OAI.Combinatorics.EditApproximation.Binary.BitQuerySpace (22s)
✔ [9204/9947] Built OAI.Combinatorics.EditApproximation.Binary.FractionControlSpace (23s)
✔ [9205/9947] Built OAI.Combinatorics.EditApproximation.Binary.BitMemoMap (23s)
✔ [9206/9947] Built OAI.Combinatorics.EditApproximation.Refinement.PhysicalWarmupStepQuery (24s)
✔ [9207/9947] Built OAI.Combinatorics.EditApproximation.Refinement.PhysicalQueryBudget (22s)
✔ [9208/9947] Built OAI.Combinatorics.EditApproximation.Refinement.PhysicalSubtreeNear (25s)
✔ [9209/9947] Built OAI.Combinatorics.EditApproximation.Probability.AdaptiveSeedLaw (23s)
✔ [9210/9947] Built OAI.Combinatorics.EditApproximation.Geometry.RankedMemoStorage (23s)
✔ [9211/9947] Built OAI.Combinatorics.EditApproximation.Geometry.SourceErasure (22s)
✔ [9212/9947] Built OAI.Combinatorics.EditApproximation.Refinement.PhysicalProgramLaw (25s)
✔ [9213/9947] Built OAI.Combinatorics.EditApproximation.Binary.BinaryOnlineInputs (28s)
✔ [9214/9947] Built OAI.Combinatorics.EditApproximation.Refinement.PhysicalTreeBudget (29s)
✔ [9215/9947] Built OAI.Combinatorics.EditApproximation.Geometry.SourceRankedEncoding (21s)
✔ [9216/9947] Built OAI.Combinatorics.EditApproximation.Geometry.SourceRankedRestriction (19s)
✔ [9217/9947] Built OAI.Combinatorics.EditApproximation.Numerics.ScalarControlSpace (23s)
✔ [9218/9947] Built OAI.Combinatorics.EditApproximation.Binary.BitMemoRun (23s)
✔ [9219/9947] Built OAI.Combinatorics.EditApproximation.Geometry.WarmupQueryKeys (23s)
✔ [9220/9947] Built OAI.Combinatorics.EditApproximation.Geometry.LocalGroupBudget (23s)
✔ [9221/9947] Built OAI.Combinatorics.EditApproximation.Probability.FiniteSeedFinal (24s)
✔ [9222/9947] Built OAI.Combinatorics.EditApproximation.Probability.AdaptiveSeedTrace (24s)
✔ [9223/9947] Built OAI.Combinatorics.EditApproximation.Probability.AdaptiveMarginalLaw (23s)
✔ [9224/9947] Built OAI.Combinatorics.EditApproximation.Geometry.OccurrenceStorage (22s)
✔ [9225/9947] Built OAI.Combinatorics.EditApproximation.Binary.BitRankedMemo (24s)
✔ [9226/9947] Built OAI.Combinatorics.EditApproximation.Binary.BinaryOnlineInputWork (29s)
✔ [9227/9947] Built OAI.Combinatorics.EditApproximation.Geometry.CommonRangeSource (22s)
✔ [9228/9947] Built OAI.Combinatorics.EditApproximation.Geometry.CommonSeedTrace (24s)
✔ [9229/9947] Built OAI.Combinatorics.EditApproximation.Geometry.CurrentQueryInputs (26s)
✔ [9230/9947] Built OAI.Combinatorics.EditApproximation.Refinement.PhysicalSubtreeBudget (31s)
✔ [9231/9947] Built OAI.Combinatorics.EditApproximation.Refinement.PhysicalProgramRefreshWiring (36s)
✔ [9232/9947] Built OAI.Combinatorics.EditApproximation.Binary.IntegerOccurrenceStorage (25s)
✔ [9233/9947] Built OAI.Combinatorics.EditApproximation.Binary.BitMemoHeap (23s)
✔ [9234/9947] Built OAI.Combinatorics.EditApproximation.Binary.BitMemoSound (23s)
✔ [9235/9947] Built OAI.Combinatorics.EditApproximation.Binary.BinaryPreparedOptimizer (24s)
✔ [9236/9947] Built OAI.Combinatorics.EditApproximation.Geometry.CommonArrayTrace (24s)
✔ [9237/9947] Built OAI.Combinatorics.EditApproximation.Refinement.ComputedCurrentQueryBudget (25s)
✔ [9238/9947] Built OAI.Combinatorics.EditApproximation.Geometry.WideEarlierInputs (26s)
✔ [9239/9947] Built OAI.Combinatorics.EditApproximation.Binary.BinaryBandEnvelope (72s)
✔ [9240/9947] Built OAI.Combinatorics.EditApproximation.Binary.BitMemoWork (22s)
✔ [9241/9947] Built OAI.Combinatorics.EditApproximation.Binary.BitMemoStorage (23s)
✔ [9242/9947] Built OAI.Combinatorics.EditApproximation.Binary.BitQueryOn (22s)
✔ [9243/9947] Built OAI.Combinatorics.EditApproximation.Geometry.GroupInputDependence (29s)
✔ [9244/9947] Built OAI.Combinatorics.EditApproximation.Geometry.CommonArrayFinal (21s)
✔ [9245/9947] Built OAI.Combinatorics.EditApproximation.Numerics.OptimizerBitEnvelope (26s)
✔ [9246/9947] Built OAI.Combinatorics.EditApproximation.Geometry.BandEarlierDependence (22s)
✔ [9247/9947] Built OAI.Combinatorics.EditApproximation.Binary.BinaryFiniteLoops (19s)
✔ [9248/9947] Built OAI.Combinatorics.EditApproximation.Binary.BinaryActualBandOptimizer (20s)
✔ [9249/9947] Built OAI.Combinatorics.EditApproximation.Queries.QueryEarlierInputs (22s)
✔ [9250/9947] Built OAI.Combinatorics.EditApproximation.Refinement.PhysicalProgramNodeRegret (48s)
✔ [9251/9947] Built OAI.Combinatorics.EditApproximation.Binary.BitMemoOn (20s)
✔ [9252/9947] Built OAI.Combinatorics.EditApproximation.Probability.FiniteArrayMarginal (18s)
✔ [9253/9947] Built OAI.Combinatorics.EditApproximation.Geometry.LocalWideStep (22s)
✔ [9254/9947] Built OAI.Combinatorics.EditApproximation.Binary.BinaryDistanceWork (22s)
✔ [9255/9947] Built OAI.Combinatorics.EditApproximation.Binary.BinaryReadComposition (23s)
✔ [9256/9947] Built OAI.Combinatorics.EditApproximation.Coarse.CoarseGridArithmetic (23s)
✔ [9257/9947] Built OAI.Combinatorics.EditApproximation.Binary.BinaryBandAction (23s)
✔ [9258/9947] Built OAI.Combinatorics.EditApproximation.Geometry.EarlierValueDependence (22s)
✔ [9259/9947] Built OAI.Combinatorics.EditApproximation.Geometry.EarlierInputBudget (27s)
✔ [9260/9947] Built OAI.Combinatorics.EditApproximation.Binary.BitRankedMemoOn (22s)
✔ [9261/9947] Built OAI.Combinatorics.EditApproximation.Refinement.PhysicalLocalRefinement (23s)
✔ [9262/9947] Built OAI.Combinatorics.EditApproximation.Binary.BitQueryKeys (22s)
✔ [9263/9947] Built OAI.Combinatorics.EditApproximation.Geometry.ActualBandBitEnvelope (43s)
✔ [9264/9947] Built OAI.Combinatorics.EditApproximation.Binary.BinaryAffineGuard (22s)
✔ [9265/9947] Built OAI.Combinatorics.EditApproximation.Refinement.PhysicalProgramComparisonRegret (42s)
✔ [9266/9947] Built OAI.Combinatorics.EditApproximation.Geometry.GatheredLocalStep (27s)
✔ [9267/9947] Built OAI.Combinatorics.EditApproximation.Binary.BinaryPrefixWork (26s)
✔ [9268/9947] Built OAI.Combinatorics.EditApproximation.Binary.BinaryEnvelopeReads (20s)
✔ [9269/9947] Built OAI.Combinatorics.EditApproximation.Geometry.UnifiedPhysicalTable (21s)
✔ [9270/9947] Built OAI.Combinatorics.EditApproximation.Refinement.ComputedEarlierInputBudget (22s)
✔ [9271/9947] Built OAI.Combinatorics.EditApproximation.Binary.BitQueryKeysSpace (20s)
✔ [9272/9947] Built OAI.Combinatorics.EditApproximation.Binary.BitSourceRanked (20s)
✔ [9273/9947] Built OAI.Combinatorics.EditApproximation.Geometry.LocalOnlineProgram (22s)
✔ [9274/9947] Built OAI.Combinatorics.EditApproximation.Refinement.PhysicalLocalRefinementEquality (25s)
✔ [9275/9947] Built OAI.Combinatorics.EditApproximation.Coarse.CoarseThresholdArithmetic (20s)
✔ [9276/9947] Built OAI.Combinatorics.EditApproximation.Binary.BinaryWarmupAverage (20s)
✔ [9277/9947] Built OAI.Combinatorics.EditApproximation.Probability.FiniteBitPolynomial (23s)
✔ [9278/9947] Built OAI.Combinatorics.EditApproximation.Binary.BinaryPrefixReads (22s)
✔ [9279/9947] Built OAI.Combinatorics.EditApproximation.Refinement.PhysicalInputEncoding (23s)
✔ [9280/9947] Built OAI.Combinatorics.EditApproximation.Binary.BinaryBandGuardWork (24s)
✔ [9281/9947] Built OAI.Combinatorics.EditApproximation.Binary.BinaryOnlineReads (22s)
✔ [9282/9947] Built OAI.Combinatorics.EditApproximation.Refinement.ComputedEarlierHistory (19s)
✔ [9283/9947] Built OAI.Combinatorics.EditApproximation.Refinement.PhysicalProgramAccuracy (35s)
✔ [9284/9947] Built OAI.Combinatorics.EditApproximation.Refinement.PhysicalProgramSubtreeRegret (41s)
✔ [9285/9947] Built OAI.Combinatorics.EditApproximation.Geometry.LocalSeedSequence (20s)
✔ [9286/9947] Built OAI.Combinatorics.EditApproximation.Refinement.PhysicalLocalDenominator (21s)
✔ [9287/9947] Built OAI.Combinatorics.EditApproximation.Refinement.PhysicalLocalOnlineEquality (21s)
✔ [9288/9947] Built OAI.Combinatorics.EditApproximation.Geometry.OnlineEarlierDependence (21s)
✔ [9289/9947] Built OAI.Combinatorics.EditApproximation.Queries.QueryMeanRead (21s)
✔ [9290/9947] Built OAI.Combinatorics.EditApproximation.Coarse.CoarseArrayArithmetic (24s)
✔ [9291/9947] Built OAI.Combinatorics.EditApproximation.Refinement.PhysicalBinaryMass (26s)
✔ [9292/9947] Built OAI.Combinatorics.EditApproximation.Binary.BinaryCutReads (24s)
✔ [9293/9947] Built OAI.Combinatorics.EditApproximation.Refinement.PhysicalNodeEncoding (24s)
✔ [9294/9947] Built OAI.Combinatorics.EditApproximation.Geometry.PrefixBitEnvelope (26s)
✔ [9295/9947] Built OAI.Combinatorics.EditApproximation.Geometry.BandActionPolynomial (33s)
✔ [9296/9947] Built OAI.Combinatorics.EditApproximation.Coarse.CoarseThresholdStep (50s)
✔ [9297/9947] Built OAI.Combinatorics.EditApproximation.Binary.BinaryBellmanKernel (26s)
✔ [9298/9947] Built OAI.Combinatorics.EditApproximation.Refinement.PhysicalCachedWords (24s)
✔ [9299/9947] Built OAI.Combinatorics.EditApproximation.Refinement.PhysicalLocalOnlineKeys (24s)
✔ [9300/9947] Built OAI.Combinatorics.EditApproximation.Refinement.PhysicalProgramStateAccuracy (39s)
✔ [9301/9947] Built OAI.Combinatorics.EditApproximation.Coarse.CoarsePenaltyArithmetic (26s)
✔ [9302/9947] Built OAI.Combinatorics.EditApproximation.Refinement.PhysicalLocalProgramEquality (32s)
✔ [9303/9947] Built OAI.Combinatorics.EditApproximation.Geometry.LocalRefinementQuery (30s)
✔ [9304/9947] Built OAI.Combinatorics.EditApproximation.Coarse.CoarseScalarControlSpace (23s)
✔ [9305/9947] Built OAI.Combinatorics.EditApproximation.Refinement.PhysicalRequestEncoding (26s)
✔ [9306/9947] Built OAI.Combinatorics.EditApproximation.Coarse.CoarseScalarAllocation (23s)
✔ [9307/9947] Built OAI.Combinatorics.EditApproximation.Coarse.CoarseThresholdStepWork (25s)
✔ [9308/9947] Built OAI.Combinatorics.EditApproximation.Binary.BinaryContinuationWork (24s)
✔ [9309/9947] Built OAI.Combinatorics.EditApproximation.Binary.BinaryBellmanReads (24s)
✔ [9310/9947] Built OAI.Combinatorics.EditApproximation.Binary.BinaryRepresentativeKernel (24s)
✔ [9311/9947] Built OAI.Combinatorics.EditApproximation.Geometry.LocalOnlineMassBound (24s)
✔ [9312/9947] Built OAI.Combinatorics.EditApproximation.Binary.BinaryGroupKernel (26s)
✔ [9313/9947] Built OAI.Combinatorics.EditApproximation.Refinement.ComputedCacheWords (27s)
✔ [9314/9947] Built OAI.Combinatorics.EditApproximation.Refinement.PhysicalLocalGroupKeys (24s)
✔ [9315/9947] Built OAI.Combinatorics.EditApproximation.Coarse.CoarseArrayRepresentation (24s)
✔ [9316/9947] Built OAI.Combinatorics.EditApproximation.Refinement.PhysicalRawOnlineProgram (25s)
✔ [9317/9947] Built OAI.Combinatorics.EditApproximation.Geometry.RefinementInitialSupport (26s)
✔ [9318/9947] Built OAI.Combinatorics.EditApproximation.Refinement.PhysicalRefinementRequest (26s)
✔ [9319/9947] Built OAI.Combinatorics.EditApproximation.Refinement.PhysicalRequestBits (25s)
✔ [9320/9947] Built OAI.Combinatorics.EditApproximation.Geometry.LocalRefinementQueryWork (30s)
✔ [9321/9947] Built OAI.Combinatorics.EditApproximation.Geometry.ChargedPhysicalRequest (24s)
✔ [9322/9947] Built OAI.Combinatorics.EditApproximation.Refinement.PhysicalSeedPass (45s)
✔ [9323/9947] Built OAI.Combinatorics.EditApproximation.Binary.BinaryRepresentativeWork (24s)
✔ [9324/9947] Built OAI.Combinatorics.EditApproximation.Binary.BinaryScoreReads (22s)
✔ [9325/9947] Built OAI.Combinatorics.EditApproximation.Refinement.ComputedNumericalParameters (23s)
✔ [9326/9947] Built OAI.Combinatorics.EditApproximation.Binary.BinaryMedianKernel (25s)
✔ [9327/9947] Built OAI.Combinatorics.EditApproximation.Refinement.PhysicalRawGroupProgram (24s)
✔ [9328/9947] Built OAI.Combinatorics.EditApproximation.Refinement.PhysicalLocalProgramLaw (25s)
✔ [9329/9947] Built OAI.Combinatorics.EditApproximation.Refinement.ComputedBinaryOnlineParameters (27s)
✔ [9330/9947] Built OAI.Combinatorics.EditApproximation.Coarse.CoarseArrayAllocation (24s)
✔ [9331/9947] Built OAI.Combinatorics.EditApproximation.Coarse.CoarseArraySimulation (23s)
✔ [9332/9947] Built OAI.Combinatorics.EditApproximation.Coarse.CoarseBinaryEvaluation (22s)
✔ [9333/9947] Built OAI.Combinatorics.EditApproximation.Geometry.RefinementBandSupport (24s)
✔ [9334/9947] Built OAI.Combinatorics.EditApproximation.Refinement.PhysicalMedianQuery (23s)
✔ [9335/9947] Built OAI.Combinatorics.EditApproximation.Refinement.PhysicalSeedTables (23s)
✔ [9336/9947] Built OAI.Combinatorics.EditApproximation.Binary.BinaryBandTailWork (25s)
✔ [9337/9947] Built OAI.Combinatorics.EditApproximation.Geometry.AccuracyPrefixInspection (24s)
✔ [9338/9947] Built OAI.Combinatorics.EditApproximation.Geometry.LocalArithmeticBudget (26s)
✔ [9339/9947] Built OAI.Combinatorics.EditApproximation.Binary.BinaryRoundedKernel (24s)
✔ [9340/9947] Built OAI.Combinatorics.EditApproximation.Refinement.ComputedSourceAddressBits (25s)
✔ [9341/9947] Built OAI.Combinatorics.EditApproximation.Binary.BinaryInitialKernel (23s)
✔ [9342/9947] Built OAI.Combinatorics.EditApproximation.Binary.BinarySeedMedianWork (24s)
✔ [9343/9947] Built OAI.Combinatorics.EditApproximation.Binary.BinaryGroupSetup (25s)
✔ [9344/9947] Built OAI.Combinatorics.EditApproximation.Refinement.PhysicalLocalJointProgram (24s)
✔ [9345/9947] Built OAI.Combinatorics.EditApproximation.Refinement.PhysicalCommonSource (26s)
✔ [9346/9947] Built OAI.Combinatorics.EditApproximation.Coarse.CoarseArrayControlSpace (25s)
✔ [9347/9947] Built OAI.Combinatorics.EditApproximation.Coarse.CoarseBinaryRead (23s)
✔ [9348/9947] Built OAI.Combinatorics.EditApproximation.Coarse.CoarseCompactCells (24s)
✔ [9349/9947] Built OAI.Combinatorics.EditApproximation.Coarse.CoarseIndexedChildren (23s)
✔ [9350/9947] Built OAI.Combinatorics.EditApproximation.Coarse.CoarseBinaryWeight (23s)
✔ [9351/9947] Built OAI.Combinatorics.EditApproximation.Coarse.CoarseBinaryGrid (25s)
✔ [9352/9947] Built OAI.Combinatorics.EditApproximation.Geometry.ChargedSeedQuery (25s)
✔ [9353/9947] Built OAI.Combinatorics.EditApproximation.Geometry.RefinementDataQuery (26s)
✔ [9354/9947] Built OAI.Combinatorics.EditApproximation.Geometry.RefinementSupportBudget (29s)
✔ [9355/9947] Built OAI.Combinatorics.EditApproximation.Refinement.PhysicalCoarseSeedLaw (26s)
✔ [9356/9947] Built OAI.Combinatorics.EditApproximation.Geometry.LocalArithmeticAsymptotics (25s)
✔ [9357/9947] Built OAI.Combinatorics.EditApproximation.Refinement.PhysicalSeedSchedule (32s)
✔ [9358/9947] Built OAI.Combinatorics.EditApproximation.Binary.BinaryRoundedReads (24s)
✔ [9359/9947] Built OAI.Combinatorics.EditApproximation.Binary.BinaryRoundedWork (26s)
✔ [9360/9947] Built OAI.Combinatorics.EditApproximation.Binary.BinaryLocalGrid (25s)
✔ [9361/9947] Built OAI.Combinatorics.EditApproximation.Binary.BinaryUnskippedKernel (26s)
✔ [9362/9947] Built OAI.Combinatorics.EditApproximation.Binary.BinaryInitialWork (27s)
✔ [9363/9947] Built OAI.Combinatorics.EditApproximation.Refinement.PhysicalLocalValueLaw (25s)
✔ [9364/9947] Built OAI.Combinatorics.EditApproximation.Binary.BinaryGroupSetupWork (33s)
✔ [9365/9947] Built OAI.Combinatorics.EditApproximation.Geometry.LocalMedianDrawLaw (28s)
✔ [9366/9947] Built OAI.Combinatorics.EditApproximation.Refinement.PhysicalScalarSource (27s)
✔ [9367/9947] Built OAI.Combinatorics.EditApproximation.Coarse.CoarseCellBounds (26s)
✔ [9368/9947] Built OAI.Combinatorics.EditApproximation.Coarse.CoarseChildAllocation (25s)
✔ [9369/9947] Built OAI.Combinatorics.EditApproximation.Coarse.CoarseChildControlSpace (26s)
✔ [9370/9947] Built OAI.Combinatorics.EditApproximation.Coarse.CoarseIndexedCompare (25s)
✔ [9371/9947] Built OAI.Combinatorics.EditApproximation.Coarse.CoarseCompleteWork (26s)
✔ [9372/9947] Built OAI.Combinatorics.EditApproximation.Coarse.CoarseChildrenSimulation (24s)
✔ [9373/9947] Built OAI.Combinatorics.EditApproximation.Coarse.CoarseWeightSimulation (26s)
✔ [9374/9947] Built OAI.Combinatorics.EditApproximation.Geometry.RefinementDataQueryWork (29s)
✔ [9375/9947] Built OAI.Combinatorics.EditApproximation.Refinement.PhysicalRefinementDataRequest (28s)
✔ [9376/9947] Built OAI.Combinatorics.EditApproximation.Geometry.LocalOnlineSourceQuery (27s)
✔ [9377/9947] Built OAI.Combinatorics.EditApproximation.Refinement.ComputedRefinementWords (28s)
✔ [9378/9947] Built OAI.Combinatorics.EditApproximation.Binary.BinaryBandCoordinates (29s)
✔ [9379/9947] Built OAI.Combinatorics.EditApproximation.Refinement.PhysicalFinalAccuracy (35s)
✔ [9380/9947] Built OAI.Combinatorics.EditApproximation.Binary.BinaryLoopSpace (27s)
✔ [9381/9947] Built OAI.Combinatorics.EditApproximation.Binary.BinaryReadCostBounds (30s)
✔ [9382/9947] Built OAI.Combinatorics.EditApproximation.Binary.BinaryScaleGrid (30s)
✔ [9383/9947] Built OAI.Combinatorics.EditApproximation.Binary.BinaryCountedGroup (28s)
✔ [9384/9947] Built OAI.Combinatorics.EditApproximation.Binary.BinaryInitialMinimumWork (31s)
✔ [9385/9947] Built OAI.Combinatorics.EditApproximation.Binary.BinaryLocalGridWork (39s)
✔ [9386/9947] Built OAI.Combinatorics.EditApproximation.Refinement.PhysicalScalarEncoding (33s)
✔ [9387/9947] Built OAI.Combinatorics.EditApproximation.Coarse.CoarseBinaryBox (29s)
✔ [9388/9947] Built OAI.Combinatorics.EditApproximation.Geometry.LocalSeedSchedule (36s)
✔ [9389/9947] Built OAI.Combinatorics.EditApproximation.Coarse.CoarseScalarBounds (33s)
✔ [9390/9947] Built OAI.Combinatorics.EditApproximation.Coarse.CoarseIndexBudget (28s)
✔ [9391/9947] Built OAI.Combinatorics.EditApproximation.Coarse.CoarseCompleteArrayWork (27s)
✔ [9392/9947] Built OAI.Combinatorics.EditApproximation.Refinement.PhysicalGlobalQuery (27s)
✔ [9393/9947] Built OAI.Combinatorics.EditApproximation.Coarse.CoarseBinaryCorrectness (28s)
✔ [9394/9947] Built OAI.Combinatorics.EditApproximation.Geometry.LocalGroupSourceQuery (28s)
✔ [9395/9947] Built OAI.Combinatorics.EditApproximation.Refinement.ComputedSeedWords (28s)
✔ [9396/9947] Built OAI.Combinatorics.EditApproximation.Binary.BinaryGatheredValues (28s)
✔ [9397/9947] Built OAI.Combinatorics.EditApproximation.Refinement.PhysicalConditionalAccuracy (29s)
✔ [9398/9947] Built OAI.Combinatorics.EditApproximation.Binary.BinaryNumericSpace (29s)
✔ [9399/9947] Built OAI.Combinatorics.EditApproximation.Queries.QueryListWork (31s)
✔ [9400/9947] Built OAI.Combinatorics.EditApproximation.Binary.BinaryInitialGuardWork (29s)
✔ [9401/9947] Built OAI.Combinatorics.EditApproximation.Refinement.PhysicalRefinementReadWork (50s)
✔ [9402/9947] Built OAI.Combinatorics.EditApproximation.Binary.BinaryCellGrid (27s)
✔ [9403/9947] Built OAI.Combinatorics.EditApproximation.Binary.BinaryWideGrid (25s)
✔ [9404/9947] Built OAI.Combinatorics.EditApproximation.Binary.BinaryCountedGroupWork (25s)
✔ [9405/9947] Built OAI.Combinatorics.EditApproximation.Binary.BinaryGroupSourcePort (28s)
✔ [9406/9947] Built OAI.Combinatorics.EditApproximation.Refinement.PhysicalScalarCodeBits (27s)
✔ [9407/9947] Built OAI.Combinatorics.EditApproximation.Geometry.LocalCommonSeed (30s)
✔ [9408/9947] Built OAI.Combinatorics.EditApproximation.Binary.BinaryTriangularChoice (34s)
✔ [9409/9947] Built OAI.Combinatorics.EditApproximation.Coarse.CoarseCompletePolynomial (28s)
✔ [9410/9947] Built OAI.Combinatorics.EditApproximation.Geometry.LocalTraceProgram (35s)
✔ [9411/9947] Built OAI.Combinatorics.EditApproximation.Refinement.PhysicalGlobalValue (29s)
✔ [9412/9947] Built OAI.Combinatorics.EditApproximation.Coarse.CoarseRootExecution (25s)
✔ [9413/9947] Built OAI.Combinatorics.EditApproximation.Refinement.PhysicalScalarReads (25s)
✔ [9414/9947] Built OAI.Combinatorics.EditApproximation.Geometry.LocalRandomSourceQuery (25s)
✔ [9415/9947] Built OAI.Combinatorics.EditApproximation.Binary.BinaryBufferSpace (26s)
✔ [9416/9947] Built OAI.Combinatorics.EditApproximation.Probability.FiniteBufferRanges (25s)
✔ [9417/9947] Built OAI.Combinatorics.EditApproximation.Coarse.CoarseChildrenBitWork (54s)
✔ [9418/9947] Built OAI.Combinatorics.EditApproximation.Binary.BinaryOptimizerSpace (26s)
✔ [9419/9947] Built OAI.Combinatorics.EditApproximation.Geometry.LocalFinalAccuracy (33s)
✔ [9420/9947] Built OAI.Combinatorics.EditApproximation.Binary.BinaryReductionSpace (26s)
✔ [9421/9947] Built OAI.Combinatorics.EditApproximation.Queries.QueryOrderedInputs (26s)
✔ [9422/9947] Built OAI.Combinatorics.EditApproximation.Refinement.PhysicalQueryProgress (26s)
✔ [9423/9947] Built OAI.Combinatorics.EditApproximation.Binary.BinaryFinalAnswer (27s)
✔ [9424/9947] Built OAI.Combinatorics.EditApproximation.Binary.BinaryCellCenters (24s)
✔ [9425/9947] Built OAI.Combinatorics.EditApproximation.Binary.BinaryGroupMemberSource (25s)
✔ [9426/9947] Built OAI.Combinatorics.EditApproximation.Binary.BinaryWideGridWork (27s)
✔ [9427/9947] Built OAI.Combinatorics.EditApproximation.Geometry.LocalCommonTrace (24s)
✔ [9428/9947] Built OAI.Combinatorics.EditApproximation.Coarse.CoarseInitialBinary (24s)
✔ [9429/9947] Built OAI.Combinatorics.EditApproximation.Refinement.PhysicalBoundedQuery (25s)
✔ [9430/9947] Built OAI.Combinatorics.EditApproximation.Refinement.ComputedSourceReadBudget (25s)
✔ [9431/9947] Built OAI.Combinatorics.EditApproximation.Geometry.LocalRandomDataQuery (26s)
✔ [9432/9947] Built OAI.Combinatorics.EditApproximation.Geometry.RefinementBufferRanges (26s)
✔ [9433/9947] Built OAI.Combinatorics.EditApproximation.Binary.BinarySelectionSpace (25s)
✔ [9434/9947] Built OAI.Combinatorics.EditApproximation.Coarse.CoarseLevelMagnitude (26s)
✔ [9435/9947] Built OAI.Combinatorics.EditApproximation.Binary.BinaryBandStorage (26s)
✔ [9436/9947] Built OAI.Combinatorics.EditApproximation.Binary.BinaryEnvelopeSpace (25s)
✔ [9437/9947] Built OAI.Combinatorics.EditApproximation.Binary.BinaryMedianSpace (26s)
✔ [9438/9947] Built OAI.Combinatorics.EditApproximation.Binary.BinaryGeometrySpace (27s)
✔ [9439/9947] Built OAI.Combinatorics.EditApproximation.Queries.QueryInputCodes (25s)
✔ [9440/9947] Built OAI.Combinatorics.EditApproximation.Refinement.ComputedRefinementReadBudget (36s)
✔ [9441/9947] Built OAI.Combinatorics.EditApproximation.Coarse.CoarseInitialExecution (27s)
✔ [9442/9947] Built OAI.Combinatorics.EditApproximation.Coarse.CoarseIndexedRead (26s)
✔ [9443/9947] Built OAI.Combinatorics.EditApproximation.Binary.BinaryWideChildWork (36s)
✔ [9444/9947] Built OAI.Combinatorics.EditApproximation.Geometry.GlobalQueryProgress (27s)
✔ [9445/9947] Built OAI.Combinatorics.EditApproximation.Binary.BinaryCellGridWork (38s)
✔ [9446/9947] Built OAI.Combinatorics.EditApproximation.Geometry.LocalRandomQueryKeys (26s)
✔ [9447/9947] Built OAI.Combinatorics.EditApproximation.Geometry.ChargedGlobalQuery (29s)
✔ [9448/9947] Built OAI.Combinatorics.EditApproximation.Refinement.PhysicalRandomDataRequest (25s)
✔ [9449/9947] Built OAI.Combinatorics.EditApproximation.Binary.BinaryGroupSpace (25s)
✔ [9450/9947] Built OAI.Combinatorics.EditApproximation.Binary.BinaryOnlineSpace (25s)
✔ [9451/9947] Built OAI.Combinatorics.EditApproximation.Binary.BinaryBellmanSpace (25s)
✔ [9452/9947] Built OAI.Combinatorics.EditApproximation.Coarse.CoarseBitParameters (27s)
✔ [9453/9947] Built OAI.Combinatorics.EditApproximation.Binary.BinaryPrefixSpace (23s)
✔ [9454/9947] Built OAI.Combinatorics.EditApproximation.Queries.QueryOrderBounds (24s)
✔ [9455/9947] Built OAI.Combinatorics.EditApproximation.Queries.QueryActionInputs (23s)
✔ [9456/9947] Built OAI.Combinatorics.EditApproximation.Coarse.CoarseBinaryBitWork (47s)
✔ [9457/9947] Built OAI.Combinatorics.EditApproximation.Coarse.CoarseIndexedFrameWork (22s)
✔ [9458/9947] Built OAI.Combinatorics.EditApproximation.Coarse.CoarseInitialWorkBounds (25s)
✔ [9459/9947] Built OAI.Combinatorics.EditApproximation.Binary.BinaryPhysicalContinuation (23s)
✔ [9460/9947] Built OAI.Combinatorics.EditApproximation.Coarse.CoarseReadTree (24s)
✔ [9461/9947] Built OAI.Combinatorics.EditApproximation.Binary.BinaryPreparedRepresentative (23s)
✔ [9462/9947] Built OAI.Combinatorics.EditApproximation.Geometry.LocalTraceMemoOutput (29s)
✔ [9463/9947] Built OAI.Combinatorics.EditApproximation.Refinement.PhysicalRequestGrid (24s)
✔ [9464/9947] Built OAI.Combinatorics.EditApproximation.Refinement.PhysicalLocalValueBits (24s)
✔ [9465/9947] Built OAI.Combinatorics.EditApproximation.Geometry.ChargedCoarseOracle (26s)
✔ [9466/9947] Built OAI.Combinatorics.EditApproximation.Geometry.ChargedRequestSpace (25s)
✔ [9467/9947] Built OAI.Combinatorics.EditApproximation.Geometry.ChargedQueryProgress (26s)
✔ [9468/9947] Built OAI.Combinatorics.EditApproximation.Geometry.GlobalQueryCost (26s)
✔ [9469/9947] Built OAI.Combinatorics.EditApproximation.Geometry.WarmupReadWork (25s)
✔ [9470/9947] Built OAI.Combinatorics.EditApproximation.Refinement.PhysicalRandomPassCopy (22s)
✔ [9471/9947] Built OAI.Combinatorics.EditApproximation.Refinement.PhysicalRandomRequestBounds (21s)
✔ [9472/9947] Built OAI.Combinatorics.EditApproximation.Refinement.PhysicalRandomRequestProgress (23s)
✔ [9473/9947] Built OAI.Combinatorics.EditApproximation.Refinement.PhysicalRandomGlobalQuery (25s)
✔ [9474/9947] Built OAI.Combinatorics.EditApproximation.Queries.QueryScopedOrder (26s)
✔ [9475/9947] Built OAI.Combinatorics.EditApproximation.Queries.QueryCodeBounds (26s)
✔ [9476/9947] Built OAI.Combinatorics.EditApproximation.Coarse.CoarseRootWork (27s)
✔ [9477/9947] Built OAI.Combinatorics.EditApproximation.Binary.BinarySampledOnline (23s)
✔ [9478/9947] Built OAI.Combinatorics.EditApproximation.Coarse.CoarseInitialCost (30s)
✔ [9479/9947] Built OAI.Combinatorics.EditApproximation.Binary.BinaryCachedContinuation (22s)
✔ [9480/9947] Built OAI.Combinatorics.EditApproximation.Binary.BinarySampledGroups (25s)
✔ [9481/9947] Built OAI.Combinatorics.EditApproximation.Binary.BinaryBandReads (25s)
✔ [9482/9947] Built OAI.Combinatorics.EditApproximation.Coarse.CoarseDescriptorWork (27s)
✔ [9483/9947] Built OAI.Combinatorics.EditApproximation.Binary.BinaryPreparedRepresentativeWork (25s)
✔ [9484/9947] Built OAI.Combinatorics.EditApproximation.Binary.BinaryPreparedUnskipped (25s)
✔ [9485/9947] Built OAI.Combinatorics.EditApproximation.Geometry.RankedMemoKeys (24s)
✔ [9486/9947] Built OAI.Combinatorics.EditApproximation.Probability.FiniteQueryCostOrder (23s)
✔ [9487/9947] Built OAI.Combinatorics.EditApproximation.Geometry.LocalCommonOutput (30s)
✔ [9488/9947] Built OAI.Combinatorics.EditApproximation.Geometry.RefinementRankCost (22s)
✔ [9489/9947] Built OAI.Combinatorics.EditApproximation.Refinement.PhysicalRandomGlobalProgress (23s)
✔ [9490/9947] Built OAI.Combinatorics.EditApproximation.Refinement.PhysicalRandomRankCost (24s)
✔ [9491/9947] Built OAI.Combinatorics.EditApproximation.Refinement.PhysicalRandomBoundedQuery (23s)
✔ [9492/9947] Built OAI.Combinatorics.EditApproximation.Refinement.ComputedWarmupReadBudget (26s)
✔ [9493/9947] Built OAI.Combinatorics.EditApproximation.Coarse.CoarseRootBounds (23s)
✔ [9494/9947] Built OAI.Combinatorics.EditApproximation.Binary.BinaryCoordinateAction (23s)
✔ [9495/9947] Built OAI.Combinatorics.EditApproximation.Binary.BinarySampledOnlineWork (23s)
✔ [9496/9947] Built OAI.Combinatorics.EditApproximation.Queries.QueryHistoryCodeBounds (28s)
✔ [9497/9947] Built OAI.Combinatorics.EditApproximation.Binary.BinaryContinuationReads (25s)
✔ [9498/9947] Built OAI.Combinatorics.EditApproximation.Binary.BitQueryNormalize (24s)
✔ [9499/9947] Built OAI.Combinatorics.EditApproximation.Binary.BinaryGroupReads (26s)
✔ [9500/9947] Built OAI.Combinatorics.EditApproximation.Binary.BinarySampledGroupWork (26s)
✔ [9501/9947] Built OAI.Combinatorics.EditApproximation.Coarse.CoarseReadCore (25s)
✔ [9502/9947] Built OAI.Combinatorics.EditApproximation.Binary.BinaryDyadicSampledGroups (28s)
✔ [9503/9947] Built OAI.Combinatorics.EditApproximation.Coarse.CoarseReadAccess (26s)
✔ [9504/9947] Built OAI.Combinatorics.EditApproximation.Coarse.CoarseInitialScalar (39s)
✔ [9505/9947] Built OAI.Combinatorics.EditApproximation.Binary.BinaryWideActionsWork (25s)
✔ [9506/9947] Built OAI.Combinatorics.EditApproximation.Binary.BinaryUnskippedReads (26s)
✔ [9507/9947] Built OAI.Combinatorics.EditApproximation.Geometry.LocalSourceReadCost (25s)
✔ [9508/9947] Built OAI.Combinatorics.EditApproximation.Geometry.SourceRankedWork (26s)
✔ [9509/9947] Built OAI.Combinatorics.EditApproximation.Geometry.ChargedIndexCost (27s)
✔ [9510/9947] Built OAI.Combinatorics.EditApproximation.Refinement.PhysicalRandomBoundedCost (27s)
✔ [9511/9947] Built OAI.Combinatorics.EditApproximation.Refinement.PhysicalRandomValue (26s)
✔ [9512/9947] Built OAI.Combinatorics.EditApproximation.Geometry.ChargedRandomGlobalQuery (27s)
✔ [9513/9947] Built OAI.Combinatorics.EditApproximation.Binary.BinaryBandActionReads (26s)
✔ [9514/9947] Built OAI.Combinatorics.EditApproximation.Binary.BinaryCoordinateActionWork (25s)
✔ [9515/9947] Built OAI.Combinatorics.EditApproximation.Queries.QueryScalarDispatch (26s)
✔ [9516/9947] Built OAI.Combinatorics.EditApproximation.Binary.BinaryContinuationSpace (25s)
✔ [9517/9947] Built OAI.Combinatorics.EditApproximation.Binary.BitRankedNormalize (26s)
✔ [9518/9947] Built OAI.Combinatorics.EditApproximation.Binary.BinaryGroupReductionSpace (26s)
✔ [9519/9947] Built OAI.Combinatorics.EditApproximation.Binary.BinaryContinuationReadCosts (27s)
✔ [9520/9947] Built OAI.Combinatorics.EditApproximation.Binary.BinarySampledGroupPolynomial (28s)
✔ [9521/9947] Built OAI.Combinatorics.EditApproximation.Coarse.CoarseReadEvaluation (25s)
✔ [9522/9947] Built OAI.Combinatorics.EditApproximation.Binary.BinarySelectedGroupWork (26s)
✔ [9523/9947] Built OAI.Combinatorics.EditApproximation.Coarse.CoarseReadLeafWork (25s)
✔ [9524/9947] Built OAI.Combinatorics.EditApproximation.Binary.BinaryCellGroupKernel (27s)
✔ [9525/9947] Built OAI.Combinatorics.EditApproximation.Coarse.CoarseRangeCopy (28s)
✔ [9526/9947] Built OAI.Combinatorics.EditApproximation.Binary.BinaryBandReadCosts (28s)
✔ [9527/9947] Built OAI.Combinatorics.EditApproximation.Geometry.LocalRandomSourceCost (27s)
✔ [9528/9947] Built OAI.Combinatorics.EditApproximation.Geometry.SourceRankedKeys (25s)
✔ [9529/9947] Built OAI.Combinatorics.EditApproximation.Geometry.ChargedTerminalCost (25s)
✔ [9530/9947] Built OAI.Combinatorics.EditApproximation.Binary.BinaryGroupActionReads (41s)
✔ [9531/9947] Built OAI.Combinatorics.EditApproximation.Refinement.PhysicalScalarFamily (27s)
✔ [9532/9947] Built OAI.Combinatorics.EditApproximation.Geometry.ChargedRandomCost (25s)
✔ [9533/9947] Built OAI.Combinatorics.EditApproximation.Geometry.ChargedRandomProgress (26s)
✔ [9534/9947] Built OAI.Combinatorics.EditApproximation.Geometry.ChargedRandomCoarseOracle (27s)
✔ [9535/9947] Built OAI.Combinatorics.EditApproximation.Geometry.ChargedRandomMemo (25s)
✔ [9536/9947] Built OAI.Combinatorics.EditApproximation.Binary.BinaryKeyedOnline (27s)
✔ [9537/9947] Built OAI.Combinatorics.EditApproximation.Binary.BinarySampledOnlinePolynomial (27s)
✔ [9538/9947] Built OAI.Combinatorics.EditApproximation.Queries.QueryPhysicalScalarGuards (26s)
✔ [9539/9947] Built OAI.Combinatorics.EditApproximation.Binary.BitQueryNormalizationCost (25s)
✔ [9540/9947] Built OAI.Combinatorics.EditApproximation.Binary.BinaryGroupSourceSpace (24s)
✔ [9541/9947] Built OAI.Combinatorics.EditApproximation.Coarse.CoarseIndexedExecution (23s)
✔ [9542/9947] Built OAI.Combinatorics.EditApproximation.Coarse.CoarseAccessAllocation (25s)
✔ [9543/9947] Built OAI.Combinatorics.EditApproximation.Binary.BinaryUnskippedGuardWork (30s)
✔ [9544/9947] Built OAI.Combinatorics.EditApproximation.Binary.BinaryComputedCellGroup (26s)
✔ [9545/9947] Built OAI.Combinatorics.EditApproximation.Binary.BinaryPreparedCellGroup (26s)
✔ [9546/9947] Built OAI.Combinatorics.EditApproximation.Coarse.CoarseAccessControlSpace (27s)
✔ [9547/9947] Built OAI.Combinatorics.EditApproximation.Coarse.CoarseSliceCopy (25s)
✔ [9548/9947] Built OAI.Combinatorics.EditApproximation.Refinement.PhysicalRandomSourceCost (25s)
✔ [9549/9947] Built OAI.Combinatorics.EditApproximation.Geometry.LocalRandomTableCost (26s)
✔ [9550/9947] Built OAI.Combinatorics.EditApproximation.Refinement.ComputedChargedQueryBudget (25s)
✔ [9551/9947] Built OAI.Combinatorics.EditApproximation.Refinement.PhysicalScalarReadCost (27s)
✔ [9552/9947] Built OAI.Combinatorics.EditApproximation.Geometry.ChargedRandomIndexCost (26s)
✔ [9553/9947] Built OAI.Combinatorics.EditApproximation.Refinement.PhysicalFamilyEncoding (29s)
✔ [9554/9947] Built OAI.Combinatorics.EditApproximation.Binary.BinaryGroupReadCosts (39s)
✔ [9555/9947] Built OAI.Combinatorics.EditApproximation.Refinement.PhysicalScalarFamilyLaw (35s)
✔ [9556/9947] Built OAI.Combinatorics.EditApproximation.Binary.BinaryPreparedOnline (24s)
✔ [9557/9947] Built OAI.Combinatorics.EditApproximation.Binary.BinaryOnlineSetupWork (26s)
✔ [9558/9947] Built OAI.Combinatorics.EditApproximation.Geometry.ChargedRandomCoarseKeys (32s)
✔ [9559/9947] Built OAI.Combinatorics.EditApproximation.Queries.QueryBoundedBody (22s)
✔ [9560/9947] Built OAI.Combinatorics.EditApproximation.Coarse.CoarseIndexedValue (22s)
✔ [9561/9947] Built OAI.Combinatorics.EditApproximation.Coarse.CoarseIndexedAllocation (23s)
✔ [9562/9947] Built OAI.Combinatorics.EditApproximation.Binary.BinaryLocalGroupActions (22s)
✔ [9563/9947] Built OAI.Combinatorics.EditApproximation.Binary.BinaryPreparedUnskippedWork (23s)
✔ [9564/9947] Built OAI.Combinatorics.EditApproximation.Binary.BinaryPreparedComputedCell (21s)
✔ [9565/9947] Built OAI.Combinatorics.EditApproximation.Binary.BinaryCellReads (23s)
✔ [9566/9947] Built OAI.Combinatorics.EditApproximation.Coarse.CoarseIndexedControlSpace (23s)
✔ [9567/9947] Built OAI.Combinatorics.EditApproximation.Coarse.CoarseInputGuard (23s)
✔ [9568/9947] Built OAI.Combinatorics.EditApproximation.Refinement.ComputedGlobalSourceCost (23s)
✔ [9569/9947] Built OAI.Combinatorics.EditApproximation.Refinement.ComputedRandomTableCost (24s)
✔ [9570/9947] Built OAI.Combinatorics.EditApproximation.Refinement.ComputedScalarCodeBits (23s)
✔ [9571/9947] Built OAI.Combinatorics.EditApproximation.Refinement.PhysicalFamilySampling (23s)
✔ [9572/9947] Built OAI.Combinatorics.EditApproximation.Geometry.ChargedDependencyExpansion (32s)
✔ [9573/9947] Built OAI.Combinatorics.EditApproximation.Refinement.PhysicalFamilyTrace (29s)
✔ [9574/9947] Built OAI.Combinatorics.EditApproximation.Queries.QueryRestrictionCost (23s)
✔ [9575/9947] Built OAI.Combinatorics.EditApproximation.Coarse.CoarseIndexedExtra (22s)
✔ [9576/9947] Built OAI.Combinatorics.EditApproximation.Binary.BinaryPreparedOnlineReads (25s)
✔ [9577/9947] Built OAI.Combinatorics.EditApproximation.Coarse.CoarseIndexedInitial (23s)
✔ [9578/9947] Built OAI.Combinatorics.EditApproximation.Binary.BinarySampledSourcePort (45s)
✔ [9579/9947] Built OAI.Combinatorics.EditApproximation.Binary.BinaryLocalGuardWork (23s)
✔ [9580/9947] Built OAI.Combinatorics.EditApproximation.Binary.BinaryRefinementLists (22s)
✔ [9581/9947] Built OAI.Combinatorics.EditApproximation.Geometry.PreparedBandPolynomial (26s)
✔ [9582/9947] Built OAI.Combinatorics.EditApproximation.Binary.BinaryCellReadCosts (23s)
✔ [9583/9947] Built OAI.Combinatorics.EditApproximation.Binary.BinaryPreparedLocalGroups (25s)
✔ [9584/9947] Built OAI.Combinatorics.EditApproximation.Coarse.CoarseInputPreparation (25s)
✔ [9585/9947] Built OAI.Combinatorics.EditApproximation.Refinement.ComputedRandomPhysicalCost (23s)
✔ [9586/9947] Built OAI.Combinatorics.EditApproximation.Refinement.ComputedChargedRandomSourceCost (29s)
✔ [9587/9947] Built OAI.Combinatorics.EditApproximation.Refinement.ComputedFamilyEncoding (23s)
✔ [9588/9947] Built OAI.Combinatorics.EditApproximation.Geometry.ChargedQueryAsymptotics (29s)
✔ [9589/9947] Built OAI.Combinatorics.EditApproximation.Coarse.CoarseIndexedCostComparison (23s)
✔ [9590/9947] Built OAI.Combinatorics.EditApproximation.Binary.BinaryOnlineReadCosts (24s)
✔ [9591/9947] Built OAI.Combinatorics.EditApproximation.Coarse.CoarseArrayStorage (23s)
✔ [9592/9947] Built OAI.Combinatorics.EditApproximation.Refinement.PhysicalFamilySeedTrace (30s)
✔ [9593/9947] Built OAI.Combinatorics.EditApproximation.Binary.BinaryCellSourcePort (24s)
✔ [9594/9947] Built OAI.Combinatorics.EditApproximation.Binary.BinaryPreparedLocalOnline (22s)
✔ [9595/9947] Built OAI.Combinatorics.EditApproximation.Binary.BinaryCellCentersWork (22s)
✔ [9596/9947] Built OAI.Combinatorics.EditApproximation.Queries.QueryInitialSupport (21s)
✔ [9597/9947] Built OAI.Combinatorics.EditApproximation.Binary.BinaryLocalWarmupKernel (21s)
✔ [9598/9947] Built OAI.Combinatorics.EditApproximation.Binary.BinaryLocalRepresentativeWork (24s)
✔ [9599/9947] Built OAI.Combinatorics.EditApproximation.Binary.BinaryLocalGroupReads (23s)
✔ [9600/9947] Built OAI.Combinatorics.EditApproximation.Binary.BinaryPreparedOnlineWork (27s)
✔ [9601/9947] Built OAI.Combinatorics.EditApproximation.Refinement.PhysicalFamilyProgram (24s)
✔ [9602/9947] Built OAI.Combinatorics.EditApproximation.Refinement.ComputedFamilyMemoCode (23s)
✔ [9603/9947] Built OAI.Combinatorics.EditApproximation.Refinement.ComputedChargedRandomBudget (28s)
✔ [9604/9947] Built OAI.Combinatorics.EditApproximation.Coarse.CoarseWorkEnvelope (23s)
✔ [9605/9947] Built OAI.Combinatorics.EditApproximation.Binary.BinaryPreparedLocalKernel (24s)
✔ [9606/9947] Built OAI.Combinatorics.EditApproximation.Binary.BinaryLocalOnlineReads (25s)
✔ [9607/9947] Built OAI.Combinatorics.EditApproximation.Refinement.PhysicalFamilyOutput (32s)
✔ [9608/9947] Built OAI.Combinatorics.EditApproximation.Queries.QueryInitialGather (24s)
✔ [9609/9947] Built OAI.Combinatorics.EditApproximation.Binary.BinaryPreparedCellGroupWork (27s)
✔ [9610/9947] Built OAI.Combinatorics.EditApproximation.Queries.QueryGroupSamples (24s)
✔ [9611/9947] Built OAI.Combinatorics.EditApproximation.Queries.QueryGridCost (25s)
✔ [9612/9947] Built OAI.Combinatorics.EditApproximation.Coarse.CoarseArrayHistory (48s)
✔ [9613/9947] Built OAI.Combinatorics.EditApproximation.Binary.BinaryLocalGroupSource (25s)
✔ [9614/9947] Built OAI.Combinatorics.EditApproximation.Refinement.ComputedFamilySampling (24s)
✔ [9615/9947] Built OAI.Combinatorics.EditApproximation.Binary.BinaryPreparedLocalOnlineWork (26s)
✔ [9616/9947] Built OAI.Combinatorics.EditApproximation.Binary.BinaryRepresentativeReads (30s)
✔ [9617/9947] Built OAI.Combinatorics.EditApproximation.Geometry.LocalWorkEnvelope (24s)
✔ [9618/9947] Built OAI.Combinatorics.EditApproximation.Binary.BinaryPreparedActionStorage (25s)
✔ [9619/9947] Built OAI.Combinatorics.EditApproximation.Binary.BinaryPreparedListBounds (28s)
✔ [9620/9947] Built OAI.Combinatorics.EditApproximation.Geometry.ChargedRandomExpansion (37s)
✔ [9621/9947] Built OAI.Combinatorics.EditApproximation.Binary.BinaryLocalReadValues (23s)
✔ [9622/9947] Built OAI.Combinatorics.EditApproximation.Binary.BinaryLocalOnlineSource (27s)
✔ [9623/9947] Built OAI.Combinatorics.EditApproximation.Queries.QueryOnlineSources (27s)
✔ [9624/9947] Built OAI.Combinatorics.EditApproximation.Binary.BinaryPreparedComputedCellWork (24s)
✔ [9625/9947] Built OAI.Combinatorics.EditApproximation.Geometry.PreparedGroupPolynomial (24s)
✔ [9626/9947] Built OAI.Combinatorics.EditApproximation.Refinement.PhysicalFamilyMemo (31s)
✔ [9627/9947] Built OAI.Combinatorics.EditApproximation.Queries.QueryGroupSources (24s)
✔ [9628/9947] Built OAI.Combinatorics.EditApproximation.Coarse.CoarseIndexedArrayHistory (23s)
✔ [9629/9947] Built OAI.Combinatorics.EditApproximation.Coarse.CoarseHistoryBound (24s)
✔ [9630/9947] Built OAI.Combinatorics.EditApproximation.Probability.RejectionSpace (25s)
✔ [9631/9947] Built OAI.Combinatorics.EditApproximation.Binary.BinaryPreparedKernelReads (25s)
✔ [9632/9947] Built OAI.Combinatorics.EditApproximation.Binary.BinaryOuterReadCosts (25s)
✔ [9633/9947] Built OAI.Combinatorics.EditApproximation.Queries.QueryRepresentatives (24s)
✔ [9634/9947] Built OAI.Combinatorics.EditApproximation.Binary.BinaryPhysicalContinuationWork (27s)
✔ [9635/9947] Built OAI.Combinatorics.EditApproximation.Binary.BinaryInitialGridWork (27s)
✔ [9636/9947] Built OAI.Combinatorics.EditApproximation.Geometry.ChargedRandomCoarseWork (31s)
✔ [9637/9947] Built OAI.Combinatorics.EditApproximation.Queries.QuerySourceWork (24s)
✔ [9638/9947] Built OAI.Combinatorics.EditApproximation.Queries.QueryOnlineRangeCost (37s)
✔ [9639/9947] Built OAI.Combinatorics.EditApproximation.Refinement.ComputedOptimizerBitWork (59s)
✔ [9640/9947] Built OAI.Combinatorics.EditApproximation.Binary.BinaryPreparedLocalGroupWork (39s)
✔ [9641/9947] Built OAI.Combinatorics.EditApproximation.Refinement.PhysicalFamilyRejectionWork (39s)
✔ [9642/9947] Built OAI.Combinatorics.EditApproximation.Geometry.ChargedRandomMemoWork (45s)
✔ [9643/9947] Built OAI.Combinatorics.EditApproximation.Refinement.PhysicalFamilyAccuracy (32s)
✔ [9644/9947] Built OAI.Combinatorics.EditApproximation.Coarse.CoarseRootHistory (30s)
✔ [9645/9947] Built OAI.Combinatorics.EditApproximation.Queries.QueryHistoryInputs (24s)
✔ [9646/9947] Built OAI.Combinatorics.EditApproximation.Binary.BinaryLocalSourceKernel (26s)
✔ [9647/9947] Built OAI.Combinatorics.EditApproximation.Queries.QueryRepresentativeScales (24s)
✔ [9648/9947] Built OAI.Combinatorics.EditApproximation.Binary.BinaryLocalWarmupWork (24s)
✔ [9649/9947] Built OAI.Combinatorics.EditApproximation.Geometry.PreparedShellPolynomial (33s)
✔ [9650/9947] Built OAI.Combinatorics.EditApproximation.Binary.BinaryPreparedKernelWork (39s)
✔ [9651/9947] Built OAI.Combinatorics.EditApproximation.Queries.QueryHistoryBounds (23s)
✔ [9652/9947] Built OAI.Combinatorics.EditApproximation.Queries.QueryBandGather (59s)
✔ [9653/9947] Built OAI.Combinatorics.EditApproximation.Refinement.PhysicalFamilyRuntime (34s)
✔ [9654/9947] Built OAI.Combinatorics.EditApproximation.Geometry.PreparedLocalGroupPolynomial (39s)
✔ [9655/9947] Built OAI.Combinatorics.EditApproximation.Refinement.PhysicalFamilyWork (39s)
✔ [9656/9947] Built OAI.Combinatorics.EditApproximation.Queries.QuerySharedGeometry (28s)
✔ [9657/9947] Built OAI.Combinatorics.EditApproximation.Binary.BinaryCachedShellWork (22s)
✔ [9658/9947] Built OAI.Combinatorics.EditApproximation.Binary.BinaryLocalSourceValues (23s)
✔ [9659/9947] Built OAI.Combinatorics.EditApproximation.Refinement.ComputedActualBandWork (70s)
✔ [9660/9947] Built OAI.Combinatorics.EditApproximation.Queries.QueryRawWidthPolynomial (22s)
✔ [9661/9947] Built OAI.Combinatorics.EditApproximation.Binary.BinarySourceSelectorBounds (22s)
✔ [9662/9947] Built OAI.Combinatorics.EditApproximation.Queries.QueryActionInputCost (22s)
✔ [9663/9947] Built OAI.Combinatorics.EditApproximation.Queries.QueryGroupSampleCost (26s)
✔ [9664/9947] Built OAI.Combinatorics.EditApproximation.Queries.QueryWideBounds (25s)
✔ [9665/9947] Built OAI.Combinatorics.EditApproximation.Refinement.PhysicalCoarseExecution (25s)
✔ [9666/9947] Built OAI.Combinatorics.EditApproximation.Refinement.PhysicalUniformAccuracy (30s)
✔ [9667/9947] Built OAI.Combinatorics.EditApproximation.Geometry.PreparedKernelPolynomial (25s)
✔ [9668/9947] Built OAI.Combinatorics.EditApproximation.Refinement.PhysicalFamilyCoarseWork (33s)
✔ [9669/9947] Built OAI.Combinatorics.EditApproximation.Queries.QueryGroupInputs (27s)
✔ [9670/9947] Built OAI.Combinatorics.EditApproximation.Queries.QueryRawCenterCost (53s)
✔ [9671/9947] Built OAI.Combinatorics.EditApproximation.Queries.QueryGapStateCost (27s)
✔ [9672/9947] Built OAI.Combinatorics.EditApproximation.Geometry.PreparedInitialPolynomial (25s)
✔ [9673/9947] Built OAI.Combinatorics.EditApproximation.Refinement.ComputedWidthEnvelope (23s)
✔ [9674/9947] Built OAI.Combinatorics.EditApproximation.Geometry.PreparedCachedKernelWork (23s)
✔ [9675/9947] Built OAI.Combinatorics.EditApproximation.Refinement.ComputedPhysicalUniform (29s)
✔ [9676/9947] Built OAI.Combinatorics.EditApproximation.Queries.QueryGroupLabelCost (27s)
✔ [9677/9947] Built OAI.Combinatorics.EditApproximation.Binary.BinaryInitialReads (43s)
✔ [9678/9947] Built OAI.Combinatorics.EditApproximation.Refinement.PhysicalFamilyMemoCoarse (33s)
✔ [9679/9947] Built OAI.Combinatorics.EditApproximation.Queries.QueryOnlineKeyCost (37s)
✔ [9680/9947] Built OAI.Combinatorics.EditApproximation.Queries.QueryCellCost (35s)
✔ [9681/9947] Built OAI.Combinatorics.EditApproximation.Queries.QueryRoundedStateCost (39s)
✔ [9682/9947] Built OAI.Combinatorics.EditApproximation.Geometry.PreparedWarmupPolynomial (24s)
✔ [9683/9947] Built OAI.Combinatorics.EditApproximation.Refinement.PhysicalBinaryStep (25s)
✔ [9684/9947] Built OAI.Combinatorics.EditApproximation.Binary.IntegerPreprocessing (26s)
✔ [9685/9947] Built OAI.Combinatorics.EditApproximation.Queries.QuerySharedInputs (55s)
✔ [9686/9947] Built OAI.Combinatorics.EditApproximation.Refinement.ComputedPhysicalWork (32s)
✔ [9687/9947] Built OAI.Combinatorics.EditApproximation.Binary.BinaryWarmupReads (32s)
✔ [9688/9947] Built OAI.Combinatorics.EditApproximation.Queries.QueryGroupSourceCost (28s)
✔ [9689/9947] Built OAI.Combinatorics.EditApproximation.Refinement.PhysicalPreparedInputBounds (26s)
✔ [9690/9947] Built OAI.Combinatorics.EditApproximation.Queries.QueryGroupInputCost (26s)
✔ [9691/9947] Built OAI.Combinatorics.EditApproximation.Geometry.HeightPowerWork (25s)
✔ [9692/9947] Built OAI.Combinatorics.EditApproximation.Refinement.PhysicalCoarseInputWork (36s)
✔ [9693/9947] Built OAI.Combinatorics.EditApproximation.Geometry.IndexedTerminalWork (34s)
✔ [9694/9947] Built OAI.Combinatorics.EditApproximation.Queries.QueryGroupKeyCost (48s)
✔ [9695/9947] Built OAI.Combinatorics.EditApproximation.Queries.QuerySourceBuffers (25s)
✔ [9696/9947] Built OAI.Combinatorics.EditApproximation.Geometry.ParameterConstruction (27s)
✔ [9697/9947] Built OAI.Combinatorics.EditApproximation.Refinement.ComputedLocalKernelWork (26s)
✔ [9698/9947] Built OAI.Combinatorics.EditApproximation.Queries.QueryRefinementGather (27s)
✔ [9699/9947] Built OAI.Combinatorics.EditApproximation.Refinement.ComputedCoarseBudget (26s)
✔ [9700/9947] Built OAI.Combinatorics.EditApproximation.Refinement.ComputedCoarseExecution (25s)
✔ [9701/9947] Built OAI.Combinatorics.EditApproximation.Refinement.ComputedRetainedValues (25s)
✔ [9702/9947] Built OAI.Combinatorics.EditApproximation.Queries.QuerySharedCellCost (24s)
✔ [9703/9947] Built OAI.Combinatorics.EditApproximation.Binary.BinaryBufferInputBounds (26s)
✔ [9704/9947] Built OAI.Combinatorics.EditApproximation.Queries.QueryNumericInteger (27s)
✔ [9705/9947] Built OAI.Combinatorics.EditApproximation.Binary.IntegerCoarseSymbolBits (27s)
✔ [9706/9947] Built OAI.Combinatorics.EditApproximation.Coarse.CoarseNumericalUnit (31s)
✔ [9707/9947] Built OAI.Combinatorics.EditApproximation.Refinement.PhysicalCoarsePreparation (34s)
✔ [9708/9947] Built OAI.Combinatorics.EditApproximation.Refinement.PhysicalCoarseSamplingWork (35s)
✔ [9709/9947] Built OAI.Combinatorics.EditApproximation.Queries.QueryDataBuffers (24s)
✔ [9710/9947] Built OAI.Combinatorics.EditApproximation.Binary.BinaryIndexedLeaf (32s)
✔ [9711/9947] Built OAI.Combinatorics.EditApproximation.Geometry.MemoCodeWork (24s)
✔ [9712/9947] Built OAI.Combinatorics.EditApproximation.Geometry.ParameterNumericalConstruction (24s)
✔ [9713/9947] Built OAI.Combinatorics.EditApproximation.Refinement.ComputedQueryBudgetAlgebra (24s)
✔ [9714/9947] Built OAI.Combinatorics.EditApproximation.Queries.QueryCellStateCost (37s)
✔ [9715/9947] Built OAI.Combinatorics.EditApproximation.Refinement.ComputedPhysicalCoarseWork (22s)
✔ [9716/9947] Built OAI.Combinatorics.EditApproximation.Queries.QueryRefinementWorkBound (28s)
✔ [9717/9947] Built OAI.Combinatorics.EditApproximation.Coarse.CoarseReadNumericalBounds (26s)
✔ [9718/9947] Built OAI.Combinatorics.EditApproximation.Queries.QuerySharedInputCost (27s)
✔ [9719/9947] Built OAI.Combinatorics.EditApproximation.Refinement.ComputedExecutionLaw (27s)
✔ [9720/9947] Built OAI.Combinatorics.EditApproximation.Coarse.CoarseInputStorage (26s)
✔ [9721/9947] Built OAI.Combinatorics.EditApproximation.Queries.QueryLocalSelectors (25s)
✔ [9722/9947] Built OAI.Combinatorics.EditApproximation.Queries.QueryBufferSpace (25s)
✔ [9723/9947] Built OAI.Combinatorics.EditApproximation.Queries.QueryIndexedSlice (32s)
✔ [9724/9947] Built OAI.Combinatorics.EditApproximation.Queries.QuerySourceBufferBounds (31s)
✔ [9725/9947] Built OAI.Combinatorics.EditApproximation.Queries.QueryLocalBuffers (27s)
✔ [9726/9947] Built OAI.Combinatorics.EditApproximation.Queries.QueryChargedSeed (27s)
✔ [9727/9947] Built OAI.Combinatorics.EditApproximation.Geometry.RankedMemoAddressWork (24s)
✔ [9728/9947] Built OAI.Combinatorics.EditApproximation.Queries.QueryRefinementFinish (27s)
✔ [9729/9947] Built OAI.Combinatorics.EditApproximation.Queries.QueryPhysicalReaders (25s)
✔ [9730/9947] Built OAI.Combinatorics.EditApproximation.Queries.QueryPhysicalScalarReads (27s)
✔ [9731/9947] Built OAI.Combinatorics.EditApproximation.Refinement.ComputedParameterRegisters (31s)
✔ [9732/9947] Built OAI.Combinatorics.EditApproximation.Refinement.PhysicalInputGuard (32s)
✔ [9733/9947] Built OAI.Combinatorics.EditApproximation.Queries.QueryInitialSupportCost (39s)
✔ [9734/9947] Built OAI.Combinatorics.EditApproximation.Refinement.ComputedExecutionWork (39s)
✔ [9735/9947] Built OAI.Combinatorics.EditApproximation.Binary.IntegerAlgorithm (39s)
✔ [9736/9947] Built OAI.Combinatorics.EditApproximation.Binary.IntegerInputStorage (39s)
✔ [9737/9947] Built OAI.Combinatorics.EditApproximation.Refinement.ComputedJointCoarseWork (40s)
✔ [9738/9947] Built OAI.Combinatorics.EditApproximation.Coarse.CoarseReadBudget (41s)
✔ [9739/9947] Built OAI.Combinatorics.EditApproximation.Queries.QueryReadBoundIrrelevance (42s)
✔ [9740/9947] Built OAI.Combinatorics.EditApproximation.Queries.QuerySelectorGeometry (42s)
✔ [9741/9947] Built OAI.Combinatorics.EditApproximation.Queries.QueryWarmupBuffers (25s)
✔ [9742/9947] Built OAI.Combinatorics.EditApproximation.Queries.QueryCoordinateSpace (26s)
✔ [9743/9947] Built OAI.Combinatorics.EditApproximation.Binary.BinaryCountedOptimizerSpace (26s)
✔ [9744/9947] Built OAI.Combinatorics.EditApproximation.Queries.QuerySourceKeyWidths (26s)
✔ [9745/9947] Built OAI.Combinatorics.EditApproximation.Queries.QueryBufferedInputBounds (26s)
✔ [9746/9947] Built OAI.Combinatorics.EditApproximation.Binary.BinaryTriangularSpace (26s)
✔ [9747/9947] Built OAI.Combinatorics.EditApproximation.Queries.QueryLocalRefinement (91s)
✔ [9748/9947] Built OAI.Combinatorics.EditApproximation.Queries.QueryInitialConeCenters (94s)
✔ [9749/9947] Built OAI.Combinatorics.EditApproximation.Geometry.RankedMemoKernelWork (94s)
✔ [9750/9947] Built OAI.Combinatorics.EditApproximation.Queries.QueryFamilyScalarReads (91s)
✔ [9751/9947] Built OAI.Combinatorics.EditApproximation.Queries.QueryPhysicalScalarCosts (91s)
✔ [9752/9947] Built OAI.Combinatorics.EditApproximation.Queries.QueryChargedSeedCost (92s)
✔ [9753/9947] Built OAI.Combinatorics.EditApproximation.Queries.QueryPhysicalReaderBounds (92s)
✔ [9754/9947] Built OAI.Combinatorics.EditApproximation.Queries.QueryHistorySemantic (93s)
✔ [9755/9947] Built OAI.Combinatorics.EditApproximation.Queries.QueryFinishCost (85s)
✔ [9756/9947] Built OAI.Combinatorics.EditApproximation.Refinement.ComputedAddressWork (85s)
✔ [9757/9947] Built OAI.Combinatorics.EditApproximation.Refinement.ComputedPreevaluation (85s)
✔ [9758/9947] Built OAI.Combinatorics.EditApproximation.Binary.IntegerStoredDataSpace (84s)
✔ [9759/9947] Built OAI.Combinatorics.EditApproximation.Refinement.ComputedPreparedInputBounds (85s)
✔ [9760/9947] Built OAI.Combinatorics.EditApproximation.Queries.QueryRepresentativeCost (85s)
✔ [9761/9947] Built OAI.Combinatorics.EditApproximation.Refinement.ComputedCoarseBits (85s)
✔ [9762/9947] Built OAI.Combinatorics.EditApproximation.Coarse.CoarseIndexedOverhead (83s)
✔ [9763/9947] Built OAI.Combinatorics.EditApproximation.Queries.QueryInitialConeProgram (103s)
✔ [9764/9947] Built OAI.Combinatorics.EditApproximation.Refinement.ComputedKernelWork (103s)
✔ [9765/9947] Built OAI.Combinatorics.EditApproximation.Binary.BinaryGridSpace (103s)
✔ [9766/9947] Built OAI.Combinatorics.EditApproximation.Queries.QueryOrderedSpace (103s)
✔ [9767/9947] Built OAI.Combinatorics.EditApproximation.Binary.BinaryCountedActionSpace (103s)
✔ [9768/9947] Built OAI.Combinatorics.EditApproximation.Queries.QuerySelectorCost (103s)
✔ [9769/9947] Built OAI.Combinatorics.EditApproximation.Queries.QueryScopedSourceCost (103s)
✔ [9770/9947] Built OAI.Combinatorics.EditApproximation.Queries.QueryWarmupProgram (112s)
✔ [9771/9947] Built OAI.Combinatorics.EditApproximation.Queries.QueryLocalFinishCost (95s)
✔ [9772/9947] Built OAI.Combinatorics.EditApproximation.Queries.QueryBandInputCost (86s)
✔ [9773/9947] Built OAI.Combinatorics.EditApproximation.Queries.QueryPhysicalSourceCosts (95s)
✔ [9774/9947] Built OAI.Combinatorics.EditApproximation.Queries.QueryLocalSources (95s)
✔ [9775/9947] Built OAI.Combinatorics.EditApproximation.Queries.QuerySourceWidths (95s)
✔ [9776/9947] Built OAI.Combinatorics.EditApproximation.Refinement.ComputedExecutionCosts (95s)
✔ [9777/9947] Built OAI.Combinatorics.EditApproximation.Geometry.RankedMemoKernelFresh (96s)
✔ [9778/9947] Built OAI.Combinatorics.EditApproximation.Queries.QueryInitialCenterCost (96s)
✔ [9779/9947] Built OAI.Combinatorics.EditApproximation.Queries.QueryPhysicalInitial (99s)
✔ [9780/9947] Built OAI.Combinatorics.EditApproximation.Refinement.ComputedPreparedWords (100s)
✔ [9781/9947] Built OAI.Combinatorics.EditApproximation.Refinement.ComputedQueryNumericZero (100s)
✔ [9782/9947] Built OAI.Combinatorics.EditApproximation.Refinement.ComputedCoarseBitParameters (100s)
✔ [9783/9947] Built OAI.Combinatorics.EditApproximation.Coarse.CoarseIndexedRootCost (100s)
✔ [9784/9947] Built OAI.Combinatorics.EditApproximation.Binary.BinaryWideSpace (99s)
✔ [9785/9947] Built OAI.Combinatorics.EditApproximation.Queries.QueryInputSpace (100s)
✔ [9786/9947] Built OAI.Combinatorics.EditApproximation.Binary.BinaryCellSpace (100s)
✔ [9787/9947] Built OAI.Combinatorics.EditApproximation.Queries.QueryBufferedSharedCost (106s)
✔ [9788/9947] Built OAI.Combinatorics.EditApproximation.Binary.BinarySampledOnlineSpace (106s)
✔ [9789/9947] Built OAI.Combinatorics.EditApproximation.Queries.QueryHistoryInputCost (106s)
✔ [9790/9947] Built OAI.Combinatorics.EditApproximation.Queries.QuerySourceGatherCost (107s)
✔ [9791/9947] Built OAI.Combinatorics.EditApproximation.Queries.QueryOuterGatherCost (106s)
✔ [9792/9947] Built OAI.Combinatorics.EditApproximation.Queries.QueryFamilySourceCosts (106s)
✔ [9793/9947] Built OAI.Combinatorics.EditApproximation.Refinement.ComputedCoarseInputWork (106s)
✔ [9794/9947] Built OAI.Combinatorics.EditApproximation.Queries.QueryWarmupProgramCost (141s)
✔ [9795/9947] Built OAI.Combinatorics.EditApproximation.Binary.BitMemoWorkTransfer (67s)
✔ [9796/9947] Built OAI.Combinatorics.EditApproximation.Coarse.CoarseIndexedRootBound (32s)
✔ [9797/9947] Built OAI.Combinatorics.EditApproximation.Coarse.CoarseIndexedInitialCost (67s)
✔ [9798/9947] Built OAI.Combinatorics.EditApproximation.Refinement.ComputedFreshWork (67s)
✔ [9799/9947] Built OAI.Combinatorics.EditApproximation.Queries.QueryLocalBand (68s)
✔ [9800/9947] Built OAI.Combinatorics.EditApproximation.Queries.QueryChargedWarmup (67s)
✔ [9801/9947] Built OAI.Combinatorics.EditApproximation.Queries.QueryInitialProgramCost (67s)
✔ [9802/9947] Built OAI.Combinatorics.EditApproximation.Queries.QueryBoundedWork (68s)
✔ [9803/9947] Built OAI.Combinatorics.EditApproximation.Binary.BitMemoWorkOn (87s)
✔ [9804/9947] Built OAI.Combinatorics.EditApproximation.Queries.QueryHistoryBufferCost (87s)
✔ [9805/9947] Built OAI.Combinatorics.EditApproximation.Queries.QueryBufferedSourceBounds (87s)
✔ [9806/9947] Built OAI.Combinatorics.EditApproximation.Refinement.ComputedCoarsePreparation (87s)
✔ [9807/9947] Built OAI.Combinatorics.EditApproximation.Binary.BinaryGuardSpace (87s)
✔ [9808/9947] Built OAI.Combinatorics.EditApproximation.Queries.QueryFamilyReaderBounds (88s)
✔ [9809/9947] Built OAI.Combinatorics.EditApproximation.Queries.QueryPhysicalInitialCost (91s)
✔ [9810/9947] Built OAI.Combinatorics.EditApproximation.Refinement.ComputedCoarseCandidateWork (92s)
✔ [9811/9947] Built OAI.Combinatorics.EditApproximation.Refinement.ComputedCoarseReadBudget (45s)
✔ [9812/9947] Built OAI.Combinatorics.EditApproximation.Binary.BinaryBandSpace (50s)
✔ [9813/9947] Built OAI.Combinatorics.EditApproximation.Queries.QueryEligibilitySpace (50s)
✔ [9814/9947] Built OAI.Combinatorics.EditApproximation.Binary.BinaryRoundingSpace (50s)
✔ [9815/9947] Built OAI.Combinatorics.EditApproximation.Queries.QueryLocalProgram (51s)
✔ [9816/9947] Built OAI.Combinatorics.EditApproximation.Queries.QueryChargedWarmupCost (46s)
✔ [9817/9947] Built OAI.Combinatorics.EditApproximation.Queries.QueryLocalRefinementCost (51s)
✔ [9818/9947] Built OAI.Combinatorics.EditApproximation.Queries.QuerySemanticRestriction (51s)
✔ [9819/9947] Built OAI.Combinatorics.EditApproximation.Binary.BinaryRepresentativeSpace (63s)
✔ [9820/9947] Built OAI.Combinatorics.EditApproximation.Queries.QueryInitialSpace (63s)
✔ [9821/9947] Built OAI.Combinatorics.EditApproximation.Queries.QueryLocalRepresentativeSpace (63s)
✔ [9822/9947] Built OAI.Combinatorics.EditApproximation.Queries.QuerySharedGeometrySpace (63s)
✔ [9823/9947] Built OAI.Combinatorics.EditApproximation.Queries.QueryPhysicalProgram (63s)
✔ [9824/9947] Built OAI.Combinatorics.EditApproximation.Queries.QueryProgramWidth (64s)
✔ [9825/9947] Built OAI.Combinatorics.EditApproximation.Refinement.ComputedCoarseInitialWork (72s)
✔ [9826/9947] Built OAI.Combinatorics.EditApproximation.Queries.QueryWarmupWidth (98s)
✔ [9827/9947] Built OAI.Combinatorics.EditApproximation.Queries.QueryOnlineRangeSpace (54s)
✔ [9828/9947] Built OAI.Combinatorics.EditApproximation.Queries.QueryInitialSupportSpace (62s)
✔ [9829/9947] Built OAI.Combinatorics.EditApproximation.Queries.QueryGroupSetupSpace (63s)
✔ [9830/9947] Built OAI.Combinatorics.EditApproximation.Queries.QueryInitialWarmupPolynomial (63s)
✔ [9831/9947] Built OAI.Combinatorics.EditApproximation.Queries.QueryContinuationSpace (63s)
✔ [9832/9947] Built OAI.Combinatorics.EditApproximation.Queries.QueryLocalSourcesCost (63s)
✔ [9833/9947] Built OAI.Combinatorics.EditApproximation.Queries.QueryHistorySpace (63s)
✔ [9834/9947] Built OAI.Combinatorics.EditApproximation.Binary.BinaryUnskippedSpace (27s)
✔ [9835/9947] Built OAI.Combinatorics.EditApproximation.Binary.BinaryNormalizationSpace (51s)
✔ [9836/9947] Built OAI.Combinatorics.EditApproximation.Queries.QueryFamilyRefinement (52s)
✔ [9837/9947] Built OAI.Combinatorics.EditApproximation.Queries.QueryWarmupUniformCost (51s)
✔ [9838/9947] Built OAI.Combinatorics.EditApproximation.Coarse.CoarseEntryCostSum (52s)
✔ [9839/9947] Built OAI.Combinatorics.EditApproximation.Queries.QueryGroupSourceSpace (51s)
✔ [9840/9947] Built OAI.Combinatorics.EditApproximation.Refinement.ComputedCoarseIndexedWork (52s)
✔ [9841/9947] Built OAI.Combinatorics.EditApproximation.Queries.QuerySharedSpace (52s)
✔ [9842/9947] Built OAI.Combinatorics.EditApproximation.Binary.BinaryGroupActionSourceSpace (53s)
✔ [9843/9947] Built OAI.Combinatorics.EditApproximation.Binary.BinaryInitialGuardSpace (54s)
✔ [9844/9947] Built OAI.Combinatorics.EditApproximation.Queries.QueryGatherSpace (54s)
✔ [9845/9947] Built OAI.Combinatorics.EditApproximation.Binary.BinaryOnlineSourceSpace (55s)
✔ [9846/9947] Built OAI.Combinatorics.EditApproximation.Refinement.ComputedCoarsePolynomial (53s)
✔ [9847/9947] Built OAI.Combinatorics.EditApproximation.Specification.Footprint (54s)
✔ [9848/9947] Built OAI.Combinatorics.EditApproximation.Queries.QueryFamilyActive (55s)
✔ [9849/9947] Built OAI.Combinatorics.EditApproximation.Queries.QueryLocalBandCost (55s)
✔ [9850/9947] Built OAI.Combinatorics.EditApproximation.Refinement.PhysicalCoarseBitWork (60s)
✔ [9851/9947] Built OAI.Combinatorics.EditApproximation.Coarse.CoarseIndexedEntryCost (55s)
✔ [9852/9947] Built OAI.Combinatorics.EditApproximation.Queries.QueryRestrictionSpace (55s)
✔ [9853/9947] Built OAI.Combinatorics.EditApproximation.Queries.QueryIndexedSpace (55s)
✔ [9854/9947] Built OAI.Combinatorics.EditApproximation.Queries.QueryWarmupSpace (55s)
✔ [9855/9947] Built OAI.Combinatorics.EditApproximation.Refinement.ComputedCoarseArrayStorage (54s)
✔ [9856/9947] Built OAI.Combinatorics.EditApproximation.Binary.BinaryCellSourceSpace (55s)
✔ [9857/9947] Built OAI.Combinatorics.EditApproximation.Binary.BinaryLocalOnlineSourceSpace (55s)
✔ [9858/9947] Built OAI.Combinatorics.EditApproximation.Coarse.CoarseInitialAllocation (50s)
✔ [9859/9947] Built OAI.Combinatorics.EditApproximation.Binary.BinaryFinalSpace (49s)
✔ [9860/9947] Built OAI.Combinatorics.EditApproximation.Queries.QueryScalarGuardSpace (49s)
✔ [9861/9947] Built OAI.Combinatorics.EditApproximation.Queries.QueryLocalProgramCost (49s)
✔ [9862/9947] Built OAI.Combinatorics.EditApproximation.Binary.BinaryInitialReadSpace (49s)
✔ [9863/9947] Built OAI.Combinatorics.EditApproximation.Refinement.ComputedCoarseBitWork (49s)
✔ [9864/9947] Built OAI.Combinatorics.EditApproximation.Coarse.CoarseInitialControlSpace (49s)
✔ [9865/9947] Built OAI.Combinatorics.EditApproximation.Queries.QueryChargedFamily (49s)
✔ [9866/9947] Built OAI.Combinatorics.EditApproximation.Refinement.PhysicalIndexedCoarseWork (54s)
✔ [9867/9947] Built OAI.Combinatorics.EditApproximation.Queries.QueryInitialConeSpace (37s)
✔ [9868/9947] Built OAI.Combinatorics.EditApproximation.Queries.QueryFamilyMemo (32s)
✔ [9869/9947] Built OAI.Combinatorics.EditApproximation.Refinement.ComputedCoarseSamplingWork (38s)
✔ [9870/9947] Built OAI.Combinatorics.EditApproximation.Refinement.ComputedCoarseHistory (38s)
✔ [9871/9947] Built OAI.Combinatorics.EditApproximation.Queries.QueryPhysicalProgramCost (40s)
✔ [9872/9947] Built OAI.Combinatorics.EditApproximation.Binary.BinaryLocalGroupSourceSpace (41s)
✔ [9873/9947] Built OAI.Combinatorics.EditApproximation.Queries.QueryChargedTableCost (42s)
✔ [9874/9947] Built OAI.Combinatorics.EditApproximation.Queries.QueryGatherPolynomial (44s)
✔ [9875/9947] Built OAI.Combinatorics.EditApproximation.Coarse.CoarseInitialStorage (26s)
✔ [9876/9947] Built OAI.Combinatorics.EditApproximation.Queries.QueryLocalSelectorSpace (23s)
✔ [9877/9947] Built OAI.Combinatorics.EditApproximation.Queries.QueryFamilyRefinementCost (25s)
✔ [9878/9947] Built OAI.Combinatorics.EditApproximation.Refinement.ComputedIndexedCoarseWork (29s)
✔ [9879/9947] Built OAI.Combinatorics.EditApproximation.Queries.QueryProgramPolynomial (29s)
✔ [9880/9947] Built OAI.Combinatorics.EditApproximation.Queries.QueryFamilyNormalize (43s)
✔ [9881/9947] Built OAI.Combinatorics.EditApproximation.Queries.QueryRefinementSpace (26s)
✔ [9882/9947] Built OAI.Combinatorics.EditApproximation.Refinement.ComputedCoarseCopySpace (27s)
✔ [9883/9947] Built OAI.Combinatorics.EditApproximation.Coarse.CoarseIndexedHistory (27s)
✔ [9884/9947] Built OAI.Combinatorics.EditApproximation.Queries.QueryCallbackPolynomial (26s)
✔ [9885/9947] Built OAI.Combinatorics.EditApproximation.Queries.QueryPhysicalProgramWidth (27s)
✔ [9886/9947] Built OAI.Combinatorics.EditApproximation.Refinement.ComputedReadChargedWork (27s)
✔ [9887/9947] Built OAI.Combinatorics.EditApproximation.Refinement.ComputedQueryMemo (22s)
✔ [9888/9947] Built OAI.Combinatorics.EditApproximation.Refinement.ComputedQueryProgramWork (29s)
✔ [9889/9947] Built OAI.Combinatorics.EditApproximation.Queries.QueryLocalProgramSpace (25s)
✔ [9890/9947] Built OAI.Combinatorics.EditApproximation.Refinement.ComputedQueryReadBudget (25s)
✔ [9891/9947] Built OAI.Combinatorics.EditApproximation.Refinement.ComputedQueryNormalizationBudget (25s)
✔ [9892/9947] Built OAI.Combinatorics.EditApproximation.Refinement.ComputedCoarseHistorySpace (26s)
✔ [9893/9947] Built OAI.Combinatorics.EditApproximation.Queries.QueryActiveCost (27s)
✔ [9894/9947] Built OAI.Combinatorics.EditApproximation.Refinement.ComputedExecutionKernelWork (26s)
✔ [9895/9947] Built OAI.Combinatorics.EditApproximation.Refinement.ComputedQueryWarmupBudget (25s)
✔ [9896/9947] Built OAI.Combinatorics.EditApproximation.Binary.IntegerReadChargedWork (25s)
✔ [9897/9947] Built OAI.Combinatorics.EditApproximation.Refinement.ComputedQueryConstants (26s)
✔ [9898/9947] Built OAI.Combinatorics.EditApproximation.Refinement.ComputedQuerySetup (28s)
✔ [9899/9947] Built OAI.Combinatorics.EditApproximation.Queries.QueryPhysicalReaderSpace (26s)
✔ [9900/9947] Built OAI.Combinatorics.EditApproximation.Refinement.ComputedQueryCorrect (27s)
✔ [9901/9947] Built OAI.Combinatorics.EditApproximation.Refinement.ComputedCoarseControlSpace (25s)
✔ [9902/9947] Built OAI.Combinatorics.EditApproximation.Refinement.ComputedBaseStorage (26s)
✔ [9903/9947] Built OAI.Combinatorics.EditApproximation.Refinement.ComputedCoarseScratchSpace (26s)
✔ [9904/9947] Built OAI.Combinatorics.EditApproximation.Queries.QueryBoundedActiveCost (29s)
✔ [9905/9947] Built OAI.Combinatorics.EditApproximation.Refinement.ComputedQuerySetupSpace (28s)
✔ [9906/9947] Built OAI.Combinatorics.EditApproximation.Queries.QueryChargedSeedSpace (27s)
✔ [9907/9947] Built OAI.Combinatorics.EditApproximation.Binary.IntegerKernelWork (29s)
✔ [9908/9947] Built OAI.Combinatorics.EditApproximation.Queries.QueryScalarReadSpace (29s)
✔ [9909/9947] Built OAI.Combinatorics.EditApproximation.Refinement.ComputedQueryWidth (28s)
✔ [9910/9947] Built OAI.Combinatorics.EditApproximation.Refinement.ComputedQueryTableBudget (31s)
✔ [9911/9947] Built OAI.Combinatorics.EditApproximation.Refinement.ComputedQueryExecution (27s)
✔ [9912/9947] Built OAI.Combinatorics.EditApproximation.Queries.QueryChargedTableWidth (25s)
✔ [9913/9947] Built OAI.Combinatorics.EditApproximation.Queries.QueryChargedWarmupSpace (21s)
✔ [9914/9947] Built OAI.Combinatorics.EditApproximation.Queries.QueryFamilySpace (20s)
✔ [9915/9947] Built OAI.Combinatorics.EditApproximation.Refinement.ComputedOutputWork (21s)
✔ [9916/9947] Built OAI.Combinatorics.EditApproximation.Queries.QueryBoundedSemanticCost (23s)
✔ [9917/9947] Built OAI.Combinatorics.EditApproximation.Refinement.ComputedQueryRegisters (24s)
✔ [9918/9947] Built OAI.Combinatorics.EditApproximation.Refinement.ComputedQueryStorage (17s)
✔ [9919/9947] Built OAI.Combinatorics.EditApproximation.Queries.QueryChargedFamilySpace (12s)
✔ [9920/9947] Built OAI.Combinatorics.EditApproximation.Queries.QueryTableSemanticCost (14s)
✔ [9921/9947] Built OAI.Combinatorics.EditApproximation.Queries.QueryFamilyMemoSpace (9.0s)
✔ [9922/9947] Built OAI.Combinatorics.EditApproximation.Refinement.ComputedQueryTableWork (11s)
✔ [9923/9947] Built OAI.Combinatorics.EditApproximation.Refinement.ComputedQueryHeap (9.4s)
✔ [9924/9947] Built OAI.Combinatorics.EditApproximation.Refinement.ComputedQueryRawWork (9.3s)
✔ [9925/9947] Built OAI.Combinatorics.EditApproximation.Refinement.ComputedQueryWork (8.2s)
✔ [9926/9947] Built OAI.Combinatorics.EditApproximation.Binary.IntegerQueryWork (10s)
✔ [9927/9947] Built OAI.Combinatorics.EditApproximation.Refinement.ComputedQueryTemporarySpace (14s)
✔ [9928/9947] Built OAI.Combinatorics.EditApproximation.Refinement.ComputedQueryAnswer (9.8s)
✔ [9929/9947] Built OAI.Combinatorics.EditApproximation.Refinement.ComputedQueryOutput (8.1s)
✔ [9930/9947] Built OAI.Combinatorics.EditApproximation.Binary.IntegerBinaryOutput (8.1s)
✔ [9931/9947] Built OAI.Combinatorics.EditApproximation.Binary.IntegerBinaryWork (11s)
✔ [9932/9947] Built OAI.Combinatorics.EditApproximation.Binary.IntegerBinaryAccuracy (31s)
✔ [9933/9947] Built OAI.Combinatorics.EditApproximation.Binary.IntegerBinarySpace (30s)
✔ [9934/9947] Built OAI.Combinatorics.EditApproximation.AlmostLinearConditional (23s)
✔ [9935/9947] Built OAI.Combinatorics.EditApproximation.AlmostLinear (10s)
✔ [9936/9947] Built OAI.Combinatorics.EditApproximation.Specification.RawBand (12s)
✔ [9937/9947] Built OAI.Combinatorics.EditApproximation.Specification.ConcreteFootprints (12s)
✔ [9938/9947] Built OAI.Combinatorics.EditApproximation.Specification.RawBandConsumers (11s)
✔ [9939/9947] Built OAI.Combinatorics.EditApproximation.Specification.RawBandOuter (14s)
✔ [9940/9947] Built OAI.Combinatorics.EditApproximation.Specification.RawBandBridges (16s)
✔ [9941/9947] Built OAI.Combinatorics.EditApproximation.Specification.ConcreteFootprintBridges (29s)
✔ [9942/9947] Built OAI.Combinatorics.EditApproximation.Specification.RawBandPipeline (14s)
✔ [9943/9947] Built OAI.Combinatorics.EditApproximation.Specification.RawBandOuterBridges (12s)
✔ [9944/9947] Built OAI.Combinatorics.EditApproximation.Specification.FootprintMain (38s)
✔ [9945/9947] Built OAI.Combinatorics.EditApproximation.Specification.RawBandPipelineBridges (37s)
✔ [9946/9947] Built OAI.Combinatorics.EditApproximation.Specification.RawBandPipelineFootprintBridges (26s)
✔ [9947/9947] Built OAI.Combinatorics.EditApproximation.Specification.RawBandMain (7.9s)
Build completed successfully (9947 jobs).
== build rc=0 seconds=4274
{"theorems": ["OAI.EditApproximation.almostLinearEditDistanceRawBand"], "defs": ["OAI.EditApproximation.bitWordValue", "OAI.EditApproximation.bitSum", "OAI.EditApproximation.bitCarry", "OAI.EditApproximation.UnreducedRational", "OAI.EditApproximation.orderingMatches", "OAI.EditApproximation.bitOrdering", "OAI.EditApproximation.bitDifference", "OAI.EditApproximation.bitBorrow", "OAI.EditApproximation.SignedBinary", "OAI.EditApproximation.signedMagnitude", "OAI.EditApproximation.trimBitWordWithWork", "OAI.EditApproximation.balancedCut", "OAI.EditApproximation.gridRound", "OAI.EditApproximation.rationalMinimum", "OAI.EditApproximation.RationalBellmanAction", "OAI.EditApproximation.rationalRefinementUpdate", "OAI.EditApproximation.heightExponent", "OAI.EditApproximation.coarseExponent", "OAI.EditApproximation.IntegerParameters", "OAI.EditApproximation.RationalParameters", "OAI.EditApproximation.gridPointsBetween", "OAI.EditApproximation.scaledSeedValue", "OAI.EditApproximation.dyadicScales", "OAI.EditApproximation.seedGridSpacing", "OAI.EditApproximation.finiteAssignments", "OAI.EditApproximation.powerTwoWord", "OAI.EditApproximation.filterWithWork", "OAI.EditApproximation.allWithWork", "OAI.EditApproximation.arithmeticMapWithWork", "OAI.EditApproximation.arithmeticFlatMapWithWork", "OAI.EditApproximation.upperMedian", "OAI.EditApproximation.filterMapWithWork", "OAI.EditApproximation.cellGridPoints", "OAI.EditApproximation.groupRoundSpacing", "OAI.EditApproximation.refinementFactor", "OAI.EditApproximation.localCellCoordinates", "OAI.EditApproximation.dyadicSeedPassCount", "OAI.EditApproximation.dyadicSeedExponent", "OAI.EditApproximation.memberByWithWork", "OAI.EditApproximation.BinaryMemo", "OAI.EditApproximation.binaryMemoKey", "OAI.EditApproximation.FiniteQuery", "OAI.EditApproximation.finiteAnswerTable", "OAI.EditApproximation.queryFinRange", "OAI.EditApproximation.queryInsertWithWork", "OAI.EditApproximation.integerSymbolCode", "OAI.EditApproximation.PositionCounts", "OAI.EditApproximation.integerMagnitude", "OAI.EditApproximation.integerInputPositionBits", "OAI.EditApproximation.dpLength", "OAI.EditApproximation.dpDrop", "OAI.EditApproximation.dpTake", "OAI.EditApproximation.dpGetD", "OAI.EditApproximation.dpMember", "OAI.EditApproximation.dpMinimum", "OAI.EditApproximation.integerMagnitudeWithWork", "OAI.EditApproximation.inputBitLengthWithWork", "OAI.EditApproximation.naturalPairWithWork", "OAI.EditApproximation.inspectBitPrefix", "OAI.EditApproximation.memoRequestCells", "OAI.EditApproximation.arithmeticMapAllocation", "OAI.EditApproximation.arithmeticFlatMapAllocation", "OAI.EditApproximation.filterAllocation", "OAI.EditApproximation.filterMapAllocation", "OAI.EditApproximation.naturalEqualAllocation", "OAI.EditApproximation.memberByAllocation", "OAI.EditApproximation.naturalWordLEAllocation", "OAI.EditApproximation.vectorMapAllocation", "OAI.EditApproximation.allAllocation", "OAI.EditApproximation.queryInsertAllocation", "OAI.EditApproximation.wordLEAllocation", "OAI.EditApproximation.indexedLeafAllocation", "OAI.EditApproximation.storedNaturalBits", "OAI.EditApproximation.coarseHistoryKeyCost", "OAI.EditApproximation.bitAddNilLeftWithWork", "OAI.EditApproximation.bitCompareNilLeftWithWork", "OAI.EditApproximation.bitSubtractNilLeftWithWork", "OAI.EditApproximation.BinaryFraction", "OAI.EditApproximation.rationalActionValue", "OAI.EditApproximation.inputHeight", "OAI.EditApproximation.smallLogExponent", "OAI.EditApproximation.rationalParameters", "OAI.EditApproximation.materializedAssignmentsWithWork", "OAI.EditApproximation.dyadicScalesWithWork", "OAI.EditApproximation.dedupByWithWork", "OAI.EditApproximation.queryEraseLoopWithWork", "OAI.EditApproximation.RecursiveMemoResult", "OAI.EditApproximation.querySortWithWork", "OAI.EditApproximation.encodeIntegerSymbolsWithWork", "OAI.EditApproximation.integerInputSymbolBits", "OAI.EditApproximation.dpSingleton", "OAI.EditApproximation.dpCandidateAllocation", "OAI.EditApproximation.integerInputInspectionWithWork", "OAI.EditApproximation.bitAddNilLeftAllocation", "OAI.EditApproximation.bitSubtractNilLeftAllocation", "OAI.EditApproximation.trimBitWordAllocation", "OAI.EditApproximation.dedupByAllocation", "OAI.EditApproximation.dyadicScalesAllocation", "OAI.EditApproximation.queryRangeValidAllocation", "OAI.EditApproximation.queryEraseLoopAllocation", "OAI.EditApproximation.queryEncodedLEAllocation", "OAI.EditApproximation.bitAddWithWork", "OAI.EditApproximation.bitCompareWithWork", "OAI.EditApproximation.bitSubtractWithWork", "OAI.EditApproximation.rationalBellman", "OAI.EditApproximation.inputSmallLog", "OAI.EditApproximation.BinaryBellmanAction", "OAI.EditApproximation.queryEraseWithWork", "OAI.EditApproximation.BitQuery", "OAI.EditApproximation.dpCandidate", "OAI.EditApproximation.dpCellAllocation", "OAI.EditApproximation.initialThresholdQ", "OAI.EditApproximation.initialLambda", "OAI.EditApproximation.BitRecursiveMemoResult", "OAI.EditApproximation.RefinementParameterWords", "OAI.EditApproximation.inspectAccuracyWithWork", "OAI.EditApproximation.bitAddAllocation", "OAI.EditApproximation.bitSubtractAllocation", "OAI.EditApproximation.materializedAssignmentsAllocation", "OAI.EditApproximation.queryEraseAllocation", "OAI.EditApproximation.querySortAllocation", "OAI.EditApproximation.binaryNaturalAddWithWork", "OAI.EditApproximation.bitMulWithWork", "OAI.EditApproximation.binaryNaturalCompareWithWork", "OAI.EditApproximation.binaryNaturalSubtractWithWork", "OAI.EditApproximation.integerParameters", "OAI.EditApproximation.bitDivModWithWork", "OAI.EditApproximation.wordLEWithWork", "OAI.EditApproximation.computedSeedInitialExponent", "OAI.EditApproximation.queryOrderedInputsWithWork", "OAI.EditApproximation.queryActionInputsWithWork", "OAI.EditApproximation.largeAccuracyInput", "OAI.EditApproximation.dpCell", "OAI.EditApproximation.suffixDPAllocation", "OAI.EditApproximation.binaryNaturalAddAllocation", "OAI.EditApproximation.queryOrderedInputsAllocation", "OAI.EditApproximation.queryActionInputsAllocation", "OAI.EditApproximation.binaryNaturalMulWithWork", "OAI.EditApproximation.binaryNaturalDivModWithWork", "OAI.EditApproximation.bitCeilDivWithWork", "OAI.EditApproximation.wordMinWithWork", "OAI.EditApproximation.wordInsertWithWork", "OAI.EditApproximation.saturatingSubtractWithWork", "OAI.EditApproximation.computedSeedPassCount", "OAI.EditApproximation.bitPowerWithWork", "OAI.EditApproximation.queryEncodedLEWithWork", "OAI.EditApproximation.chargedSuffixDP", "OAI.EditApproximation.computedCoarseDepth", "OAI.EditApproximation.queryRangeValidWithWork", "OAI.EditApproximation.coarsePaddedReadWithWork", "OAI.EditApproximation.coarseRangeCopyWithWork", "OAI.EditApproximation.bitMulAllocation", "OAI.EditApproximation.bitDivModAllocation", "OAI.EditApproximation.saturatingSubtractAllocation", "OAI.EditApproximation.makeStateAllocation", "OAI.EditApproximation.translatedEndpointAllocation", "OAI.EditApproximation.wordInsertAllocation", "OAI.EditApproximation.wordSortWithWork", "OAI.EditApproximation.binaryGridRoundWithWork", "OAI.EditApproximation.gridPointsWithWork", "OAI.EditApproximation.seedGridSpacingWithWork", "OAI.EditApproximation.balancedCutWithWork", "OAI.EditApproximation.triangularMassWithWork", "OAI.EditApproximation.refinementBaseWithWork", "OAI.EditApproximation.queryPairWithWork", "OAI.EditApproximation.queryCellValidWithWork", "OAI.EditApproximation.queryFinOfNatWithWork", "OAI.EditApproximation.coarseDenominatorWithWork", "OAI.EditApproximation.coarseFramedReadWithWork", "OAI.EditApproximation.coarseDescriptorWithWork", "OAI.EditApproximation.coarseChildOffsetWithWork", "OAI.EditApproximation.coarseInputGuardWithWork", "OAI.EditApproximation.bitPowerAllocation", "OAI.EditApproximation.bitCeilDivAllocation", "OAI.EditApproximation.binaryNaturalMulAllocation", "OAI.EditApproximation.binaryNaturalDivAllocation", "OAI.EditApproximation.triangularMassAllocation", "OAI.EditApproximation.binaryIntervalRoundWithWork", "OAI.EditApproximation.computedQueryBase", "OAI.EditApproximation.coarsePreparedSlicesWithWork", "OAI.EditApproximation.gridPointsAllocation", "OAI.EditApproximation.balancedCutAllocation", "OAI.EditApproximation.seedGridSpacingAllocation", "OAI.EditApproximation.queryCellValidAllocation", "OAI.EditApproximation.queryPairAllocation", "OAI.EditApproximation.binaryGridRoundAllocation", "OAI.EditApproximation.wordSortAllocation", "OAI.EditApproximation.reduceOnlineIntegerAllocation", "OAI.EditApproximation.coarsePreparedInputStorage", "OAI.EditApproximation.optimizerTriangularMass", "OAI.EditApproximation.rationalLogApproximation", "OAI.EditApproximation.rationalLinearizationMaximizer", "OAI.EditApproximation.bandCoordinates", "OAI.EditApproximation.actionVector", "OAI.EditApproximation.rationalOptimisticHistory", "OAI.EditApproximation.rejectionBitCount", "OAI.EditApproximation.vectorMapWithWork", "OAI.EditApproximation.TreeLayer", "OAI.EditApproximation.intervalTreeDepth", "OAI.EditApproximation.rationalMaximum", "OAI.EditApproximation.rationalDyadicCeiling", "OAI.EditApproximation.listedBandCoordinates", "OAI.EditApproximation.childGain", "OAI.EditApproximation.childDecrement", "OAI.EditApproximation.naturalEqualWithWork", "OAI.EditApproximation.translatedEndpointWithWork", "OAI.EditApproximation.rationalOnlineMinimum", "OAI.EditApproximation.dyadicQueryWindow", "OAI.EditApproximation.actionCurrentInputCover", "OAI.EditApproximation.boundedOnlineInteger", "OAI.EditApproximation.orderedInputs", "OAI.EditApproximation.CoarseThresholdDraws", "OAI.EditApproximation.coarseThresholdContribution", "OAI.EditApproximation.coarseChildThreshold", "OAI.EditApproximation.coarseCommonDenominator", "OAI.EditApproximation.rationalSmoothedGradient", "OAI.EditApproximation.rationalOnlineLinear", "OAI.EditApproximation.triangularChoice", "OAI.EditApproximation.PhysicalNode", "OAI.EditApproximation.finiteRationalOptimizer", "OAI.EditApproximation.PhysicalInternalNode", "OAI.EditApproximation.finiteOptimizerAction", "OAI.EditApproximation.finiteOptimizerActionDraw", "OAI.EditApproximation.BinaryFraction.width", "OAI.EditApproximation.BinaryFraction.denominatorInteger", "OAI.EditApproximation.BinaryFraction.zero", "OAI.EditApproximation.BinaryFraction.canonicalizeWithWork", "OAI.EditApproximation.BinaryFraction.inversePowerTwo", "OAI.EditApproximation.BinaryFraction.doubleFraction", "OAI.EditApproximation.BinaryFraction.absolute", "OAI.EditApproximation.BinaryFraction.naturalCeilingWithWork", "OAI.EditApproximation.BinaryFraction.ofNaturalWord", "OAI.EditApproximation.BinaryFraction.naturalFloorWithWork", "OAI.EditApproximation.BinaryFraction.queryDataReadBudget", "OAI.EditApproximation.BinaryFraction.onlineParametersWithWork", "OAI.EditApproximation.BinaryFraction.refinementDecrementWithWork", "OAI.EditApproximation.BinaryFraction.CoarseBinaryArray", "OAI.EditApproximation.BinaryFraction.coarseRootDenominator", "OAI.EditApproximation.BinaryFraction.naturalListEqualWithWork", "OAI.EditApproximation.BinaryFraction.canonicalizeAllocation", "OAI.EditApproximation.BinaryFraction.invAllocation", "OAI.EditApproximation.BinaryFraction.naturalCeilingAllocation", "OAI.EditApproximation.BinaryFraction.gatheredLookupAllocation", "OAI.EditApproximation.BinaryFraction.naturalFloorAllocation", "OAI.EditApproximation.BinaryFraction.signedPowerTwoAllocation", "OAI.EditApproximation.BinaryFraction.invWithWork", "OAI.EditApproximation.BinaryFraction.signedPowerTwoWithWork", "OAI.EditApproximation.BinaryFraction.fixedDenominatorWithWork", "OAI.EditApproximation.BinaryFraction.finalAnswerWithWork", "OAI.EditApproximation.BinaryFraction.coarseGridNatWithWork", "OAI.EditApproximation.BinaryFraction.coarseBinaryMapWithWork", "OAI.EditApproximation.BinaryFraction.fixedDenominatorAllocation", "OAI.EditApproximation.BinaryFraction.finalAnswerAllocation", "OAI.EditApproximation.BinaryFraction.powerDenominatorWithWork", "OAI.EditApproximation.BinaryFraction.powerDenominatorAllocation", "OAI.EditApproximation.BinaryFraction.finishCachedWithWork", "OAI.EditApproximation.BinaryFraction.finishCachedAllocation", "OAI.EditApproximation.physicalChild", "OAI.EditApproximation.treeLayerCode", "OAI.EditApproximation.localOnlineMassBound", "OAI.EditApproximation.treeLayerCodeWithWork", "OAI.EditApproximation.queryNaturalIndexWithWork", "OAI.EditApproximation.scheduledSeedWordWithWork", "OAI.EditApproximation.coarseLetterMatchWithWork", "OAI.EditApproximation.queryNaturalIndexAllocation", "OAI.EditApproximation.physicalNodeCode", "OAI.EditApproximation.queryScaleDispatchWithWork", "OAI.EditApproximation.queryScaleDispatchAllocation", "OAI.EditApproximation.queryScalePresentWithWork", "OAI.EditApproximation.queryScalePresentAllocation", "OAI.EditApproximation.physicalScaleIndex", "OAI.EditApproximation.PositiveDrawRange", "OAI.EditApproximation.PhysicalLocalGroupKey", "OAI.EditApproximation.rejectionSuccessParameter", "OAI.EditApproximation.scheduledSeedFactor", "OAI.EditApproximation.scheduledSeedMultiplier", "OAI.EditApproximation.CommonRangeKey", "OAI.EditApproximation.positiveDrawRangeOfLE", "OAI.EditApproximation.SignedBinary.value", "OAI.EditApproximation.SignedBinary.ofInt", "OAI.EditApproximation.SignedBinary.neg", "OAI.EditApproximation.SignedBinary.addWithWork", "OAI.EditApproximation.SignedBinary.mulWithWork", "OAI.EditApproximation.SignedBinary.nonzeroWithWork", "OAI.EditApproximation.SignedBinary.addAllocation", "OAI.EditApproximation.SignedBinary.mulAllocation", "OAI.EditApproximation.SignedBinary.ltWithWork", "OAI.EditApproximation.BinaryFraction.value", "OAI.EditApproximation.BinaryFraction.representation", "OAI.EditApproximation.BinaryFraction.addWithWork", "OAI.EditApproximation.BinaryFraction.mulWithWork", "OAI.EditApproximation.BinaryFraction.neg", "OAI.EditApproximation.BinaryFraction.ltWithWork", "OAI.EditApproximation.BinaryFraction.nat", "OAI.EditApproximation.BinaryFraction.coarseGridAddWithWork", "OAI.EditApproximation.BinaryFraction.coarseReadShiftWithWork", "OAI.EditApproximation.BinaryFraction.addAllocation", "OAI.EditApproximation.BinaryFraction.mulAllocation", "OAI.EditApproximation.BinaryFraction.ltAllocation", "OAI.EditApproximation.BinaryFraction.canonicalAddWithWork", "OAI.EditApproximation.BinaryFraction.canonicalMulWithWork", "OAI.EditApproximation.BinaryFraction.one", "OAI.EditApproximation.BinaryFraction.dyadicScanWithWork", "OAI.EditApproximation.BinaryFraction.maxWithWork", "OAI.EditApproximation.BinaryFraction.leWithWork", "OAI.EditApproximation.BinaryFraction.minWithWork", "OAI.EditApproximation.BinaryFraction.queryScaleAt", "OAI.EditApproximation.BinaryFraction.gatheredWordLookupWithWork", "OAI.EditApproximation.BinaryFraction.coarseGridZipAddWithWork", "OAI.EditApproximation.BinaryFraction.coarseBinaryRead", "OAI.EditApproximation.BinaryFraction.canonicalAddAllocation", "OAI.EditApproximation.BinaryFraction.canonicalMulAllocation", "OAI.EditApproximation.BinaryFraction.minAllocation", "OAI.EditApproximation.BinaryFraction.maxAllocation", "OAI.EditApproximation.BinaryFraction.leAllocation", "OAI.EditApproximation.BinaryFraction.dyadicScanAllocation", "OAI.EditApproximation.BinaryFraction.equalAllocation", "OAI.EditApproximation.BinaryFraction.subWithWork", "OAI.EditApproximation.BinaryFraction.divWithWork", "OAI.EditApproximation.BinaryFraction.powWithWork", "OAI.EditApproximation.BinaryFraction.dotListWithWork", "OAI.EditApproximation.BinaryFraction.dyadicCeilingWithWork", "OAI.EditApproximation.BinaryFraction.maximumWithWork", "OAI.EditApproximation.BinaryFraction.minimumWithWork", "OAI.EditApproximation.BinaryFraction.scaledCeilingWithWork", "OAI.EditApproximation.BinaryFraction.coarseContributionWithWork", "OAI.EditApproximation.BinaryFraction.coarseGridScanWithWork", "OAI.EditApproximation.BinaryFraction.coarseGridZipMinimumWithWork", "OAI.EditApproximation.BinaryFraction.coarseBinaryAddWithWork", "OAI.EditApproximation.BinaryFraction.divAllocation", "OAI.EditApproximation.BinaryFraction.subAllocation", "OAI.EditApproximation.BinaryFraction.optimizerUpdateCellAllocation", "OAI.EditApproximation.BinaryFraction.dyadicCeilingAllocation", "OAI.EditApproximation.BinaryFraction.roundedSpacingAllocation", "OAI.EditApproximation.BinaryFraction.scaledCeilingAllocation", "OAI.EditApproximation.BinaryFraction.groupTermsAllocation", "OAI.EditApproximation.BinaryFraction.logarithmPartialWithWork", "OAI.EditApproximation.BinaryFraction.dotWithWork", "OAI.EditApproximation.BinaryFraction.distanceWithWork", "OAI.EditApproximation.BinaryFraction.affineErrorWithWork", "OAI.EditApproximation.BinaryFraction.bandToleranceWithWork", "OAI.EditApproximation.BinaryFraction.medianSeedWithWork", "OAI.EditApproximation.BinaryFraction.groupSampleCountWithWork", "OAI.EditApproximation.BinaryFraction.gainReadWithWork", "OAI.EditApproximation.BinaryFraction.decrementReadWithWork", "OAI.EditApproximation.BinaryFraction.scaledSeedWithWork", "OAI.EditApproximation.BinaryFraction.initialScaleGuardWithWork", "OAI.EditApproximation.BinaryFraction.initialCenterGuardWithWork", "OAI.EditApproximation.BinaryFraction.cellCoordinatesWithWork", "OAI.EditApproximation.BinaryFraction.cellGridPointsWithWork", "OAI.EditApproximation.BinaryFraction.centerEligibilityWithWork", "OAI.EditApproximation.BinaryFraction.refinementScaleGuardWithWork", "OAI.EditApproximation.BinaryFraction.coarseDivideWithWork", "OAI.EditApproximation.BinaryFraction.coarseGridLeftWithWork", "OAI.EditApproximation.BinaryFraction.coarseMinimumWithWork", "OAI.EditApproximation.BinaryFraction.powAllocation", "OAI.EditApproximation.BinaryFraction.dotListAllocation", "OAI.EditApproximation.BinaryFraction.minimumAllocation", "OAI.EditApproximation.BinaryFraction.maximumAllocation", "OAI.EditApproximation.BinaryFraction.distanceAllocation", "OAI.EditApproximation.BinaryFraction.optimizerUpdateAllocation", "OAI.EditApproximation.BinaryFraction.affineErrorAllocation", "OAI.EditApproximation.BinaryFraction.bandToleranceAllocation", "OAI.EditApproximation.BinaryFraction.initialScaleGuardAllocation", "OAI.EditApproximation.BinaryFraction.initialCenterGuardAllocation", "OAI.EditApproximation.BinaryFraction.scaledSeedAllocation", "OAI.EditApproximation.BinaryFraction.centerEligibilityAllocation", "OAI.EditApproximation.BinaryFraction.refinementScaleGuardAllocation", "OAI.EditApproximation.BinaryFraction.cellCoordinatesAllocation", "OAI.EditApproximation.BinaryFraction.cellGridPointsAllocation", "OAI.EditApproximation.BinaryFraction.medianSeedAllocation", "OAI.EditApproximation.BinaryFraction.groupSampleCountAllocation", "OAI.EditApproximation.BinaryFraction.refinementUpdateAllocation", "OAI.EditApproximation.BinaryFraction.coefficientAllocation", "OAI.EditApproximation.BinaryFraction.gainReadAllocation", "OAI.EditApproximation.BinaryFraction.decrementReadAllocation", "OAI.EditApproximation.BinaryFraction.logarithmWithWork", "OAI.EditApproximation.BinaryFraction.optimisticTermReadWithWork", "OAI.EditApproximation.BinaryFraction.queryExponentsWithWork", "OAI.EditApproximation.BinaryFraction.seedMedianWithWork", "OAI.EditApproximation.BinaryFraction.coarseGridPenaltyWithWork", "OAI.EditApproximation.BinaryFraction.coarseChildThresholdWithWork", "OAI.EditApproximation.BinaryFraction.coarseChildAllowanceWithWork", "OAI.EditApproximation.BinaryFraction.logarithmPartialAllocation", "OAI.EditApproximation.BinaryFraction.bandMassAllocation", "OAI.EditApproximation.BinaryFraction.sumListAllocation", "OAI.EditApproximation.BinaryFraction.naturalDistanceLeAllocation", "OAI.EditApproximation.BinaryFraction.queryExponentsAllocation", "OAI.EditApproximation.BinaryFraction.seedMedianAllocation", "OAI.EditApproximation.BinaryFraction.onlineMinimumAllocation", "OAI.EditApproximation.BinaryFraction.optimisticTermReadAllocation", "OAI.EditApproximation.BinaryFraction.gradientCellWithWork", "OAI.EditApproximation.BinaryFraction.queryScalesWithWork", "OAI.EditApproximation.BinaryFraction.querySeedMedianWithWork", "OAI.EditApproximation.BinaryFraction.coarseBinaryPenaltyWithWork", "OAI.EditApproximation.BinaryFraction.logarithmAllocation", "OAI.EditApproximation.BinaryFraction.queryScalesAllocation", "OAI.EditApproximation.BinaryFraction.coarseIndexChildren", "OAI.EditApproximation.BinaryFraction.gradientCellAllocation", "OAI.EditApproximation.BinaryFraction.coarseIndexedWithWork", "OAI.EditApproximation.BinaryFraction.gradientAllocation", "OAI.EditApproximation.BinaryFraction.gradientWithWork", "OAI.EditApproximation.BinaryFraction.scoredArgmaxWithWork", "OAI.EditApproximation.BinaryFraction.optimizerUpdateWithWork", "OAI.EditApproximation.BinaryFraction.bandMassTotalWithWork", "OAI.EditApproximation.BinaryFraction.coefficientWithWork", "OAI.EditApproximation.BinaryFraction.naturalDistanceLeWithWork", "OAI.EditApproximation.BinaryFraction.onlineMinimumWithWork", "OAI.EditApproximation.BinaryFraction.refinementUpdateWithWork", "OAI.EditApproximation.BinaryFraction.equalWithWork", "OAI.EditApproximation.BinaryFraction.roundedSpacingWithWork", "OAI.EditApproximation.BinaryFraction.maximizerWithWork", "OAI.EditApproximation.BinaryFraction.groupTermsWithWork", "OAI.EditApproximation.BinaryFraction.selectGroupWithWork", "OAI.EditApproximation.BinaryFraction.finiteOptimizerWithWork", "OAI.EditApproximation.BinaryFraction.selectionWithWork", "OAI.EditApproximation.BitQuery.value", "OAI.EditApproximation.BitQuery.work", "OAI.EditApproximation.BitQuery.bind", "OAI.EditApproximation.BitQuery.compute", "OAI.EditApproximation.BitQuery.mapKeysWithWork", "OAI.EditApproximation.BitQuery.restrictWithWork", "OAI.EditApproximation.BitQuery.runMemo", "OAI.EditApproximation.BitQuery.Footprint", "OAI.EditApproximation.BitQuery.collect", "OAI.EditApproximation.BitQuery.normalize", "OAI.EditApproximation.substring", "OAI.EditApproximation.TargetInterval", "OAI.EditApproximation.occurrenceDeficit", "OAI.EditApproximation.natListMinimum", "OAI.EditApproximation.coarsePadTo", "OAI.EditApproximation.connectionBudget", "OAI.EditApproximation.singletonCost", "OAI.EditApproximation.makeTargetState", "OAI.EditApproximation.targetEndpointDistance", "OAI.EditApproximation.targetStates", "OAI.EditApproximation.shortSourceCost", "OAI.EditApproximation.exactSuffixDP", "OAI.EditApproximation.exactSuffixAnswer", "OAI.EditApproximation.sourceChild", "OAI.EditApproximation.roundInterval", "OAI.EditApproximation.localTargetStates", "OAI.EditApproximation.rationalStateGap", "OAI.EditApproximation.gridStateBox", "OAI.EditApproximation.PhysicalEntry", "OAI.EditApproximation.makeStateWithWork", "OAI.EditApproximation.cellTargetStates", "OAI.EditApproximation.gridGapStates", "OAI.EditApproximation.PhysicalChildTables", "OAI.EditApproximation.PhysicalRationalAction", "OAI.EditApproximation.localTargetCells", "OAI.EditApproximation.coordinateEqualWithWork", "OAI.EditApproximation.queryIntervalEqualWithWork", "OAI.EditApproximation.childInputCode", "OAI.EditApproximation.queryChildCodeWithWork", "OAI.EditApproximation.querySliceHeadWithWork", "OAI.EditApproximation.rankedBitProgramValue", "OAI.EditApproximation.scheduledRefinementWordWithWork", "OAI.EditApproximation.coordinateEqualAllocation", "OAI.EditApproximation.queryIntervalEqualAllocation", "OAI.EditApproximation.sourceChildAllocation", "OAI.EditApproximation.zeroConnectionAllocation", "OAI.EditApproximation.queryChildCodeAllocation", "OAI.EditApproximation.roundStateAllocation", "OAI.EditApproximation.actionEqualAllocation", "OAI.EditApproximation.RawUnskippedBand", "OAI.EditApproximation.sourceIntervalAt", "OAI.EditApproximation.initialConeValue", "OAI.EditApproximation.wideChildStateList", "OAI.EditApproximation.bandCutShift", "OAI.EditApproximation.localInitialConeCenters", "OAI.EditApproximation.gridStateBoxWithWork", "OAI.EditApproximation.sourceChildWithWork", "OAI.EditApproximation.cellRepresentativeStates", "OAI.EditApproximation.groupRoundedStateList", "OAI.EditApproximation.rawInitialConeCenters", "OAI.EditApproximation.historyInputCode", "OAI.EditApproximation.localOnlineSourceKeys", "OAI.EditApproximation.queryHistoryCodeWithWork", "OAI.EditApproximation.queryOrderedChildInputsWithWork", "OAI.EditApproximation.queryHistoryEqualWithWork", "OAI.EditApproximation.queryGapStatesWithWork", "OAI.EditApproximation.queryOnlineKeyEqualWithWork", "OAI.EditApproximation.physicalEntryCode", "OAI.EditApproximation.rankedBitLocalWork", "OAI.EditApproximation.refinementParameterWordsWithWork", "OAI.EditApproximation.queryHistoryEqualAllocation", "OAI.EditApproximation.queryOnlineKeyEqualAllocation", "OAI.EditApproximation.gridStateBoxAllocation", "OAI.EditApproximation.queryHistoryCodeAllocation", "OAI.EditApproximation.queryOrderedChildInputsAllocation", "OAI.EditApproximation.actionMemberAllocation", "OAI.EditApproximation.queryGapStatesAllocation", "OAI.EditApproximation.wideActionList", "OAI.EditApproximation.physicalSourceInterval", "OAI.EditApproximation.localInitialConeTable", "OAI.EditApproximation.wideChildGridWithWork", "OAI.EditApproximation.queryOrderedHistoryInputsWithWork", "OAI.EditApproximation.queryNeededInputsWithWork", "OAI.EditApproximation.computedQueryParameters", "OAI.EditApproximation.wideChildGridAllocation", "OAI.EditApproximation.queryOrderedHistoryInputsAllocation", "OAI.EditApproximation.queryNeededInputsAllocation", "OAI.EditApproximation.physicalSource", "OAI.EditApproximation.wideActionGridWithWork", "OAI.EditApproximation.physicalCoarsePreparationCost", "OAI.EditApproximation.wideActionGridAllocation", "OAI.EditApproximation.BinaryFraction.sumListWithWork", "OAI.EditApproximation.BinaryFraction.connectionTermsWithWork", "OAI.EditApproximation.BinaryFraction.bandEnvelopeReadWithWork", "OAI.EditApproximation.BinaryFraction.onlineLinearReadWithWork", "OAI.EditApproximation.BinaryFraction.targetCellsWithWork", "OAI.EditApproximation.BinaryFraction.cellStatesWithWork", "OAI.EditApproximation.BinaryFraction.bandCoordinatesWithWork", "OAI.EditApproximation.BinaryFraction.countedBandCoordinateWithWork", "OAI.EditApproximation.BinaryFraction.representativeScaleReadWithWork", "OAI.EditApproximation.BinaryFraction.queryRawCentersWithWork", "OAI.EditApproximation.BinaryFraction.queryWideInputsWithWork", "OAI.EditApproximation.BinaryFraction.queryRawHistoryInputsWithWork", "OAI.EditApproximation.BinaryFraction.queryGroupRoundedStatesWithWork", "OAI.EditApproximation.BinaryFraction.queryOnlineIntegerReadWithWork", "OAI.EditApproximation.BinaryFraction.queryChildReadWithWork", "OAI.EditApproximation.BinaryFraction.queryHistoryReadWithWork", "OAI.EditApproximation.BinaryFraction.queryParentReadWithWork", "OAI.EditApproximation.BinaryFraction.initialGridReadWithWork", "OAI.EditApproximation.BinaryFraction.queryInitialConeCentersWithWork", "OAI.EditApproximation.BinaryFraction.connectionTermsAllocation", "OAI.EditApproximation.BinaryFraction.endpointDistanceAllocation", "OAI.EditApproximation.BinaryFraction.stateGapAllocation", "OAI.EditApproximation.BinaryFraction.queryChildReadAllocation", "OAI.EditApproximation.BinaryFraction.queryHistoryReadAllocation", "OAI.EditApproximation.BinaryFraction.queryOnlineIntegerReadAllocation", "OAI.EditApproximation.BinaryFraction.bandCoordinatesAllocation", "OAI.EditApproximation.BinaryFraction.scoredArgmaxAllocation", "OAI.EditApproximation.BinaryFraction.anchorGuardAllocation", "OAI.EditApproximation.BinaryFraction.bandEnvelopeReadAllocation", "OAI.EditApproximation.BinaryFraction.targetCellsAllocation", "OAI.EditApproximation.BinaryFraction.cellStatesAllocation", "OAI.EditApproximation.BinaryFraction.queryRawCentersAllocation", "OAI.EditApproximation.BinaryFraction.queryOnlineKeysAllocation", "OAI.EditApproximation.BinaryFraction.representativeScaleReadAllocation", "OAI.EditApproximation.BinaryFraction.queryWideInputsAllocation", "OAI.EditApproximation.BinaryFraction.queryRawHistoryInputsAllocation", "OAI.EditApproximation.BinaryFraction.queryGroupRoundedStatesAllocation", "OAI.EditApproximation.BinaryFraction.groupIndexAllocation", "OAI.EditApproximation.BinaryFraction.queryParentReadAllocation", "OAI.EditApproximation.BinaryFraction.onlineLinearReadAllocation", "OAI.EditApproximation.BinaryFraction.countedBandCoordinateAllocation", "OAI.EditApproximation.BinaryFraction.queryInitialConeCentersAllocation", "OAI.EditApproximation.BinaryFraction.connectionWithWork", "OAI.EditApproximation.BinaryFraction.envelopeVectorReadWithWork", "OAI.EditApproximation.BinaryFraction.bellmanActionReadWithWork", "OAI.EditApproximation.BinaryFraction.cellCentersReadWithWork", "OAI.EditApproximation.BinaryFraction.countedBandVerticesWithWork", "OAI.EditApproximation.BinaryFraction.onlineIndexSetupWithWork", "OAI.EditApproximation.BinaryFraction.localRepresentativeReadWithWork", "OAI.EditApproximation.BinaryFraction.queryGroupKeysWithWork", "OAI.EditApproximation.BinaryFraction.queryMeanWithWork", "OAI.EditApproximation.BinaryFraction.initialCentersReadWithWork", "OAI.EditApproximation.BinaryFraction.queryInitialSeedReadWithWork", "OAI.EditApproximation.BinaryFraction.queryOverrideParentReadWithWork", "OAI.EditApproximation.BinaryFraction.connectionAllocation", "OAI.EditApproximation.BinaryFraction.coordinateVectorAllocation", "OAI.EditApproximation.BinaryFraction.maximizerAllocation", "OAI.EditApproximation.BinaryFraction.onlineIndexSetupAllocation", "OAI.EditApproximation.BinaryFraction.envelopeVectorReadAllocation", "OAI.EditApproximation.BinaryFraction.roundedBandReadAllocation", "OAI.EditApproximation.BinaryFraction.queryGroupKeysAllocation", "OAI.EditApproximation.BinaryFraction.initialCellAllocation", "OAI.EditApproximation.BinaryFraction.localRepresentativeReadAllocation", "OAI.EditApproximation.BinaryFraction.cellCentersReadAllocation", "OAI.EditApproximation.BinaryFraction.selectGroupAllocation", "OAI.EditApproximation.BinaryFraction.bellmanActionReadAllocation", "OAI.EditApproximation.BinaryFraction.countedBandVerticesAllocation", "OAI.EditApproximation.BinaryFraction.queryInitialSeedReadAllocation", "OAI.EditApproximation.BinaryFraction.queryOverrideParentReadAllocation", "OAI.EditApproximation.BinaryFraction.prefixReadWithWork", "OAI.EditApproximation.BinaryFraction.bellmanReadWithWork", "OAI.EditApproximation.BinaryFraction.queryWarmupInputsWithWork", "OAI.EditApproximation.BinaryFraction.endpointConnectionAllocation", "OAI.EditApproximation.BinaryFraction.prefixReadAllocation", "OAI.EditApproximation.BinaryFraction.optimizerAllocation", "OAI.EditApproximation.BinaryFraction.queryEarlierRepresentativesAllocation", "OAI.EditApproximation.BinaryFraction.queryWarmupInputsAllocation", "OAI.EditApproximation.BinaryFraction.bellmanReadAllocation", "OAI.EditApproximation.BinaryFraction.prefixMinimumReadWithWork", "OAI.EditApproximation.BinaryFraction.localContinuationReadWithWork", "OAI.EditApproximation.BinaryFraction.prefixMinimumReadAllocation", "OAI.EditApproximation.BinaryFraction.localContinuationReadAllocation", "OAI.EditApproximation.BinaryFraction.endpointActionAllocation", "OAI.EditApproximation.BinaryFraction.selectionAllocation", "OAI.EditApproximation.BinaryFraction.cutGuardReadWithWork", "OAI.EditApproximation.BinaryFraction.cutGuardReadAllocation", "OAI.EditApproximation.BinaryFraction.bandPredicateReadAllocation", "OAI.EditApproximation.rationalConnectionBudget", "OAI.EditApproximation.bandChildEnvelope", "OAI.EditApproximation.bandEnvelopeExponent", "OAI.EditApproximation.zeroConnectionWithWork", "OAI.EditApproximation.roundStateWithWork", "OAI.EditApproximation.actionEqualWithWork", "OAI.EditApproximation.localRefinementRepresentatives", "OAI.EditApproximation.sharedBandRationalAction", "OAI.EditApproximation.localGroupQueryKeys", "OAI.EditApproximation.rationalWidePrefixCost", "OAI.EditApproximation.bandRoundSpacing", "OAI.EditApproximation.actionMemberWithWork", "OAI.EditApproximation.wideEarlierInputCover", "OAI.EditApproximation.queryEarlierRepresentatives", "OAI.EditApproximation.rationalWidePrefixMinimum", "OAI.EditApproximation.roundedBandAction", "OAI.EditApproximation.queryEarlierInputCover", "OAI.EditApproximation.canonicalRoundedBandAction", "OAI.EditApproximation.parameterClogWithWork", "OAI.EditApproximation.parameterLogWithWork", "OAI.EditApproximation.parameterRootSearch", "OAI.EditApproximation.parameterPowerWithWork", "OAI.EditApproximation.physicalCoarseInputStorage", "OAI.EditApproximation.computedQueryPassWithWork", "OAI.EditApproximation.storedIntegerBits", "OAI.EditApproximation.parameterSqrtWithWork", "OAI.EditApproximation.computedQuerySetupWithWork", "OAI.EditApproximation.integerParametersWithWork", "OAI.EditApproximation.PhysicalTableRequest", "OAI.EditApproximation.rawRefinementCenters", "OAI.EditApproximation.wideWarmupInputs", "OAI.EditApproximation.queryMeanRead", "OAI.EditApproximation.physicalNodeCodeWithWork", "OAI.EditApproximation.rationalParametersWithWork", "OAI.EditApproximation.onlineMassWithWork", "OAI.EditApproximation.refinementInitialSupport", "OAI.EditApproximation.refinementBandInputList", "OAI.EditApproximation.previousPassRequest", "OAI.EditApproximation.physicalEntryCodeWithWork", "OAI.EditApproximation.queryPhysicalBoundedWithWork", "OAI.EditApproximation.globalParameterWork", "OAI.EditApproximation.physicalLargeInputWithWork", "OAI.EditApproximation.physicalTableCodeAllocation", "OAI.EditApproximation.queryPhysicalBoundedAllocation", "OAI.EditApproximation.physicalTableCodeWithWork", "OAI.EditApproximation.PhysicalTableRequest.remainingDepth", "OAI.EditApproximation.PhysicalTableRequest.rank", "OAI.EditApproximation.PhysicalTableRequest.Bounded", "OAI.EditApproximation.PhysicalTableRequest.warmup", "OAI.EditApproximation.PhysicalTableRequest.refinement", "OAI.EditApproximation.PhysicalTableRequest.sameIndexChild", "OAI.EditApproximation.PhysicalTableRequest.combinedRank", "OAI.EditApproximation.physicalWarmupChildQuery", "OAI.EditApproximation.physicalRefinementCurrentQuery", "OAI.EditApproximation.physicalRefinementEarlierQuery", "OAI.EditApproximation.physicalRefinementWarmupRead", "OAI.EditApproximation.previousPassRead", "OAI.EditApproximation.ChargedPhysicalRequest", "OAI.EditApproximation.chargedPreviousPass", "OAI.EditApproximation.queryPhysicalTableRead", "OAI.EditApproximation.ComputedFamilyTableKey", "OAI.EditApproximation.chargedPhysicalCodeWithWork", "OAI.EditApproximation.queryPhysicalWarmupRead", "OAI.EditApproximation.queryPhysicalCurrentRead", "OAI.EditApproximation.queryPhysicalEarlierRead", "OAI.EditApproximation.chargedPhysicalRemaining", "OAI.EditApproximation.chargedPhysicalCodeAllocation", "OAI.EditApproximation.queryPhysicalMassRead", "OAI.EditApproximation.integerClosedRange", "OAI.EditApproximation.groupSampleCount", "OAI.EditApproximation.groupScaleTrueCost", "OAI.EditApproximation.selectGroupMember", "OAI.EditApproximation.groupDyadicScales", "OAI.EditApproximation.groupScaleEstimate", "OAI.EditApproximation.coarseDrawMeasure", "OAI.EditApproximation.groupMemberEstimate", "OAI.EditApproximation.BinaryFraction.groupScalesWithWork", "OAI.EditApproximation.BinaryFraction.bandPredicateReadWithWork", "OAI.EditApproximation.BinaryFraction.indexedGroupScales", "OAI.EditApproximation.BinaryFraction.queryOnlineKeysWithWork", "OAI.EditApproximation.BinaryFraction.groupScalesAllocation", "OAI.EditApproximation.BinaryFraction.bandFromActionsReadWithWork", "OAI.EditApproximation.BinaryFraction.queryInitialSupportWithWork", "OAI.EditApproximation.BinaryFraction.queryEarlierRepresentativesWithWork", "OAI.EditApproximation.BinaryFraction.bandFromActionsReadAllocation", "OAI.EditApproximation.BinaryFraction.queryInitialSupportAllocation", "OAI.EditApproximation.BinaryFraction.queryBandInputsWithWork", "OAI.EditApproximation.BinaryFraction.queryEarlierInputsWithWork", "OAI.EditApproximation.BinaryFraction.queryEarlierInputsAllocation", "OAI.EditApproximation.BinaryFraction.queryBandInputsAllocation", "OAI.EditApproximation.FiniteQuery.run", "OAI.EditApproximation.FiniteQuery.bind", "OAI.EditApproximation.FiniteQuery.mapKeys", "OAI.EditApproximation.FiniteQuery.restrict", "OAI.EditApproximation.FiniteQuery.requestWork", "OAI.EditApproximation.FiniteQuery.collect", "OAI.EditApproximation.physicalInitialQuery", "OAI.EditApproximation.queryInitialGather", "OAI.EditApproximation.queryBandGather", "OAI.EditApproximation.physicalRefinementMassQuery", "OAI.EditApproximation.physicalMedianSeedQuery", "OAI.EditApproximation.globalSeedRead", "OAI.EditApproximation.UnreducedRational.value", "OAI.EditApproximation.UnreducedRational.zero", "OAI.EditApproximation.UnreducedRational.mul", "OAI.EditApproximation.UnreducedRational.lt", "OAI.EditApproximation.UnreducedRational.inv", "OAI.EditApproximation.UnreducedRational.div", "OAI.EditApproximation.CoarseSourceTree", "OAI.EditApproximation.coarseTargetFrame", "OAI.EditApproximation.coarseRootShift", "OAI.EditApproximation.endpointActionConnection", "OAI.EditApproximation.coarseSourceTreeOfList", "OAI.EditApproximation.BinaryFraction.groupIndexWithWork", "OAI.EditApproximation.BinaryFraction.endpointDistanceWithWork", "OAI.EditApproximation.BinaryFraction.endpointConnectionWithWork", "OAI.EditApproximation.BinaryFraction.stateGapWithWork", "OAI.EditApproximation.BinaryFraction.groupScaleSourceWithWork", "OAI.EditApproximation.BinaryFraction.endpointScoreReadWithWork", "OAI.EditApproximation.BinaryFraction.initialConeWithWork", "OAI.EditApproximation.BinaryFraction.endpointActionWithWork", "OAI.EditApproximation.BinaryFraction.endpointScoreReadAllocation", "OAI.EditApproximation.BinaryFraction.initialConeAllocation", "OAI.EditApproximation.BinaryFraction.groupScaleSourceAllocation", "OAI.EditApproximation.BinaryFraction.gapGuardAllocation", "OAI.EditApproximation.BinaryFraction.wideMinimumReadWithWork", "OAI.EditApproximation.BinaryFraction.groupMemberSourceWithWork", "OAI.EditApproximation.BinaryFraction.wideActionsFromRepresentativesWithWork", "OAI.EditApproximation.BinaryFraction.initialConeReadWithWork", "OAI.EditApproximation.BinaryFraction.wideMinimumReadAllocation", "OAI.EditApproximation.BinaryFraction.groupMemberSourceAllocation", "OAI.EditApproximation.BinaryFraction.wideActionsFromRepresentativesAllocation", "OAI.EditApproximation.BinaryFraction.representativeFromActionsReadWithWork", "OAI.EditApproximation.BinaryFraction.physicalContinuationReadWithWork", "OAI.EditApproximation.BinaryFraction.initialMinimumReadWithWork", "OAI.EditApproximation.BinaryFraction.localWarmupReadKernelWithWork", "OAI.EditApproximation.BinaryFraction.representativeFromActionsReadAllocation", "OAI.EditApproximation.BinaryFraction.physicalContinuationReadAllocation", "OAI.EditApproximation.BinaryFraction.localWarmupReadAllocation", "OAI.EditApproximation.BinaryFraction.preparedRepresentativeReadWithWork", "OAI.EditApproximation.BinaryFraction.initialProgramReadWithWork", "OAI.EditApproximation.BinaryFraction.preparedRepresentativeReadAllocation", "OAI.EditApproximation.BinaryFraction.queryRefinementFinishAllocation", "OAI.EditApproximation.BinaryFraction.queryOnlineRangeWithWork", "OAI.EditApproximation.BinaryFraction.cachedInitialProgramReadWithWork", "OAI.EditApproximation.BinaryFraction.queryOnlineRangeAllocation", "OAI.EditApproximation.PositionCounts.count", "OAI.EditApproximation.PositionCounts.left", "OAI.EditApproximation.PositionCounts.right", "OAI.EditApproximation.PositionCounts.storageBits", "OAI.EditApproximation.PositionCounts.add", "OAI.EditApproximation.PositionCounts.addWithWork", "OAI.EditApproximation.PositionCounts.prefixWithWork", "OAI.EditApproximation.BitQuery.Footprint.bind", "OAI.EditApproximation.BitQuery.Footprint.compute", "OAI.EditApproximation.BitQuery.Footprint.chargeOf", "OAI.EditApproximation.BitQuery.Footprint.runCells", "OAI.EditApproximation.BitQuery.Footprint.computeOf", "OAI.EditApproximation.BitQuery.Footprint.collect", "OAI.EditApproximation.BitQuery.Footprint.mapKeysWithWork", "OAI.EditApproximation.BitQuery.Footprint.restrictWithWork", "OAI.EditApproximation.BitQuery.Footprint.normalize", "OAI.EditApproximation.bandActionPredicate", "OAI.EditApproximation.queryOnlineSourceGather", "OAI.EditApproximation.coarseLabelChildren", "OAI.EditApproximation.computedBandActions", "OAI.EditApproximation.rationalEndpointActionValue", "OAI.EditApproximation.rationalActualWideActions", "OAI.EditApproximation.groupQueriedChildLabels", "OAI.EditApproximation.rationalWideActionMinimum", "OAI.EditApproximation.groupCurrentInputCover", "OAI.EditApproximation.representativeBandActions", "OAI.EditApproximation.UnskippedBand", "OAI.EditApproximation.keyedOnlineBandG", "OAI.EditApproximation.testUnskippedBand", "OAI.EditApproximation.unskippedBandList", "OAI.EditApproximation.keyedOnlineCandidate", "OAI.EditApproximation.cellUnskippedBands", "OAI.EditApproximation.localOnlineCandidates", "OAI.EditApproximation.BinaryMemo.value", "OAI.EditApproximation.BinaryMemo.left", "OAI.EditApproximation.BinaryMemo.right", "OAI.EditApproximation.BinaryMemo.lookup", "OAI.EditApproximation.BinaryMemo.insert", "OAI.EditApproximation.BinaryMemo.lookupCosted", "OAI.EditApproximation.BinaryMemo.insertCosted", "OAI.EditApproximation.rankedMemoEvaluate", "OAI.EditApproximation.localWarmupStepQuery", "OAI.EditApproximation.keyedOnlineSourceRange", "OAI.EditApproximation.occurrenceBuild", "OAI.EditApproximation.occurrenceBuildWithWork", "OAI.EditApproximation.occurrenceQueryWithWork", "OAI.EditApproximation.rankedBitMemoEvaluate", "OAI.EditApproximation.physicalWarmupStepQuery", "OAI.EditApproximation.indexedSingletonCostWithWork", "OAI.EditApproximation.integerOccurrenceIndex", "OAI.EditApproximation.integerOccurrenceBuildWithWork", "OAI.EditApproximation.rankedMemoAddressWork", "OAI.EditApproximation.rankedMemoKernelWork", "OAI.EditApproximation.physicalWarmupRequestQuery", "OAI.EditApproximation.PhysicalLocalOnlineKey", "OAI.EditApproximation.ClampedPhysicalSeed", "OAI.EditApproximation.finalTargetState", "OAI.EditApproximation.PhysicalCommonKey", "OAI.EditApproximation.clampedSeedNat", "OAI.EditApproximation.triangularChoiceWithWork", "OAI.EditApproximation.triangularChoiceAllocation", "OAI.EditApproximation.BinaryFraction.coordinateVectorWithWork", "OAI.EditApproximation.BinaryFraction.reduceOnlineIntegerWithWork", "OAI.EditApproximation.BinaryFraction.countedPreparedActionReadWithWork", "OAI.EditApproximation.BinaryFraction.countedPreparedActionKernelAllocation", "OAI.EditApproximation.BinaryFraction.countedBandActionReadWithWork", "OAI.EditApproximation.BinaryFraction.countedPreparedActionAllocation", "OAI.EditApproximation.BinaryFraction.countedSampledOnlineReadWithWork", "OAI.EditApproximation.BinaryFraction.countedBandActionAllocation", "OAI.EditApproximation.BinaryFraction.countedSampledOnlineAllocation", "OAI.EditApproximation.SourceRanked.rank", "OAI.EditApproximation.SourceRanked.keyCode", "OAI.EditApproximation.SourceRanked.child", "OAI.EditApproximation.SourceRanked.body", "OAI.EditApproximation.SourceRanked.bitBody", "OAI.EditApproximation.ChargedPhysicalRequest.depth", "OAI.EditApproximation.ChargedPhysicalRequest.index", "OAI.EditApproximation.ChargedPhysicalRequest.rank", "OAI.EditApproximation.chargedPreviousRead", "OAI.EditApproximation.chargedWarmupChild", "OAI.EditApproximation.chargedSeedQuery", "OAI.EditApproximation.chargedWarmupQuery", "OAI.EditApproximation.coarseEntryWidth", "OAI.EditApproximation.CoarseGuessIndex", "OAI.EditApproximation.coarseGuess", "OAI.EditApproximation.coarseEntryTree", "OAI.EditApproximation.coarseInitialMeasure", "OAI.EditApproximation.coarseActiveChildrenWork", "OAI.EditApproximation.CoarseFullSeedDraws", "OAI.EditApproximation.coarseFullSeedMeasure", "OAI.EditApproximation.rejectionAcceptedLaw", "OAI.EditApproximation.RejectionRuntimeArray", "OAI.EditApproximation.BinaryMemo.fractionStorage", "OAI.EditApproximation.BinaryMemo.valueStorage", "OAI.EditApproximation.indexedLeafWithWork", "OAI.EditApproximation.integerOccurrenceStorage", "OAI.EditApproximation.integerStoredDataSpace", "OAI.EditApproximation.binaryIndexedLeafWithWork", "OAI.EditApproximation.binaryIndexedLeafAllocation", "OAI.EditApproximation.queryIndexedSliceWithWork", "OAI.EditApproximation.queryIndexedSliceAllocation", "OAI.EditApproximation.BinaryFraction.initialGridReadAllocation", "OAI.EditApproximation.BinaryFraction.initialConeReadAllocation", "OAI.EditApproximation.BinaryFraction.initialCentersReadAllocation", "OAI.EditApproximation.BinaryFraction.initialMinimumReadAllocation", "OAI.EditApproximation.BinaryFraction.initialProgramReadAllocation", "OAI.EditApproximation.BinaryFraction.cachedInitialProgramReadAllocation", "OAI.EditApproximation.BinaryFraction.onlineParametersAllocation", "OAI.EditApproximation.BinaryFraction.refinementDecrementAllocation", "OAI.EditApproximation.scheduledRefinementAllocation", "OAI.EditApproximation.refinementBaseAllocation", "OAI.EditApproximation.refinementParameterAllocation", "OAI.EditApproximation.computedQueryPassAllocation", "OAI.EditApproximation.computedQuerySetupAllocation", "OAI.EditApproximation.UnreducedRational.nat", "OAI.EditApproximation.BinaryFraction.countedGroupMemberSourceWithWork", "OAI.EditApproximation.BinaryFraction.roundedBandReadWithWork", "OAI.EditApproximation.BinaryFraction.queryGroupLabelsWithWork", "OAI.EditApproximation.BinaryFraction.queryGroupLabelsAllocation", "OAI.EditApproximation.BinaryFraction.countedGroupMemberSourceAllocation", "OAI.EditApproximation.BinaryFraction.unskippedGuardReadWithWork", "OAI.EditApproximation.BinaryFraction.queryGroupInputsWithWork", "OAI.EditApproximation.BinaryFraction.coarseIndexedRootWithWork", "OAI.EditApproximation.BinaryFraction.queryGroupInputsAllocation", "OAI.EditApproximation.BinaryFraction.unskippedGuardReadAllocation", "OAI.EditApproximation.BinaryFraction.queryGroupInputsTransportWithWork", "OAI.EditApproximation.BinaryFraction.coarseIndexedCandidateWithWork", "OAI.EditApproximation.BinaryFraction.preparedUnskippedReadAllocation", "OAI.EditApproximation.BinaryFraction.queryGroupInputsTransportAllocation", "OAI.EditApproximation.BinaryFraction.preparedUnskippedReadWithWorkRaw", "OAI.EditApproximation.BinaryFraction.coarseIndexedInitialWithWork", "OAI.EditApproximation.BinaryFraction.unskippedEstimateSourceWithWorkRaw", "OAI.EditApproximation.BinaryFraction.unskippedEstimateSourceAllocationRaw", "OAI.EditApproximation.BinaryFraction.chooseUnskippedSourceWithWorkRaw", "OAI.EditApproximation.BinaryFraction.chooseUnskippedSourceAllocationRaw", "OAI.EditApproximation.BinaryFraction.sampledGroupActionSourceWithWorkRaw", "OAI.EditApproximation.BinaryFraction.sampledGroupActionSourceAllocationRaw", "OAI.EditApproximation.BinaryFraction.preparedOnlineReadWithWorkRaw", "OAI.EditApproximation.BinaryFraction.preparedOnlineReadAllocationRaw", "OAI.EditDistortion.Step", "OAI.EditDistortion.Script", "OAI.EditDistortion.edit", "OAI.EditDistortion.cost", "OAI.EditApproximation.CoarseSourceTree.word", "OAI.EditApproximation.coarseLabelCount", "OAI.EditApproximation.coarseIndexedEntryBinaryCost", "OAI.EditApproximation.coarseInitialLabelCount", "OAI.EditApproximation.coarseChildrenCost", "OAI.EditApproximation.coarseShiftCost", "OAI.EditApproximation.UnskippedBand.actions", "OAI.EditApproximation.UnskippedBand.envelope", "OAI.EditApproximation.UnskippedBand.rounded", "OAI.EditApproximation.UnskippedBand.rationalAction", "OAI.EditApproximation.unskippedGroupEstimate", "OAI.EditApproximation.groupDyadicScaleAt", "OAI.EditApproximation.CellGroupDraws", "OAI.EditApproximation.cellScaleReadDraw", "OAI.EditApproximation.GroupScalarKey", "OAI.EditApproximation.CountedCellGroupDraws", "OAI.EditApproximation.CellGroupSourceAllocations", "OAI.EditApproximation.CountedCellGroupAllocations", "OAI.EditApproximation.CellGroupReadDraws", "OAI.EditApproximation.groupScalarKeys", "OAI.EditApproximation.groupDrawFromValues", "OAI.EditApproximation.queryGroupKeyEqualWithWork", "OAI.EditApproximation.queryGroupKeyEqualAllocation", "OAI.EditApproximation.BinaryFraction.queryGroupKeySamplesWithWork", "OAI.EditApproximation.BinaryFraction.querySharedCellInputsWithWork", "OAI.EditApproximation.BinaryFraction.groupKeySampleBlock", "OAI.EditApproximation.BinaryFraction.groupKeySampleBlockAllocation", "OAI.EditApproximation.BinaryFraction.querySharedCellInputsAllocation", "OAI.EditApproximation.BinaryFraction.queryGroupKeySamplesAllocation", "OAI.EditApproximation.BinaryFraction.querySharedInputsWithWork", "OAI.EditApproximation.BinaryFraction.queryGroupDrawReadWithWork", "OAI.EditApproximation.BinaryFraction.queryGroupSourceKeysWithWork", "OAI.EditApproximation.BinaryFraction.queryGroupDrawReadAllocation", "OAI.EditApproximation.BinaryFraction.queryGroupSourceKeysAllocation", "OAI.EditApproximation.BinaryFraction.querySharedInputsAllocation", "OAI.EditApproximation.BinaryFraction.preparedCellGroupSourceAllocationRaw", "OAI.EditApproximation.BinaryFraction.preparedCellGroupSourceWithWorkRaw", "OAI.EditApproximation.querySharedInputCover", "OAI.EditApproximation.coarseThresholdChildrenCost", "OAI.EditApproximation.coarseThresholdEstimate", "OAI.EditApproximation.PhysicalScalarIndex", "OAI.EditApproximation.computedPhysicalCoarseDepth", "OAI.EditApproximation.PhysicalScalarKey", "OAI.EditApproximation.physicalScalarRange", "OAI.EditApproximation.queryGroupSourceGather", "OAI.EditApproximation.physicalScalarCodeWithWork", "OAI.EditApproximation.physicalScalarCodeAllocation", "OAI.EditApproximation.PhysicalGroupQueries", "OAI.EditApproximation.physicalScalarOnlineRead", "OAI.EditApproximation.physicalScalarGroupQueriesAt", "OAI.EditApproximation.BitPhysicalGroupQueries", "OAI.EditApproximation.queryPhysicalScalarRead", "OAI.EditApproximation.queryPhysicalScalarGroupQueriesAt", "OAI.EditApproximation.dyadicUnskippedGroupEstimate", "OAI.EditApproximation.chooseUnskippedGroup", "OAI.EditApproximation.chooseCellGroupAction", "OAI.EditApproximation.localCellGroupActions", "OAI.EditApproximation.localRefinementStepQuery", "OAI.EditApproximation.localOnlineSourceStepQuery", "OAI.EditApproximation.queryRefinementGather", "OAI.EditApproximation.BinaryFraction.queryRefinementFinishWithWork", "OAI.EditApproximation.localRandomSourceStepQuery", "OAI.EditApproximation.localRandomBandDataQuery", "OAI.EditApproximation.localRandomDataQuery", "OAI.EditApproximation.physicalScalarCode", "OAI.EditApproximation.physicalScalarGroupQueries", "OAI.EditApproximation.physicalScalarGroupRead", "OAI.EditApproximation.physicalRandomDataRequestQuery", "OAI.EditApproximation.physicalInactiveGlobalQuery", "OAI.EditApproximation.physicalRandomGlobalQuery", "OAI.EditApproximation.PhysicalTableRequest.entryCapacity", "OAI.EditApproximation.PhysicalTableRequest.code", "OAI.EditApproximation.SourceRanked.supportedChild", "OAI.EditApproximation.SourceRanked.supportedChildMap", "OAI.EditApproximation.SourceRanked.restrictBody", "OAI.EditApproximation.physicalRandomBoundedQuery", "OAI.EditApproximation.chargedRandomGlobalQuery", "OAI.EditApproximation.PhysicalFamilyScalarKey", "OAI.EditApproximation.PhysicalFamilyScalarDraw", "OAI.EditApproximation.physicalFamilyAnswer", "OAI.EditApproximation.physicalFamilyGroupRead", "OAI.EditApproximation.physicalFamilyOnlineRead", "OAI.EditApproximation.QueryFamilyMemoKey", "OAI.EditApproximation.queryFamilySourceWordWithWork", "OAI.EditApproximation.queryFamilyMemoRemaining", "OAI.EditApproximation.ComputedFamilySeed", "OAI.EditApproximation.ComputedFamilyDraw", "OAI.EditApproximation.ComputedFamilyInput", "OAI.EditApproximation.physicalFamilyCode", "OAI.EditApproximation.ChargedPhysicalRequest.code", "OAI.EditApproximation.ComputedFamilyScalarKey", "OAI.EditApproximation.computedFamilyMemoCode", "OAI.EditApproximation.coarseInitialCandidate", "OAI.EditApproximation.coarseInitialMinimum", "OAI.EditApproximation.coarseInitialValue", "OAI.EditApproximation.coarseActiveArrayWork", "OAI.EditApproximation.coarseFullSeedTable", "OAI.EditApproximation.coarseInitialArrayWork", "OAI.EditApproximation.integerEqualWithWork", "OAI.EditApproximation.integerPreprocessingWork", "OAI.EditApproximation.ComputedFamilyMemoKey", "OAI.EditApproximation.integerPreevaluationWork", "OAI.EditApproximation.physicalFamilyCodeWithWork", "OAI.EditApproximation.computedFamilyMemoCodeWithWork", "OAI.EditApproximation.queryPhysicalScalarGroupQueries", "OAI.EditApproximation.queryPhysicalScalarGroupRead", "OAI.EditApproximation.queryPhysicalScalarOnlineRead", "OAI.EditApproximation.queryFamilyTagWithWork", "OAI.EditApproximation.queryFamilyGroupRead", "OAI.EditApproximation.queryFamilyOnlineRead", "OAI.EditApproximation.QueryPhysicalChild", "OAI.EditApproximation.querySupportedChildWithWork", "OAI.EditApproximation.queryRestrictPhysicalBody", "OAI.EditApproximation.queryInitialConeProgramAt", "OAI.EditApproximation.queryChargedRead", "OAI.EditApproximation.queryChargedPreviousRead", "OAI.EditApproximation.queryChargedSeedAt", "OAI.EditApproximation.queryPhysicalInitial", "OAI.EditApproximation.queryWarmupProgram", "OAI.EditApproximation.queryChargedWarmupChild", "OAI.EditApproximation.queryChargedWarmup", "OAI.EditApproximation.ChargedFamilyQueryKey", "OAI.EditApproximation.rankedNormalizeBody", "OAI.EditApproximation.chargedRandomMemoEvaluate", "OAI.EditApproximation.physicalFamilyProgram", "OAI.EditApproximation.PhysicalCoarseDraw", "OAI.EditApproximation.physicalCoarseSeedTable", "OAI.EditApproximation.localFinalRootRequest", "OAI.EditApproximation.computedFamilyKernelWork", "OAI.EditApproximation.computedFamilyAddressWork", "OAI.EditApproximation.computedFamilyCoarseCopyStorage", "OAI.EditApproximation.computedFamilyCoarseArrayCapacity", "OAI.EditApproximation.computedFamilyCoarseScratchCapacity", "OAI.EditApproximation.computedFamilyCoarseControlCapacity", "OAI.EditApproximation.physicalFamilyMemoResult", "OAI.EditApproximation.selectionIndicator", "OAI.EditApproximation.coarseIndexedEntryCostSum", "OAI.EditApproximation.querySupportedChildAllocation", "OAI.EditApproximation.rejectionFailureLaw", "OAI.EditApproximation.rejectionRuntimeArrayLaw", "OAI.EditApproximation.rejectionSelectedBits", "OAI.EditApproximation.physicalFamilyRange", "OAI.EditApproximation.ComputedPhysicalCoarseDraw", "OAI.EditApproximation.ComputedRejectionRuntime", "OAI.EditApproximation.computedPhysicalCoarseLaw", "OAI.EditApproximation.ComputedExecutionOutcome", "OAI.EditApproximation.computedExecutionLaw", "OAI.EditApproximation.ComputedFullOutcome", "OAI.EditApproximation.PhysicalFamilyRuntimeOutcome", "OAI.EditApproximation.physicalFamilyRuntimeAccepted", "OAI.EditApproximation.physicalLargeInput", "OAI.EditApproximation.physicalFamilyMemoBits", "OAI.EditApproximation.computedFamilyResult", "OAI.EditApproximation.computedFamilyRejectionWork", "OAI.EditApproximation.physicalFamilyMemoCoarseWork", "OAI.EditApproximation.PhysicalCoarseExecution", "OAI.EditApproximation.physicalCoarseExecutionProjection", "OAI.EditApproximation.computedExecutionProjection", "OAI.EditApproximation.computedFullLaw", "OAI.EditApproximation.computedExecutionAccepted", "OAI.EditApproximation.computedExecutionRejectionWork", "OAI.EditApproximation.computedFinalRoot", "OAI.EditApproximation.computedExecutionKernelWork", "OAI.EditApproximation.computedExecutionDictionaryWork", "OAI.EditApproximation.computedExecutionAddressWork", "OAI.EditApproximation.symbolicComputedCoarseWork", "OAI.EditApproximation.symbolicComputedExecutionCoarseWork", "OAI.EditApproximation.computedExecutionCoarseWork", "OAI.EditApproximation.computedExecutionNonlocalWork", "OAI.EditApproximation.physicalFamilyIndexedCoarseWork", "OAI.EditApproximation.symbolicComputedExecutionIndexedCoarseWork", "OAI.EditApproximation.computedExecutionIndexedCoarseWork", "OAI.EditApproximation.physicalFamilyCoarseSamplingWork", "OAI.EditApproximation.symbolicComputedExecutionCoarseSamplingWork", "OAI.EditApproximation.computedExecutionCoarseSamplingWork", "OAI.EditApproximation.physicalFamilyCoarsePreparationWork", "OAI.EditApproximation.computedFamilyCoarsePreparationWork", "OAI.EditApproximation.computedExecutionCoarsePreparationWork", "OAI.EditApproximation.computedExecutionReadChargedWork", "OAI.EditApproximation.computedExecutionTotalWork", "OAI.EditApproximation.computedFullOutputWork", "OAI.EditApproximation.queryFamilyTagAllocation", "OAI.EditApproximation.BitQuery.Footprint.rankedBitMemoCells", "OAI.EditApproximation.queryInitialGatherFootprint", "OAI.EditApproximation.queryBandGatherFootprint", "OAI.EditApproximation.queryGroupSourceGatherFootprint", "OAI.EditApproximation.queryOnlineSourceGatherFootprint", "OAI.EditApproximation.queryPhysicalTableReadFootprint", "OAI.EditApproximation.queryMeanReadFootprint", "OAI.EditApproximation.queryPhysicalScalarReadFootprint", "OAI.EditApproximation.queryRestrictPhysicalBodyFootprint", "OAI.EditApproximation.queryInitialConeProgramAtFootprint", "OAI.EditApproximation.queryChargedReadFootprint", "OAI.EditApproximation.queryWarmupProgramFootprint", "OAI.EditApproximation.queryPhysicalEarlierReadFootprint", "OAI.EditApproximation.queryPhysicalScalarOnlineReadFootprint", "OAI.EditApproximation.queryChargedSeedAtFootprint", "OAI.EditApproximation.queryFamilyOnlineReadFootprint", "OAI.EditApproximation.queryPhysicalInitialFootprint", "OAI.EditApproximation.queryPhysicalScalarGroupQueriesFootprint", "OAI.EditApproximation.queryPhysicalScalarGroupReadFootprint", "OAI.EditApproximation.queryFamilyGroupReadFootprint", "OAI.EditApproximation.queryChargedWarmupFootprint", "OAI.EditApproximation.BinaryFraction.preparedComputedCellSourceWithWorkRawBand", "OAI.EditApproximation.BinaryFraction.preparedLocalGroupScaleSourceWithWorkRawBand", "OAI.EditApproximation.BinaryFraction.preparedLocalCellGroupsSourceWithWorkRawBand", "OAI.EditApproximation.BinaryFraction.preparedLocalOnlineScaleSourceWithWorkRawBand", "OAI.EditApproximation.BinaryFraction.preparedLocalOnlineActionsSourceWithWorkRawBand", "OAI.EditApproximation.BinaryFraction.queryOnlineSelectWithWorkRawBand", "OAI.EditApproximation.BinaryFraction.queryGroupSelectWithWorkRawBand", "OAI.EditApproximation.queryLocalRefinementRawBand", "OAI.EditApproximation.queryLocalRandomSourcesRawBand", "OAI.EditApproximation.queryLocalBandRawBand", "OAI.EditApproximation.queryLocalProgramRawBand", "OAI.EditApproximation.queryPhysicalRandomDataRequestRawBand", "OAI.EditApproximation.queryFamilyRefinementRawBand", "OAI.EditApproximation.queryFamilyActiveRawBand", "OAI.EditApproximation.queryFamilyBoundedActiveRawBand", "OAI.EditApproximation.queryChargedFamilyTableRawBand", "OAI.EditApproximation.queryChargedFamilyGlobalRawBand", "OAI.EditApproximation.queryFamilyMemoRawRawBand", "OAI.EditApproximation.computedQueryMemoRawRawBand", "OAI.EditApproximation.computedQueryMemoNormalizedRawBand", "OAI.EditApproximation.computedQueryMemoResultRawBand", "OAI.EditApproximation.computedQueryLocalWorkRawBand", "OAI.EditApproximation.computedQueryAnswerWithWorkRawBand", "OAI.EditApproximation.integerQueryLocalWorkRawBand", "OAI.EditApproximation.integerBinaryOutputRawBand", "OAI.EditApproximation.integerBinaryAnswerRawBand", "OAI.EditApproximation.BinaryFraction.preparedComputedCellSourceAllocationRawBand", "OAI.EditApproximation.BinaryFraction.castGroupSourceAllocationRawBand", "OAI.EditApproximation.BinaryFraction.preparedLocalGroupScaleSourceAllocationRawBand", "OAI.EditApproximation.BinaryFraction.localGroupSourceScaleBlockRawBand", "OAI.EditApproximation.BinaryFraction.localGroupSourceScaleBlockAllocationRawBand", "OAI.EditApproximation.BinaryFraction.preparedLocalCellGroupsSourceAllocationRawBand", "OAI.EditApproximation.BinaryFraction.preparedLocalOnlineScaleSourceAllocationRawBand", "OAI.EditApproximation.BinaryFraction.preparedLocalOnlineActionsSourceAllocationRawBand", "OAI.EditApproximation.BinaryFraction.queryOnlineSelectAllocationRawBand", "OAI.EditApproximation.BinaryFraction.queryGroupSelectAllocationRawBand", "OAI.EditApproximation.integerBinaryWorkRawBand", "OAI.EditApproximation.integerFinalAllocationRawBand", "OAI.EditApproximation.queryLocalRefinementFootprintRawBand", "OAI.EditApproximation.queryLocalRandomSourcesFootprintRawBand", "OAI.EditApproximation.queryLocalBandFootprintRawBand", "OAI.EditApproximation.queryLocalProgramFootprintRawBand", "OAI.EditApproximation.queryPhysicalRandomDataRequestFootprintRawBand", "OAI.EditApproximation.queryFamilyRefinementFootprintRawBand", "OAI.EditApproximation.queryFamilyActiveFootprintRawBand", "OAI.EditApproximation.queryFamilyBoundedActiveFootprintRawBand", "OAI.EditApproximation.queryChargedFamilyTableFootprintRawBand", "OAI.EditApproximation.queryChargedFamilyGlobalFootprintRawBand", "OAI.EditApproximation.queryFamilyMemoRawFootprintRawBand", "OAI.EditApproximation.computedQueryMemoRawFootprintRawBand", "OAI.EditApproximation.computedQueryMemoFootprintRawBand", "OAI.EditApproximation.computedQueryTemporaryCellsFootprintRawBand", "OAI.EditApproximation.integerAcceptedSpaceTermsFootprintRawBand", "OAI.EditApproximation.integerBinarySpaceFootprintRawBand"], "json_theorems": ["OAI.EditApproximation.almostLinearEditDistanceRawBand"], "missing_from_parse": []}
TYPES/DEFS DIFFER EditApproximation
1,5d0
< /Users/shannon/cc/math/math/lean/Scratch/Challenge_EditApproximation.lean:19146:8:
< warning:
< declaration
< uses
< `sorry`
AXIOMS: 'OAI.EditApproximation.almostLinearEditDistanceRawBand' depends on axioms: [propext, Classical.choice, Quot.sound] 
== end=2026-10-09T11:56:13Z
