== ErdosReciprocal  module=OAI.Combinatorics.Progressions.Main  start=2026-10-07T07:30:07Z
warning: belyi: repository '/Users/shannon/cc/math/math/lean/.lake/packages/belyi' has local changes
warning: formal-schemes: repository '/Users/shannon/cc/math/math/lean/.lake/packages/formal-schemes' has local changes
warning: elliptic-curves: repository '/Users/shannon/cc/math/math/lean/.lake/packages/elliptic-curves' has local changes
warning: tempered-fundamental-groups: repository '/Users/shannon/cc/math/math/lean/.lake/packages/tempered-fundamental-groups' has local changes
warning: oka: repository '/Users/shannon/cc/math/math/lean/.lake/packages/oka' has local changes
warning: orbicurve-cores: repository '/Users/shannon/cc/math/math/lean/.lake/packages/orbicurve-cores' has local changes
warning: pi1: repository '/Users/shannon/cc/math/math/lean/.lake/packages/pi1' has local changes
warning: heights: repository '/Users/shannon/cc/math/math/lean/.lake/packages/heights' has local changes
warning: genl: repository '/Users/shannon/cc/math/math/lean/.lake/packages/genl' has local changes
warning: tate-curves-theta: repository '/Users/shannon/cc/math/math/lean/.lake/packages/tate-curves-theta' has local changes
warning: iut: repository '/Users/shannon/cc/math/math/lean/.lake/packages/iut' has local changes
✔ [9994/10424] Built OAI.Combinatorics.Progressions.Nilpotent.FreeWeightedNilpotentLieAlgebra (195s)
✔ [9995/10424] Built OAI.Combinatorics.Progressions.Fourier.LayeredFourierCharacter (195s)
✔ [9996/10424] Built OAI.Combinatorics.Progressions.Lattices.IntegerBoxCoordinateEquiv (196s)
✔ [9997/10425] Built OAI.Combinatorics.Progressions.Probability.RelativeFullSliceLaw (197s)
✔ [9998/10425] Built OAI.Combinatorics.Progressions.Estimates.MixedRealPoint (202s)
✔ [10000/10425] Built OAI.Combinatorics.Progressions.Lattices.AnchoredCubeResidueWidths (210s)
✔ [10001/10428] Built OAI.Combinatorics.Progressions.Nilpotent.IdealInvariantNiltestBudget (249s)
✔ [10003/10428] Built OAI.Combinatorics.Progressions.Probability.ScaledArrayLaw (268s)
✔ [10004/10428] Built OAI.Combinatorics.Progressions.Estimates.FreeWeightedEvaluationBounds (104s)
✔ [10005/10431] Built OAI.Combinatorics.Progressions.Lattices.AffineMeshRetention (105s)
✔ [10007/10431] Built OAI.Combinatorics.Progressions.Lattices.AffineCoefficientResidueWidths (118s)
✔ [10008/10432] Built OAI.Combinatorics.Progressions.Estimates.FreeWeightedModelBounds (124s)
✔ [10010/10432] Built OAI.Combinatorics.Progressions.Dynamics.CubeModeUniformBudget (120s)
✔ [10011/10437] Built OAI.Combinatorics.Progressions.Geometry.MixedRealCoordinates (135s)
✔ [10012/10438] Built OAI.Combinatorics.Progressions.Nilpotent.CellwiseNiltestDiscretization (97s)
✔ [10014/10441] Built OAI.Combinatorics.Progressions.Estimates.FixedObservableCorrelation (117s)
✔ [10016/10445] Built OAI.Combinatorics.Progressions.Estimates.BoundedCoefficientExpansion (84s)
✔ [10017/10445] Built OAI.Combinatorics.Progressions.Geometry.MixedArraySourceSupport (102s)
✔ [10020/10456] Built OAI.Combinatorics.Progressions.Lattices.UniformBoxResidueMass (90s)
✔ [10022/10463] Built OAI.Combinatorics.Progressions.Linear.NativeChartKernel (105s)
✔ [10023/10505] Built OAI.Combinatorics.Progressions.Nilpotent.NativeNiltestPartition (68s)
✔ [10039/10630] Built OAI.Combinatorics.Progressions.Linear.FreeWeightedRankGenerators (103s)
✔ [10069/10630] Built OAI.Combinatorics.Progressions.Estimates.EmptyLayerDetectionGeometry (100s)
✔ [10070/10633] Built OAI.Combinatorics.Progressions.Nilpotent.CyclicNiltestApproximation (95s)
✔ [10071/10638] Built OAI.Combinatorics.Progressions.Lattices.ChartLatticePeriodization (86s)
✔ [10072/10638] Built OAI.Combinatorics.Progressions.Polynomial.BoundedArrayPolynomial (87s)
✔ [10073/10638] Built OAI.Combinatorics.Progressions.Lattices.MixedArrayIntegerImage (87s)
✔ [10074/10638] Built OAI.Combinatorics.Progressions.Polynomial.RationalPolynomialForecastBoxError (87s)
✔ [10075/10643] Built OAI.Combinatorics.Progressions.Probability.CanonicalConstantDensityBound (87s)
✔ [10076/10643] Built OAI.Combinatorics.Progressions.Estimates.FixedPatchFunction (90s)
✔ [10078/10643] Built OAI.Combinatorics.Progressions.Polynomial.FreeDegreeRankAdaptedBounds (93s)
✔ [10079/10644] Built OAI.Combinatorics.Progressions.Estimates.NativeEquivalenceTransitivity (137s)
✔ [10081/10646] Built OAI.Combinatorics.Progressions.Geometry.RealOrderedChartPatch (119s)
✔ [10082/10646] Built OAI.Combinatorics.Progressions.Linear.BooleanJetMatrixFactor (118s)
✔ [10084/10649] Built OAI.Combinatorics.Progressions.Estimates.RealProductInclusion (119s)
✔ [10085/10649] Built OAI.Combinatorics.Progressions.Dynamics.EarlyFiberCapBudget (107s)
✔ [10086/10649] Built OAI.Combinatorics.Progressions.Sampling.RationalForecastCoefficientPeriod (110s)
✔ [10087/10649] Built OAI.Combinatorics.Progressions.Geometry.MixedArrayImageSupport (110s)
✔ [10088/10649] Built OAI.Combinatorics.Progressions.Estimates.OptionMarkedSurjective (144s)
✔ [10089/10658] Built OAI.Combinatorics.Progressions.Nilpotent.NiltestComplement (109s)
✔ [10092/10658] Built OAI.Combinatorics.Progressions.Lattices.IntegerPeriodPivot (108s)
✔ [10093/10658] Built OAI.Combinatorics.Progressions.Polynomial.PatchTopNetPolynomialBudget (108s)
✔ [10094/10659] Built OAI.Combinatorics.Progressions.Polynomial.RealCoordinatePolynomialSymbol (139s)
✔ [10095/10659] Built OAI.Combinatorics.Progressions.Estimates.BoundedHomogeneousFactorization (113s)
✔ [10096/10659] Built OAI.Combinatorics.Progressions.Polynomial.BooleanJetHighDegree (114s)
✔ [10097/10659] Built OAI.Combinatorics.Progressions.Fourier.SectionPolynomialCharacter (147s)
✔ [10098/10659] Built OAI.Combinatorics.Progressions.Fourier.EuclideanJetTorus (148s)
✔ [10099/10659] Built OAI.Combinatorics.Progressions.Lattices.RationalForecastResidueMass (116s)
✔ [10100/10659] Built OAI.Combinatorics.Progressions.Geometry.NativeProductOrbitMetric (140s)
✔ [10102/10659] Built OAI.Combinatorics.Progressions.Polynomial.OptionMarkedPolynomialProjection (135s)
✔ [10103/10659] Built OAI.Combinatorics.Progressions.Dynamics.FrozenCorrelationBudget (128s)
✔ [10104/10659] Built OAI.Combinatorics.Progressions.Polynomial.RaisedDegreeRank (133s)
✔ [10105/10659] Built OAI.Combinatorics.Progressions.Estimates.RealProjectedCoefficientLift (145s)
✔ [10106/10659] Built OAI.Combinatorics.Progressions.Polynomial.PolynomialSymbolBounds (136s)
✔ [10107/10659] Built OAI.Combinatorics.Progressions.Linear.RealRankHorizontalSymbol (174s)
✔ [10108/10659] Built OAI.Combinatorics.Progressions.Linear.AssociatedGradedBasisIndependence (150s)
✔ [10109/10659] Built OAI.Combinatorics.Progressions.Linear.IntegralCoefficientBasis (106s)
✔ [10110/10659] Built OAI.Combinatorics.Progressions.Estimates.CoefficientJetHaar (143s)
✔ [10111/10659] Built OAI.Combinatorics.Progressions.Geometry.CoefficientCoordinateEquiv (122s)
✔ [10112/10659] Built OAI.Combinatorics.Progressions.Probability.LocalLayerOneSiteLaw (186s)
✔ [10113/10659] Built OAI.Combinatorics.Progressions.Estimates.CoefficientProductHaar (135s)
✔ [10114/10660] Built OAI.Combinatorics.Progressions.Geometry.CoordinateConstantDecomposition (103s)
✔ [10115/10660] Built OAI.Combinatorics.Progressions.Estimates.MixedBooleanSiteValues (185s)
✔ [10116/10661] Built OAI.Combinatorics.Progressions.Estimates.NativeProductPartition (111s)
✔ [10118/10663] Built OAI.Combinatorics.Progressions.Sampling.ForecastModularCutoff (116s)
✔ [10119/10663] Built OAI.Combinatorics.Progressions.Estimates.GradedPieceRepresentative (121s)
✔ [10120/10663] Built OAI.Combinatorics.Progressions.Geometry.HorizontalCoordinateBounds (151s)
✔ [10121/10663] Built OAI.Combinatorics.Progressions.Polynomial.ShiftedGradedPolynomial (102s)
✔ [10122/10664] Built OAI.Combinatorics.Progressions.Probability.CoefficientProductLaw (113s)
✔ [10123/10664] Built OAI.Combinatorics.Progressions.Fourier.SiteFourierHaarMean (122s)
✔ [10125/10665] Built OAI.Combinatorics.Progressions.Fourier.EuclideanCoefficientTorus (147s)
✔ [10126/10665] Built OAI.Combinatorics.Progressions.Probability.LowJetDensity (110s)
✔ [10127/10665] Built OAI.Combinatorics.Progressions.Probability.EuclideanJetDensity (110s)
✔ [10129/10666] Built OAI.Combinatorics.Progressions.Linear.FixedKernelSiteImage (93s)
✔ [10130/10666] Built OAI.Combinatorics.Progressions.Lattices.IntegerBooleanSiteReconstruction (95s)
✔ [10131/10666] Built OAI.Combinatorics.Progressions.Geometry.BoundedBooleanRowTransport (97s)
✔ [10132/10666] Built OAI.Combinatorics.Progressions.Polynomial.SubspacePolynomialCoordinates (96s)
✔ [10134/10666] Built OAI.Combinatorics.Progressions.Sampling.FixedPathSlicedGridMeshBudget (98s)
✔ [10135/10671] Built OAI.Combinatorics.Progressions.Geometry.CoefficientJetCoordinates (99s)
✔ [10137/10671] Built OAI.Combinatorics.Progressions.Estimates.ProjectedPointwiseCoefficient (101s)
✔ [10138/10671] Built OAI.Combinatorics.Progressions.Polynomial.FixedKernelPolynomialCover (99s)
✔ [10139/10671] Built OAI.Combinatorics.Progressions.Estimates.ShiftedGradedCalculus (128s)
✔ [10140/10671] Built OAI.Combinatorics.Progressions.Geometry.CoefficientDeckCoordinates (120s)
✔ [10141/10671] Built OAI.Combinatorics.Progressions.Lattices.ScalarResidueInteriorCell (122s)
✔ [10142/10671] Built OAI.Combinatorics.Progressions.Geometry.RealSubspaceCoordinateRetraction (123s)
✔ [10143/10671] Built OAI.Combinatorics.Progressions.Probability.EmptyCoefficientDensity (160s)
✔ [10144/10671] Built OAI.Combinatorics.Progressions.Dynamics.TranslationMajorCorrelationBudget (115s)
✔ [10145/10671] Built OAI.Combinatorics.Progressions.Linear.OrdinarySymbolBasisDimension (116s)
✔ [10146/10671] Built OAI.Combinatorics.Progressions.Polynomial.PolynomialDerivativeBounds (112s)
✔ [10147/10671] Built OAI.Combinatorics.Progressions.Polynomial.PolynomialDerivativeInvariant (95s)
✔ [10148/10672] Built OAI.Combinatorics.Progressions.Lattices.RetainedAffineCommonCover (121s)
✔ [10149/10672] Built OAI.Combinatorics.Progressions.Probability.NormalizedExpectationWeights (63s)
✔ [10150/10672] Built OAI.Combinatorics.Progressions.Lattices.WeightedScalarResidueCell (68s)
✔ [10151/10672] Built OAI.Combinatorics.Progressions.Polynomial.RelativeSquarePolynomial (94s)
✔ [10152/10672] Built OAI.Combinatorics.Progressions.Probability.ScalarCubeHistogramMeasure (69s)
✔ [10153/10672] Built OAI.Combinatorics.Progressions.Estimates.CanonicalCoefficientCoverLift (87s)
✔ [10154/10672] Built OAI.Combinatorics.Progressions.Estimates.NormalizedCoefficientRemainder (95s)
✔ [10155/10672] Built OAI.Combinatorics.Progressions.Estimates.RealGradedDerivativeBounds (100s)
✔ [10156/10672] Built OAI.Combinatorics.Progressions.Lattices.AnchoredCubeResidueAmbient (96s)
✔ [10157/10672] Built OAI.Combinatorics.Progressions.Lattices.AffineCoefficientCongruenceRemoval (111s)
✔ [10158/10672] Built OAI.Combinatorics.Progressions.Estimates.CurrentLayerPreservation (121s)
✔ [10159/10672] Built OAI.Combinatorics.Progressions.Lattices.AffineCoefficientAmplitudeCongruenceRemoval (101s)
✔ [10160/10673] Built OAI.Combinatorics.Progressions.Lattices.AnchoredCoefficientResidueAmbient (96s)
✔ [10161/10673] Built OAI.Combinatorics.Progressions.Dynamics.GlobalErrorSplittingBudget (101s)
✔ [10162/10673] Built OAI.Combinatorics.Progressions.Estimates.PositiveWeightNormalization (110s)
✔ [10163/10673] Built OAI.Combinatorics.Progressions.Estimates.JointCoefficientRetainedTest (115s)
✔ [10164/10675] Built OAI.Combinatorics.Progressions.Polynomial.CoefficientPolynomialLift (105s)
✔ [10165/10675] Built OAI.Combinatorics.Progressions.Geometry.NormalizedCoveredChart (115s)
✔ [10166/10675] Built OAI.Combinatorics.Progressions.Linear.SquareSymbolProjection (139s)
✔ [10167/10675] Built OAI.Combinatorics.Progressions.Estimates.AnchoredCubeCongruenceRemoval (137s)
✔ [10168/10675] Built OAI.Combinatorics.Progressions.Geometry.NormalizedChartLift (144s)
✔ [10169/10675] Built OAI.Combinatorics.Progressions.Nilpotent.PolynomialBCHRemoval (202s)
✔ [10170/10675] Built OAI.Combinatorics.Progressions.Probability.LowerMassWeightNormalization (159s)
✔ [10171/10675] Built OAI.Combinatorics.Progressions.Estimates.AnchoredCoefficientCongruenceRemoval (167s)
✔ [10173/10675] Built OAI.Combinatorics.Progressions.Estimates.RealSymbolGradeEvaluation (195s)
✔ [10174/10675] Built OAI.Combinatorics.Progressions.Dynamics.ScalarCubeProductRiemannBudget (164s)
✔ [10175/10675] Built OAI.Combinatorics.Progressions.Nilpotent.CurrentBracketInductionStep (185s)
✔ [10176/10676] Built OAI.Combinatorics.Progressions.Estimates.JointMixedCoefficientComparison (160s)
✔ [10177/10676] Built OAI.Combinatorics.Progressions.Lattices.AffineKernelEndpointGeometry (167s)
✔ [10178/10676] Built OAI.Combinatorics.Progressions.Polynomial.PolynomialDensityRiemann (133s)
✔ [10179/10676] Built OAI.Combinatorics.Progressions.Polynomial.SquarePolynomialCoordinates (135s)
✔ [10180/10676] Built OAI.Combinatorics.Progressions.Fourier.AnchoredCoefficientFourierNormalization (133s)
✔ [10181/10676] Built OAI.Combinatorics.Progressions.Linear.CanonicalAmbientKernel (143s)
✔ [10182/10676] Built OAI.Combinatorics.Progressions.Estimates.CoefficientRowEvaluation (151s)
✔ [10184/10676] Built OAI.Combinatorics.Progressions.Probability.NormalizedCoveredDensity (172s)
✔ [10185/10676] Built OAI.Combinatorics.Progressions.Lattices.ResidueCutoffLengthBudget (146s)
✔ [10186/10676] Built OAI.Combinatorics.Progressions.Dynamics.RestrictedGradePathMembership (170s)
✔ [10187/10676] Built OAI.Combinatorics.Progressions.Estimates.CoefficientSliceEmbedding (171s)
✔ [10188/10676] Built OAI.Combinatorics.Progressions.Estimates.ProgressionTupleSliceRiemann (152s)
✔ [10189/10676] Built OAI.Combinatorics.Progressions.Estimates.WeightedTranslationAssociatedGraded (154s)
✔ [10190/10676] Built OAI.Combinatorics.Progressions.Estimates.WeightedTranslationStructureConstants (164s)
✔ [10191/10676] Built OAI.Combinatorics.Progressions.Polynomial.FormalPolynomialCorrectionStep (219s)
✔ [10192/10676] Built OAI.Combinatorics.Progressions.Lattices.JointAffineL1Parameter (205s)
✔ [10193/10676] Built OAI.Combinatorics.Progressions.Estimates.SquareSymbolRelative (203s)
✔ [10194/10676] Built OAI.Combinatorics.Progressions.Estimates.ReducedSquareSymbol (220s)
✔ [10195/10676] Built OAI.Combinatorics.Progressions.Lattices.AffineCoefficientCoverTilt (165s)
✔ [10196/10676] Built OAI.Combinatorics.Progressions.Lattices.CenteredAffineCoefficient (162s)
✔ [10197/10676] Built OAI.Combinatorics.Progressions.Geometry.GeometricRetainedCommonCover (162s)
✔ [10198/10676] Built OAI.Combinatorics.Progressions.Fourier.CoefficientEvaluationTorus (171s)
✔ [10199/10676] Built OAI.Combinatorics.Progressions.Estimates.SmoothCoefficientSlice (113s)
✔ [10200/10676] Built OAI.Combinatorics.Progressions.Geometry.CoveredJetChart (147s)
✔ [10201/10676] Built OAI.Combinatorics.Progressions.Lattices.IntegerPMFNormalizedSource (117s)
✔ [10202/10676] Built OAI.Combinatorics.Progressions.Dynamics.ScalarCubePrimitiveBudget (85s)
✔ [10203/10676] Built OAI.Combinatorics.Progressions.Lattices.AffineCubeCoordinates (82s)
✔ [10204/10677] Built OAI.Combinatorics.Progressions.Estimates.CoefficientFamilyLocalization (83s)
✔ [10205/10677] Built OAI.Combinatorics.Progressions.Estimates.CoefficientLengthProduct (83s)
✔ [10206/10677] Built OAI.Combinatorics.Progressions.Geometry.ProgressionTupleSliceSupport (75s)
✔ [10207/10677] Built OAI.Combinatorics.Progressions.Linear.WeightedTranslationOrderedBasis (89s)
✔ [10208/10677] Built OAI.Combinatorics.Progressions.Linear.HomogeneousGradedProjectionBounds (77s)
✔ [10209/10680] Built OAI.Combinatorics.Progressions.Linear.KernelCoefficientDensity (61s)
✔ [10210/10680] Built OAI.Combinatorics.Progressions.Estimates.SelectedSplitUnitSource (61s)
✔ [10211/10680] Built OAI.Combinatorics.Progressions.Polynomial.CurrentPolynomialDerivativeRemoval (98s)
✔ [10212/10680] Built OAI.Combinatorics.Progressions.Polynomial.PolynomialCoefficientDensityMass (72s)
✔ [10213/10680] Built OAI.Combinatorics.Progressions.Polynomial.AffinePolynomialLiftData (72s)
✔ [10214/10680] Built OAI.Combinatorics.Progressions.Linear.SquareBasisGeometry (91s)
✔ [10216/10680] Built OAI.Combinatorics.Progressions.Estimates.OneSiteCoefficientFactorization (65s)
✔ [10217/10680] Built OAI.Combinatorics.Progressions.Lattices.AffineCoveredSiteValues (71s)
✔ [10218/10680] Built OAI.Combinatorics.Progressions.Linear.FixedKernelGeometricCover (73s)
✔ [10219/10680] Built OAI.Combinatorics.Progressions.Estimates.FiniteFiberPMF (54s)
✔ [10220/10681] Built OAI.Combinatorics.Progressions.Polynomial.PolynomialScalarCubeLength (49s)
✔ [10221/10681] Built OAI.Combinatorics.Progressions.Estimates.ContainedProgressionCubeMap (30s)
✔ [10222/10681] Built OAI.Combinatorics.Progressions.Estimates.CanonicalScalarSourceEnvelope (51s)
✔ [10223/10681] Built OAI.Combinatorics.Progressions.Estimates.CoveredJetReference (96s)
✔ [10224/10681] Built OAI.Combinatorics.Progressions.Lattices.JointAffineUnitSource (43s)
✔ [10225/10690] Built OAI.Combinatorics.Progressions.Fourier.HomogeneousGradedProjectionFrequency (46s)
✔ [10226/10690] Built OAI.Combinatorics.Progressions.Lattices.ResidueCoefficientFamily (42s)
✔ [10227/10694] Built OAI.Combinatorics.Progressions.Geometry.RealSupportedQuotientCoordinates (60s)
✔ [10228/10694] Built OAI.Combinatorics.Progressions.Estimates.SquareStructureHeight (89s)
✔ [10229/10694] Built OAI.Combinatorics.Progressions.Estimates.SquareRationalModel (89s)
✔ [10230/10694] Built OAI.Combinatorics.Progressions.Estimates.ReducedSymbolDimensions (88s)
✔ [10231/10694] Built OAI.Combinatorics.Progressions.Nilpotent.VectorPolynomialSupportBracket (83s)
✔ [10232/10694] Built OAI.Combinatorics.Progressions.Geometry.RealifiedSquareCoordinates (98s)
✔ [10233/10694] Built OAI.Combinatorics.Progressions.Fourier.SectionRetainedFourier (99s)
✔ [10234/10694] Built OAI.Combinatorics.Progressions.Fourier.PolynomialWeightedCubeMajorArc (71s)
✔ [10235/10694] Built OAI.Combinatorics.Progressions.Polynomial.UniformSlicePhaseLaw (64s)
✔ [10236/10694] Built OAI.Combinatorics.Progressions.Estimates.FixedPositiveCoefficientSource (64s)
✔ [10237/10694] Built OAI.Combinatorics.Progressions.Probability.TranslatedWeightedCubeLaw (64s)
✔ [10238/10694] Built OAI.Combinatorics.Progressions.Polynomial.RawAffinePolynomialJet (54s)
✔ [10239/10694] Built OAI.Combinatorics.Progressions.Estimates.FastCoefficientImage (163s)
✔ [10240/10695] Built OAI.Combinatorics.Progressions.Dynamics.CoefficientFrontBudget (66s)
✔ [10241/10695] Built OAI.Combinatorics.Progressions.Polynomial.PolynomialDownsetQuotients (71s)
✔ [10242/10697] Built OAI.Combinatorics.Progressions.Estimates.SymbolFastMembership (83s)
✔ [10243/10697] Built OAI.Combinatorics.Progressions.Polynomial.NativeTotalDegreeMultifiltration (69s)
✔ [10244/10697] Built OAI.Combinatorics.Progressions.Estimates.JointPrincipalCoefficientComparison (70s)
✔ [10245/10697] Built OAI.Combinatorics.Progressions.Lattices.SupportedQuotientLatticeFaithful (69s)
✔ [10246/10697] Built OAI.Combinatorics.Progressions.Lattices.FirstCoefficientLatticeCoordinates (57s)
✔ [10247/10697] Built OAI.Combinatorics.Progressions.Fourier.AffineShortCoefficientMajorArc (58s)
✔ [10248/10698] Built OAI.Combinatorics.Progressions.Linear.ReducedSquareFastKernel (46s)
✔ [10249/10701] Built OAI.Combinatorics.Progressions.Lattices.AffineCubePositiveComparison (85s)
✔ [10250/10709] Built OAI.Combinatorics.Progressions.Estimates.BoundedRealifiedSquareOrbit (108s)
✔ [10251/10709] Built OAI.Combinatorics.Progressions.Geometry.ReducedSquareCoefficientCoordinates (60s)
✔ [10252/10709] Built OAI.Combinatorics.Progressions.Geometry.SupportedQuotientFamilyFaithful (34s)
✔ [10253/10711] Built OAI.Combinatorics.Progressions.Geometry.FiniteSumCoordinate (29s)
✔ [10254/10712] Built OAI.Combinatorics.Progressions.Lattices.RealSymbolAffine (38s)
✔ [10255/10713] Built OAI.Combinatorics.Progressions.Fourier.UniformSpectrumAbsoluteCap (40s)
✔ [10256/10716] Built OAI.Combinatorics.Progressions.Polynomial.RealPositivePolynomialEvaluation (79s)
✔ [10257/10716] Built OAI.Combinatorics.Progressions.Polynomial.TriplePhaseCancellation (32s)
✔ [10258/10717] Built OAI.Combinatorics.Progressions.Estimates.FastCoefficientBlocks (31s)
✔ [10259/10717] Built OAI.Combinatorics.Progressions.Geometry.SymbolFactorizationTransport (27s)
✔ [10260/10717] Built OAI.Combinatorics.Progressions.Estimates.RealFirstCoefficientHorizontal (94s)
✔ [10261/10717] Built OAI.Combinatorics.Progressions.Fourier.WeightedUniformSpectrumTail (26s)
✔ [10262/10717] Built OAI.Combinatorics.Progressions.Fourier.VerticalFrequencyIdentification (40s)
✔ [10263/10717] Built OAI.Combinatorics.Progressions.Geometry.MissingCoordinateDownsets (26s)
✔ [10264/10717] Built OAI.Combinatorics.Progressions.Lattices.WeightedCubeIntegerSupport (30s)
✔ [10265/10720] Built OAI.Combinatorics.Progressions.Linear.RealFirstCoefficientBasis (38s)
✔ [10266/10720] Built OAI.Combinatorics.Progressions.Sampling.RealAdaptedCoefficientGrid (41s)
✔ [10267/10720] Built OAI.Combinatorics.Progressions.Geometry.CoordinateDerivativeBounds (47s)
✔ [10268/10720] Built OAI.Combinatorics.Progressions.Estimates.VerticalTranslations (35s)
✔ [10269/10720] Built OAI.Combinatorics.Progressions.Estimates.RationalCentralCircle (36s)
✔ [10270/10720] Built OAI.Combinatorics.Progressions.Estimates.ProjectedNativeCoefficient (86s)
✔ [10271/10722] Built OAI.Combinatorics.Progressions.Nilpotent.NiltestVerticalBounds (58s)
✔ [10272/10722] Built OAI.Combinatorics.Progressions.Fourier.IntegerSupportTorus (26s)
✔ [10273/10722] Built OAI.Combinatorics.Progressions.Estimates.SymbolCommonCorrections (66s)
✔ [10274/10722] Built OAI.Combinatorics.Progressions.Lattices.WeightedModerateIntegerSupport (23s)
✔ [10275/10724] Built OAI.Combinatorics.Progressions.Sampling.WeightedCubeGridDensity (23s)
✔ [10276/10724] Built OAI.Combinatorics.Progressions.Estimates.ProgressionCubeEmbedding (32s)
✔ [10277/10724] Built OAI.Combinatorics.Progressions.Estimates.FirstCoefficientDimension (22s)
✔ [10278/10724] Built OAI.Combinatorics.Progressions.Polynomial.RealCoefficientPolynomialProjection (31s)
✔ [10279/10725] Built OAI.Combinatorics.Progressions.Linear.RationalKernelInvariance (25s)
✔ [10280/10725] Built OAI.Combinatorics.Progressions.Geometry.WeightedBlockSupportScale (30s)
✔ [10281/10727] Built OAI.Combinatorics.Progressions.Linear.NativePrescribedProjection (35s)
✔ [10282/10727] Built OAI.Combinatorics.Progressions.Dynamics.ResetFromCommonQuotient (36s)
✔ [10283/10727] Built OAI.Combinatorics.Progressions.Estimates.ComplexExchangeTransfer (31s)
✔ [10284/10727] Built OAI.Combinatorics.Progressions.Estimates.NativeFixedVerticalPower (44s)
✔ [10285/10727] Built OAI.Combinatorics.Progressions.Fourier.WeightedModerateProductFourierTail (32s)
✔ [10286/10727] Built OAI.Combinatorics.Progressions.Fourier.NiltestConjugateFrequency (28s)
✔ [10287/10728] Built OAI.Combinatorics.Progressions.Probability.FiniteCubeBlockLaw (29s)
✔ [10288/10728] Built OAI.Combinatorics.Progressions.Probability.WeightedSliceFamilyLaw (34s)
✔ [10289/10729] Built OAI.Combinatorics.Progressions.Nilpotent.NiltestProbabilityProjection (39s)
✔ [10290/10732] Built OAI.Combinatorics.Progressions.Fourier.WeightedBlockTorus (36s)
✔ [10291/10735] Built OAI.Combinatorics.Progressions.Lattices.AffineBlockScale (41s)
✔ [10292/10735] Built OAI.Combinatorics.Progressions.Sampling.WeightedUniformGridDensity (30s)
✔ [10293/10736] Built OAI.Combinatorics.Progressions.Estimates.FiniteCubeBlockBounds (25s)
✔ [10294/10736] Built OAI.Combinatorics.Progressions.Nilpotent.BoxNiltestDetection (26s)
✔ [10295/10739] Built OAI.Combinatorics.Progressions.Dynamics.SynchronizedCorrectionBudget (23s)
✔ [10296/10748] Built OAI.Combinatorics.Progressions.Fourier.AffineUniformSpectrum (23s)
✔ [10297/10748] Built OAI.Combinatorics.Progressions.Geometry.CommonSupportRadius (22s)
✔ [10298/10752] Built OAI.Combinatorics.Progressions.Estimates.SimultaneousSymbolSplitting (59s)
✔ [10299/10753] Built OAI.Combinatorics.Progressions.Estimates.WeightedApproximationCaps (23s)
✔ [10300/10761] Built OAI.Combinatorics.Progressions.Probability.WeightedModeratePointMass (24s)
✔ [10301/10761] Built OAI.Combinatorics.Progressions.Estimates.ComplexPolarization (12s)
✔ [10302/10761] Built OAI.Combinatorics.Progressions.Nilpotent.NiltestAffineProjection (41s)
✔ [10303/10761] Built OAI.Combinatorics.Progressions.Geometry.MissingCoordinateProducts (8.8s)
✔ [10304/10761] Built OAI.Combinatorics.Progressions.Sampling.JointGridAccuracy (22s)
✔ [10305/10761] Built OAI.Combinatorics.Progressions.Geometry.RealifiedSquareMetric (25s)
✔ [10306/10763] Built OAI.Combinatorics.Progressions.Polynomial.SimultaneousPolynomialSymbolSplitting (28s)
✔ [10307/10763] Built OAI.Combinatorics.Progressions.Geometry.TripleBoxAnchorApproximation (22s)
✔ [10308/10763] Built OAI.Combinatorics.Progressions.Lattices.IntegerGridPlateauTransfer (22s)
✔ [10309/10764] Built OAI.Combinatorics.Progressions.Estimates.TailReflectionInduction (31s)
✔ [10310/10766] Built OAI.Combinatorics.Progressions.Lattices.NativeIntegerAffinePullbackHom (37s)
✔ [10311/10766] Built OAI.Combinatorics.Progressions.Lattices.ResidueStrideRebase (36s)
✔ [10312/10767] Built OAI.Combinatorics.Progressions.Estimates.FiniteWeightedExpansion (34s)
✔ [10313/10767] Built OAI.Combinatorics.Progressions.Estimates.ReducedNativeFactorization (175s)
✔ [10314/10767] Built OAI.Combinatorics.Progressions.Polynomial.QuantitativeOuterPolynomialProducts (46s)
✔ [10315/10768] Built OAI.Combinatorics.Progressions.Geometry.CyclicProgressionCoordinates (35s)
✔ [10316/10768] Built OAI.Combinatorics.Progressions.Probability.WeightedPlateauMixture (29s)
✔ [10317/10768] Built OAI.Combinatorics.Progressions.Estimates.AnchoredReflectedFamily (23s)
✔ [10318/10768] Built OAI.Combinatorics.Progressions.Estimates.NativeMeanRowCorrelation (24s)
✔ [10319/10768] Built OAI.Combinatorics.Progressions.Estimates.FreimanInverseLift (28s)
✔ [10320/10768] Built OAI.Combinatorics.Progressions.Geometry.NativeEquivalenceCoordinateMaps (23s)
✔ [10321/10768] Built OAI.Combinatorics.Progressions.Estimates.SmallDifferenceGrowth (22s)
✔ [10322/10769] Built OAI.Combinatorics.Progressions.Estimates.DenseTranslate (21s)
✔ [10323/10769] Built OAI.Combinatorics.Progressions.Estimates.RefilteredPointwiseSplitting (59s)
✔ [10324/10769] Built OAI.Combinatorics.Progressions.Polynomial.NativePolynomialOrbit (24s)
✔ [10325/10769] Built OAI.Combinatorics.Progressions.Linear.RealReducedFastKernel (22s)
✔ [10326/10769] Built OAI.Combinatorics.Progressions.Estimates.CyclicProgressionHom (27s)
✔ [10327/10769] Built OAI.Combinatorics.Progressions.Lattices.WeightedSliceIntegerImage (32s)
✔ [10328/10770] Built OAI.Combinatorics.Progressions.Estimates.WeightedCubePlateau (31s)
✔ [10329/10771] Built OAI.Combinatorics.Progressions.Polynomial.PolynomialDerivativeDifferences (46s)
✔ [10330/10771] Built OAI.Combinatorics.Progressions.Linear.ReducedProjectionBounds (48s)
✔ [10331/10771] Built OAI.Combinatorics.Progressions.Estimates.FreimanFivefoldCardinality (30s)
✔ [10332/10771] Built OAI.Combinatorics.Progressions.Estimates.DenseCyclicFreimanModel (24s)
✔ [10333/10771] Built OAI.Combinatorics.Progressions.Estimates.FormalInductionTerminal (56s)
✔ [10334/10771] Built OAI.Combinatorics.Progressions.Estimates.BSGIndicator (22s)
✔ [10335/10772] Built OAI.Combinatorics.Progressions.Fourier.AffineTorusGeometry (20s)
✔ [10336/10773] Built OAI.Combinatorics.Progressions.Estimates.FiniteGraphEnergy (19s)
✔ [10337/10773] Built OAI.Combinatorics.Progressions.Fourier.JoinedFrequencyQuotientInjectivity (28s)
✔ [10338/10773] Built OAI.Combinatorics.Progressions.Estimates.RoundingRecoveryScale (23s)
✔ [10339/10773] Built OAI.Combinatorics.Progressions.Geometry.RealFastCoefficientCoordinates (80s)
✔ [10340/10773] Built OAI.Combinatorics.Progressions.Estimates.StepDropTerminalContainment (30s)
✔ [10341/10775] Built OAI.Combinatorics.Progressions.Probability.SmoothModerateBlockLaw (24s)
✔ [10342/10775] Built OAI.Combinatorics.Progressions.Lattices.AffineModerateGeometricApproximation (25s)
✔ [10343/10776] Built OAI.Combinatorics.Progressions.Estimates.FirstCoefficientDerivativeBounds (45s)
✔ [10344/10776] Built OAI.Combinatorics.Progressions.Estimates.ProjectedHorizontalFactorization (24s)
✔ [10345/10776] Built OAI.Combinatorics.Progressions.Geometry.RealCoordinateFunctionals (18s)
✔ [10346/10777] Built OAI.Combinatorics.Progressions.Estimates.LinearCoefficientSplitting (21s)
✔ [10347/10777] Built OAI.Combinatorics.Progressions.Estimates.ReducedDiagonalBounds (45s)
✔ [10348/10777] Built OAI.Combinatorics.Progressions.Linear.LayerOneCoefficientBasis (22s)
✔ [10349/10778] Built OAI.Combinatorics.Progressions.Geometry.UnitIntervalBox (18s)
✔ [10350/10778] Built OAI.Combinatorics.Progressions.Geometry.ModerateSliceGeometricApproximation (20s)
✔ [10351/10778] Built OAI.Combinatorics.Progressions.Estimates.RealGeneratorCombinations (21s)
✔ [10352/10778] Built OAI.Combinatorics.Progressions.Linear.RankQuotientHeightBudget (26s)
✔ [10353/10780] Built OAI.Combinatorics.Progressions.Sampling.ScalarFunctionalCoefficientGrid (19s)
✔ [10354/10780] Built OAI.Combinatorics.Progressions.Linear.RealCoordinateImageSpan (19s)
✔ [10355/10780] Built OAI.Combinatorics.Progressions.Lattices.IntegerIntervalOverlap (11s)
✔ [10356/10780] Built OAI.Combinatorics.Progressions.Estimates.FiniteTripleAssembly (18s)
✔ [10357/10781] Built OAI.Combinatorics.Progressions.Geometry.ControlledCoordinateLifts (20s)
✔ [10358/10781] Built OAI.Combinatorics.Progressions.Estimates.ModerateSliceTensorApproximation (21s)
✔ [10359/10782] Built OAI.Combinatorics.Progressions.Estimates.RealReducedCoefficientMap (44s)
✔ [10360/10782] Built OAI.Combinatorics.Progressions.Estimates.SquarefreeLayerBases (21s)
✔ [10361/10782] Built OAI.Combinatorics.Progressions.Estimates.BoundedSubmoduleIntersection (24s)
✔ [10362/10787] Built OAI.Combinatorics.Progressions.Estimates.NativeSquarefreeCoefficientBases (20s)
✔ [10363/10787] Built OAI.Combinatorics.Progressions.Dynamics.NativeLocalPivotVerticalBudget (18s)
✔ [10364/10787] Built OAI.Combinatorics.Progressions.Linear.MultiaffineTripleLayerBasis (34s)
✔ [10365/10787] Built OAI.Combinatorics.Progressions.Polynomial.PositivePolynomialLayerBases (38s)
✔ [10366/10789] Built OAI.Combinatorics.Progressions.Estimates.WeightedTranslationBaseGrading (22s)
✔ [10367/10789] Built OAI.Combinatorics.Progressions.Geometry.SupportedCorrelationPairs (19s)
✔ [10368/10789] Built OAI.Combinatorics.Progressions.Fourier.FourierLawTransport (23s)
✔ [10369/10791] Built OAI.Combinatorics.Progressions.Linear.BoundedSpanningPadding (23s)
✔ [10370/10791] Built OAI.Combinatorics.Progressions.Linear.ComparisonChosenLayerBasis (24s)
✔ [10371/10796] Built OAI.Combinatorics.Progressions.Dynamics.RationalConstraintCountBudget (27s)
✔ [10372/10796] Built OAI.Combinatorics.Progressions.Estimates.NativePositiveCoefficientBases (25s)
✔ [10373/10798] Built OAI.Combinatorics.Progressions.Dynamics.ProjectedPotentialGroupIdentity (27s)
✔ [10374/10798] Built OAI.Combinatorics.Progressions.Geometry.ControlledGradedBaseCoordinates (26s)
✔ [10375/10798] Built OAI.Combinatorics.Progressions.Nilpotent.WeightedTranslationRealBCHCoordinates (25s)
✔ [10376/10798] Built OAI.Combinatorics.Progressions.Lattices.WeightedIntegerGridInversion (21s)
✔ [10377/10798] Built OAI.Combinatorics.Progressions.Sampling.NativeSquarefreeGrids (19s)
✔ [10378/10798] Built OAI.Combinatorics.Progressions.Estimates.CommonSubspaceFamily (19s)
✔ [10379/10800] Built OAI.Combinatorics.Progressions.Lattices.ShortIntegerCubeBudget (23s)
✔ [10380/10800] Built OAI.Combinatorics.Progressions.Estimates.RationalTagConstraintSpaces (20s)
✔ [10381/10800] Built OAI.Combinatorics.Progressions.Estimates.ReducedRelativeCoefficientBounds (62s)
✔ [10382/10800] Built OAI.Combinatorics.Progressions.Estimates.ProjectedTranslationImageGrading (18s)
✔ [10383/10800] Built OAI.Combinatorics.Progressions.Estimates.RealTranslationEvaluationContinuity (24s)
✔ [10384/10801] Built OAI.Combinatorics.Progressions.Polynomial.PolynomialTranslationIntegralAction (20s)
✔ [10385/10801] Built OAI.Combinatorics.Progressions.Lattices.NativeSquarefreeLattice (20s)
✔ [10386/10801] Built OAI.Combinatorics.Progressions.Estimates.MajorTranslationPureFactorValues (21s)
✔ [10387/10802] Built OAI.Combinatorics.Progressions.Polynomial.ControlledPositivePolynomialDownsets (36s)
✔ [10388/10802] Built OAI.Combinatorics.Progressions.Linear.RationalTagConstraintBasis (20s)
✔ [10389/10802] Built OAI.Combinatorics.Progressions.Sampling.LayerSamplerWitnessScale (33s)
✔ [10390/10803] Built OAI.Combinatorics.Progressions.Dynamics.NativeOptionProductBudget (22s)
✔ [10391/10803] Built OAI.Combinatorics.Progressions.Lattices.WeightedTranslationLattice (24s)
✔ [10392/10803] Built OAI.Combinatorics.Progressions.Dynamics.RealProjectedPotentialGroupIdentity (27s)
✔ [10393/10803] Built OAI.Combinatorics.Progressions.Estimates.FastCoefficientOperationBounds (36s)
✔ [10394/10812] Built OAI.Combinatorics.Progressions.Estimates.CappedDistanceReconstruction (10s)
✔ [10395/10815] Built OAI.Combinatorics.Progressions.Polynomial.RealSquarePolynomialFactors (49s)
✔ [10396/10815] Built OAI.Combinatorics.Progressions.Estimates.SquarefreeRealAction (36s)
✔ [10397/10815] Built OAI.Combinatorics.Progressions.Estimates.CoefficientJetScalar (24s)
✔ [10398/10815] Built OAI.Combinatorics.Progressions.Linear.RationalTagConstraintChartBasis (38s)
✔ [10399/10815] Built OAI.Combinatorics.Progressions.Nilpotent.WeightedTranslationNilmanifold (21s)
✔ [10400/10815] Built OAI.Combinatorics.Progressions.Geometry.RationalModelCoordinates (20s)
✔ [10401/10818] Built OAI.Combinatorics.Progressions.Linear.SquareFastKernel (20s)
✔ [10402/10818] Built OAI.Combinatorics.Progressions.Estimates.NativeSquareOrbit (21s)
✔ [10403/10818] Built OAI.Combinatorics.Progressions.Polynomial.PositivePolynomialVectorOrbit (57s)
✔ [10404/10824] Built OAI.Combinatorics.Progressions.Estimates.AllocatedShortAxis (48s)
✔ [10405/10824] Built OAI.Combinatorics.Progressions.Estimates.NativeEqualDimension (20s)
✔ [10406/10824] Built OAI.Combinatorics.Progressions.Nilpotent.ComparisonLayerBracket (19s)
✔ [10407/10824] Built OAI.Combinatorics.Progressions.Estimates.RealNormalizedSquareFactorization (28s)
✔ [10408/10825] Built OAI.Combinatorics.Progressions.Estimates.SquarefreeQuotientAction (21s)
✔ [10409/10825] Built OAI.Combinatorics.Progressions.Lattices.WeightedTranslationResidueLattice (18s)
✔ [10410/10825] Built OAI.Combinatorics.Progressions.Polynomial.WeightedTranslationLatticePhase (19s)
✔ [10411/10825] Built OAI.Combinatorics.Progressions.Estimates.DerivativeHorizontalLifts (32s)
✔ [10412/10825] Built OAI.Combinatorics.Progressions.Polynomial.IntegerPolynomialInterpolation (20s)
✔ [10413/10825] Built OAI.Combinatorics.Progressions.Nilpotent.PositivePolynomialFactorNiltests (25s)
✔ [10414/10827] Built OAI.Combinatorics.Progressions.Nilpotent.SumNilmanifoldFactors (24s)
✔ [10415/10832] Built OAI.Combinatorics.Progressions.Dynamics.QuotientDetectorHeightBudget (20s)
✔ [10416/10835] Built OAI.Combinatorics.Progressions.Geometry.SquarefreeActionMetric (24s)
✔ [10417/10838] Built OAI.Combinatorics.Progressions.Nilpotent.WeightedTranslationResidueNilmanifold (19s)
✔ [10418/10838] Built OAI.Combinatorics.Progressions.Polynomial.RealReducedSquarePolynomial (35s)
✔ [10419/10838] Built OAI.Combinatorics.Progressions.Polynomial.TwistedBufferedTranslationPhase (21s)
✔ [10420/10838] Built OAI.Combinatorics.Progressions.Geometry.AllocatedQuotientSupport (42s)
✔ [10421/10838] Built OAI.Combinatorics.Progressions.Lattices.IntegerInterpolationExpBounds (22s)
✔ [10422/10838] Built OAI.Combinatorics.Progressions.Linear.RationalClearedMatrixReal (19s)
✔ [10423/10838] Built OAI.Combinatorics.Progressions.Lattices.UniformDerivativeLatticeExtraction (27s)
✔ [10424/10840] Built OAI.Combinatorics.Progressions.Lattices.LieSubalgebraLatticeInnerGrid (19s)
✔ [10425/10840] Built OAI.Combinatorics.Progressions.Estimates.NativeSpaceMap (20s)
✔ [10426/10840] Built OAI.Combinatorics.Progressions.Polynomial.WeightedTranslationResiduePhase (20s)
✔ [10427/10840] Built OAI.Combinatorics.Progressions.Estimates.BufferedTranslationIncrement (22s)
✔ [10428/10842] Built OAI.Combinatorics.Progressions.Dynamics.LieSubalgebraRepresentativeBudget (22s)
✔ [10429/10843] Built OAI.Combinatorics.Progressions.Geometry.WeightedCoordinateExtraction (24s)
✔ [10430/10843] Built OAI.Combinatorics.Progressions.Estimates.OptionComplementCover (50s)
✔ [10431/10847] Built OAI.Combinatorics.Progressions.Estimates.ReducedProjectedComparison (27s)
✔ [10432/10849] Built OAI.Combinatorics.Progressions.Estimates.AllocatedScalarLogBounds (40s)
✔ [10433/10849] Built OAI.Combinatorics.Progressions.Estimates.NormalizedCommonFamily (46s)
✔ [10434/10849] Built OAI.Combinatorics.Progressions.Estimates.OverlapCubeWeights (21s)
✔ [10435/10849] Built OAI.Combinatorics.Progressions.Fourier.BohrNiltestBudget (33s)
✔ [10436/10849] Built OAI.Combinatorics.Progressions.Dynamics.StepOneSplittingBudget (20s)
✔ [10437/10849] Built OAI.Combinatorics.Progressions.Geometry.WeightedTranslationBufferedCoordinates (36s)
✔ [10438/10849] Built OAI.Combinatorics.Progressions.Linear.RationalSpanDerivativeSystem (22s)
✔ [10439/10851] Built OAI.Combinatorics.Progressions.Linear.BasisFamilyLogHeight (19s)
✔ [10440/10851] Built OAI.Combinatorics.Progressions.Linear.SplitCoverProjection (24s)
✔ [10441/10853] Built OAI.Combinatorics.Progressions.Dynamics.CompatibleReducedFastReset (26s)
✔ [10442/10853] Built OAI.Combinatorics.Progressions.Geometry.PrincipalCoefficientPositiveSupport (21s)
✔ [10443/10853] Built OAI.Combinatorics.Progressions.Lattices.AllocatedIntegerJet (20s)
✔ [10444/10853] Built OAI.Combinatorics.Progressions.Lattices.AllocatedIntegerTailZero (22s)
✔ [10445/10853] Built OAI.Combinatorics.Progressions.Geometry.NativeIntervalCoordinate (19s)
✔ [10446/10853] Built OAI.Combinatorics.Progressions.Geometry.BoxOverlapSize (20s)
✔ [10447/10853] Built OAI.Combinatorics.Progressions.Nilpotent.NativeResidueNiltests (21s)
✔ [10448/10853] Built OAI.Combinatorics.Progressions.Geometry.AllocatedLayerQuarterSupport (29s)
✔ [10449/10853] Built OAI.Combinatorics.Progressions.Estimates.WeightedTranslationRealPureFactors (26s)
✔ [10450/10853] Built OAI.Combinatorics.Progressions.Sampling.AllocatedCoefficientSampler (37s)
✔ [10451/10854] Built OAI.Combinatorics.Progressions.Estimates.WeightedTwistedTranslationLipschitz (30s)
✔ [10452/10855] Built OAI.Combinatorics.Progressions.Fourier.FixedPrincipalCoefficientSpectrum (29s)
✔ [10453/10856] Built OAI.Combinatorics.Progressions.Estimates.TranslatedShiftTesting (30s)
✔ [10454/10856] Built OAI.Combinatorics.Progressions.Estimates.AllocatedLongMixedCoefficientBound (39s)
✔ [10455/10856] Built OAI.Combinatorics.Progressions.Fourier.CanonicalDensityFourier (45s)
✔ [10456/10856] Built OAI.Combinatorics.Progressions.Polynomial.MajorTranslationDegreeSymbol (45s)
✔ [10457/10856] Built OAI.Combinatorics.Progressions.Estimates.AllocatedShortDependence (52s)
✔ [10458/10857] Built OAI.Combinatorics.Progressions.Dynamics.CommonInitialBudget (30s)
✔ [10459/10857] Built OAI.Combinatorics.Progressions.Dynamics.CommonTerminalBudget (23s)
✔ [10460/10857] Built OAI.Combinatorics.Progressions.Nilpotent.NativeCoverNiltest (72s)
✔ [10461/10857] Built OAI.Combinatorics.Progressions.Dynamics.TerminalCompositionBudget (19s)
✔ [10462/10859] Built OAI.Combinatorics.Progressions.Geometry.AllocatedJetChartSupport (23s)
✔ [10463/10859] Built OAI.Combinatorics.Progressions.Sampling.FixedObservationRefinement (25s)
✔ [10464/10859] Built OAI.Combinatorics.Progressions.Estimates.SigmaProductPeriodization (21s)
✔ [10465/10861] Built OAI.Combinatorics.Progressions.Lattices.MaskedIntegerPeriodization (22s)
✔ [10466/10863] Built OAI.Combinatorics.Progressions.Polynomial.AllocatedPolynomialQuarter (31s)
✔ [10467/10867] Built OAI.Combinatorics.Progressions.Geometry.CoefficientAmbientCoordinates (18s)
✔ [10468/10867] Built OAI.Combinatorics.Progressions.Dynamics.FastTerminalBudget (17s)
✔ [10469/10867] Built OAI.Combinatorics.Progressions.Estimates.RationalFormalStageGeometry (23s)
✔ [10470/10867] Built OAI.Combinatorics.Progressions.Estimates.LinearMapIntegralCover (24s)
✔ [10471/10867] Built OAI.Combinatorics.Progressions.Lattices.NativeIntervalResiduePartition (22s)
✔ [10472/10869] Built OAI.Combinatorics.Progressions.Estimates.FastHorizontalFactorization (121s)
✔ [10473/10869] Built OAI.Combinatorics.Progressions.Polynomial.PolynomialLiftMatching (23s)
✔ [10474/10869] Built OAI.Combinatorics.Progressions.Linear.CoefficientCoverKernel (24s)
✔ [10475/10869] Built OAI.Combinatorics.Progressions.Probability.CoefficientAmbientDensity (26s)
✔ [10476/10869] Built OAI.Combinatorics.Progressions.Dynamics.CurrentLayerBudget (39s)
✔ [10477/10869] Built OAI.Combinatorics.Progressions.Dynamics.FormalGeometryBudget (20s)
✔ [10478/10869] Built OAI.Combinatorics.Progressions.Dynamics.CoefficientAmbientBudget (23s)
✔ [10479/10870] Built OAI.Combinatorics.Progressions.Estimates.CommonPositivePartitionRefinement (23s)
✔ [10480/10871] Built OAI.Combinatorics.Progressions.Linear.FormalKernelAbsorption (19s)
✔ [10481/10871] Built OAI.Combinatorics.Progressions.Polynomial.ControlledSubspaceCorrectionPolynomials (32s)
✔ [10482/10871] Built OAI.Combinatorics.Progressions.Estimates.FormalCurrentDerivativeAdvance (28s)
✔ [10483/10871] Built OAI.Combinatorics.Progressions.Fourier.CoefficientAmbientFourier (30s)
✔ [10484/10871] Built OAI.Combinatorics.Progressions.Nilpotent.BracketStepBudget (29s)
✔ [10485/10873] Built OAI.Combinatorics.Progressions.Dynamics.FastRemovalBudget (28s)
✔ [10486/10877] Built OAI.Combinatorics.Progressions.Geometry.PositiveCyclicCoordinateProduct (29s)
✔ [10487/10877] Built OAI.Combinatorics.Progressions.Probability.CanonicalCoverLaw (45s)
✔ [10488/10877] Built OAI.Combinatorics.Progressions.Dynamics.InitialRemovalBudget (23s)
✔ [10489/10878] Built OAI.Combinatorics.Progressions.Polynomial.FirstCoefficientPolynomialDerivative (59s)
✔ [10490/10880] Built OAI.Combinatorics.Progressions.Linear.SplitPreimageSpanning (11s)
✔ [10491/10881] Built OAI.Combinatorics.Progressions.Estimates.FormalHorizontalReabsorption (40s)
✔ [10492/10881] Built OAI.Combinatorics.Progressions.Probability.AllocatedAmbientDensity (21s)
✔ [10493/10881] Built OAI.Combinatorics.Progressions.Estimates.BlockQuotientTriangular (6.9s)
✔ [10494/10881] Built OAI.Combinatorics.Progressions.Linear.ControlledKernelSplitTransport (19s)
✔ [10495/10890] Built OAI.Combinatorics.Progressions.Estimates.HomogeneousSubspaceCorrections (31s)
✔ [10496/10890] Built OAI.Combinatorics.Progressions.Dynamics.FastCoefficientDimensionBudget (22s)
✔ [10497/10893] Built OAI.Combinatorics.Progressions.Linear.FastCoefficientRelativeKernel (23s)
✔ [10498/10900] Built OAI.Combinatorics.Progressions.Geometry.HorizontalSeparationTransport (21s)
✔ [10499/10900] Built OAI.Combinatorics.Progressions.Lattices.AffineCoveredJetDensity (32s)
✔ [10500/10903] Built OAI.Combinatorics.Progressions.Linear.RealFastCoefficientMatrix (29s)
✔ [10501/10909] Built OAI.Combinatorics.Progressions.Estimates.CoefficientDeckImageCongruence (41s)
✔ [10502/10909] Built OAI.Combinatorics.Progressions.Estimates.AllocatedAmbientLogBounds (29s)
✔ [10503/10909] Built OAI.Combinatorics.Progressions.Linear.FastCoefficientSpanning (27s)
✔ [10504/10911] Built OAI.Combinatorics.Progressions.Estimates.BlockQuotientRows (17s)
✔ [10505/10911] Built OAI.Combinatorics.Progressions.Geometry.LayerOneTransportBudget (19s)
✔ [10506/10911] Built OAI.Combinatorics.Progressions.Polynomial.ControlledCurrentLayerPolynomialStep (28s)
✔ [10507/10915] Built OAI.Combinatorics.Progressions.Linear.FixedKernelEuclideanDensity (32s)
✔ [10508/10917] Built OAI.Combinatorics.Progressions.Probability.CoefficientDeckDensityLawCongruence (21s)
✔ [10509/10917] Built OAI.Combinatorics.Progressions.Polynomial.PolynomialLiftArrays (28s)
✔ [10510/10917] Built OAI.Combinatorics.Progressions.Polynomial.FormalPolynomialOperationBounds (29s)
✔ [10511/10923] Built OAI.Combinatorics.Progressions.Geometry.CoefficientDeckChartRecovery (35s)
✔ [10512/10929] Built OAI.Combinatorics.Progressions.Linear.AllocatedJointAmbientKernel (28s)
✔ [10513/10929] Built OAI.Combinatorics.Progressions.Estimates.BoundedFastCoefficientGenerators (25s)
✔ [10514/10929] Built OAI.Combinatorics.Progressions.Linear.StepDropBasisBudget (23s)
✔ [10515/10929] Built OAI.Combinatorics.Progressions.Nilpotent.BracketArrayEquation (27s)
✔ [10516/10929] Built OAI.Combinatorics.Progressions.Sampling.ControlledJointGrid (26s)
✔ [10517/10931] Built OAI.Combinatorics.Progressions.Linear.ReindexGradedBasis (23s)
✔ [10518/10936] Built OAI.Combinatorics.Progressions.Nilpotent.RankBracketFactorizationMonotone (25s)
✔ [10519/10939] Built OAI.Combinatorics.Progressions.Probability.CommonSectionEuclideanDensity (37s)
✔ [10520/10940] Built OAI.Combinatorics.Progressions.Estimates.LayeredCoverSiteExtension (37s)
✔ [10521/10941] Built OAI.Combinatorics.Progressions.Dynamics.FastCoefficientGeneratorBudget (24s)
✔ [10522/10941] Built OAI.Combinatorics.Progressions.Probability.AllocatedJointAmbientDensity (29s)
✔ [10523/10941] Built OAI.Combinatorics.Progressions.Probability.BSGDensity (21s)
✔ [10524/10941] Built OAI.Combinatorics.Progressions.Estimates.FormalCurrentInputBounds (33s)
✔ [10525/10941] Built OAI.Combinatorics.Progressions.Estimates.CoveredMixedArrayImage (55s)
✔ [10526/10941] Built OAI.Combinatorics.Progressions.Geometry.VariableRoundedGraphCoordinates (19s)
✔ [10527/10942] Built OAI.Combinatorics.Progressions.Linear.RankDependentInputBudget (30s)
✔ [10528/10944] Built OAI.Combinatorics.Progressions.Lattices.IntegerVectorFreimanEmbedding (19s)
✔ [10529/10945] Built OAI.Combinatorics.Progressions.Lattices.ProperAffineBoxRestriction (17s)
✔ [10530/10946] Built OAI.Combinatorics.Progressions.Estimates.UniformFormalCurrentLayerStep (87s)
✔ [10531/10951] Built OAI.Combinatorics.Progressions.Linear.FourBalancedDual (20s)
✔ [10532/10961] Built OAI.Combinatorics.Progressions.Geometry.JetAxisCoordinates (21s)
✔ [10533/10961] Built OAI.Combinatorics.Progressions.Linear.RealFastCoefficientQuotientBasis (34s)
✔ [10534/10965] Built OAI.Combinatorics.Progressions.Dynamics.NativeDependentSelectionBudget (22s)
✔ [10535/10965] Built OAI.Combinatorics.Progressions.Estimates.FiniteFourPointAnchors (18s)
✔ [10536/10965] Built OAI.Combinatorics.Progressions.Sampling.CoveredJetSampler (30s)
✔ [10537/10965] Built OAI.Combinatorics.Progressions.Fourier.AllocatedMaskedCoefficientFourier (36s)
✔ [10538/10965] Built OAI.Combinatorics.Progressions.Estimates.SelectedImageCorrections (19s)
✔ [10539/10968] Built OAI.Combinatorics.Progressions.Linear.RealSparseFourProjection (21s)
✔ [10540/10968] Built OAI.Combinatorics.Progressions.Lattices.FourAffineRefinement (21s)
✔ [10541/10968] Built OAI.Combinatorics.Progressions.Geometry.BoundedDependentCoordinates (23s)
✔ [10542/10968] Built OAI.Combinatorics.Progressions.Probability.CoefficientJetDensityFactors (23s)
✔ [10543/10968] Built OAI.Combinatorics.Progressions.Geometry.SparseCoordinateCorrections (19s)
✔ [10544/10968] Built OAI.Combinatorics.Progressions.Geometry.MixedCoveredChart (26s)
✔ [10545/10969] Built OAI.Combinatorics.Progressions.Estimates.ControlledRealFastCoefficientAction (38s)
✔ [10546/10969] Built OAI.Combinatorics.Progressions.Fourier.SelectedDensityAmbientProductFourier (29s)
✔ [10547/10969] Built OAI.Combinatorics.Progressions.Geometry.DependentCoordinateCorrections (20s)
✔ [10548/10969] Built OAI.Combinatorics.Progressions.Sampling.ControlledIntegralGrid (19s)
✔ [10549/10982] Built OAI.Combinatorics.Progressions.Lattices.IntegerMatrixPMFSupport (17s)
✔ [10550/10990] Built OAI.Combinatorics.Progressions.Lattices.AffineCoefficientReindex (17s)
✔ [10551/10995] Built OAI.Combinatorics.Progressions.Estimates.AnchoredSparseFamilies (18s)
✔ [10552/10995] Built OAI.Combinatorics.Progressions.Polynomial.IntegerPolynomialAffineLaw (22s)
✔ [10553/11001] Built OAI.Combinatorics.Progressions.Estimates.UniformControlledCurrentStage (68s)
✔ [10554/11001] Built OAI.Combinatorics.Progressions.Lattices.MixedCoveredIntegerReconstruction (32s)
✔ [10555/11001] Built OAI.Combinatorics.Progressions.Sampling.LocalWeightedSampling (22s)
✔ [10556/11001] Built OAI.Combinatorics.Progressions.Sampling.SelectedSamplerNormalization (32s)
✔ [10557/11001] Built OAI.Combinatorics.Progressions.Estimates.WeightedRudin (24s)
✔ [10558/11002] Built OAI.Combinatorics.Progressions.Estimates.MixedCoveredRowReindex (38s)
✔ [10559/11002] Built OAI.Combinatorics.Progressions.Probability.FinitePairProbability (23s)
✔ [10560/11002] Built OAI.Combinatorics.Progressions.Probability.RectangleDensity (22s)
✔ [10561/11002] Built OAI.Combinatorics.Progressions.Estimates.LocalCorrelationEnergy (19s)
✔ [10562/11003] Built OAI.Combinatorics.Progressions.Fourier.RationalBohrWidth (20s)
✔ [10563/11011] Built OAI.Combinatorics.Progressions.Estimates.LocalCorrelationBounds (19s)
✔ [10564/11011] Built OAI.Combinatorics.Progressions.Geometry.FastCoefficientDerivativeCoordinates (57s)
✔ [10565/11011] Built OAI.Combinatorics.Progressions.Fourier.RelativeSpectrumDimension (28s)
✔ [10566/11011] Built OAI.Combinatorics.Progressions.Sampling.FiniteSamplingMoment (16s)
✔ [10567/11013] Built OAI.Combinatorics.Progressions.Dynamics.CrootSisaskSampleBudget (26s)
✔ [10568/11013] Built OAI.Combinatorics.Progressions.Estimates.LocalWeightedSifting (30s)
✔ [10569/11022] Built OAI.Combinatorics.Progressions.Probability.SiftingDensityBudget (27s)
✔ [10570/11022] Built OAI.Combinatorics.Progressions.Estimates.UniformFastCoefficientSpec (32s)
✔ [10571/11023] Built OAI.Combinatorics.Progressions.Estimates.AllocatedFiberCap (69s)
✔ [10572/11023] Built OAI.Combinatorics.Progressions.Estimates.LocalMomentScale (35s)
✔ [10573/11024] Built OAI.Combinatorics.Progressions.Estimates.LocalShiftFiber (32s)
✔ [10574/11024] Built OAI.Combinatorics.Progressions.Fourier.TranslatedBohrDifference (30s)
✔ [10575/11024] Built OAI.Combinatorics.Progressions.Probability.MixedCoveredDensityMass (76s)
✔ [10576/11024] Built OAI.Combinatorics.Progressions.Estimates.ReindexedFastCoefficientSection (53s)
✔ [10577/11024] Built OAI.Combinatorics.Progressions.Probability.RoundedModelDensityBudget (26s)
✔ [10578/11025] Built OAI.Combinatorics.Progressions.Fourier.CoefficientFourierTranslation (20s)
✔ [10579/11025] Built OAI.Combinatorics.Progressions.Estimates.TranslatedLocalAverage (19s)
✔ [10580/11025] Built OAI.Combinatorics.Progressions.Fourier.CoefficientResidualCharacter (21s)
✔ [10581/11025] Built OAI.Combinatorics.Progressions.Sampling.CyclicSamplingMoments (20s)
✔ [10582/11025] Built OAI.Combinatorics.Progressions.Nilpotent.UniformControlledBracketStage (106s)
✔ [10583/11026] Built OAI.Combinatorics.Progressions.Estimates.CyclicRelativeChang (25s)
✔ [10584/11033] Built OAI.Combinatorics.Progressions.Estimates.DescendedLinearMapBounds (18s)
✔ [10585/11038] Built OAI.Combinatorics.Progressions.Fourier.BohrLocalizedAverage (22s)
✔ [10586/11043] Built OAI.Combinatorics.Progressions.Estimates.CoefficientFiberOrthogonality (21s)
✔ [10587/11043] Built OAI.Combinatorics.Progressions.Estimates.OneSiteResidualFactor (22s)
✔ [10588/11053] Built OAI.Combinatorics.Progressions.Sampling.CoveredSamplerHaarDensity (35s)
✔ [10589/11054] Built OAI.Combinatorics.Progressions.Estimates.LocalBoostedAlmostPeriods (23s)
✔ [10590/11054] Built OAI.Combinatorics.Progressions.Geometry.ControlledLayerOneCoordinates (37s)
✔ [10591/11057] Built OAI.Combinatorics.Progressions.Polynomial.WeightedLieDegreeLengthSpan (18s)
✔ [10592/11057] Built OAI.Combinatorics.Progressions.Linear.HomogeneousLieSpan (22s)
✔ [10593/11057] Built OAI.Combinatorics.Progressions.Estimates.LocalizedCorrelationMoment (21s)
✔ [10594/11059] Built OAI.Combinatorics.Progressions.Fourier.OneSiteFourierAverage (21s)
✔ [10595/11063] Built OAI.Combinatorics.Progressions.Linear.MultidegreeBasisConstruction (20s)
✔ [10596/11069] Built OAI.Combinatorics.Progressions.Sampling.LocalSamplingBudget (21s)
✔ [10597/11069] Built OAI.Combinatorics.Progressions.Geometry.MultidegreeOrbitTransport (21s)
✔ [10598/11070] Built OAI.Combinatorics.Progressions.Fourier.LocalBohrAlmostPeriodsRelative (28s)
✔ [10599/11074] Built OAI.Combinatorics.Progressions.Polynomial.PolynomialShiftStructure (36s)
✔ [10600/11087] Built OAI.Combinatorics.Progressions.Linear.MarkedLieSpan (22s)
✔ [10601/11094] Built OAI.Combinatorics.Progressions.Estimates.OneSiteWeightIdentity (20s)
✔ [10602/11095] Built OAI.Combinatorics.Progressions.Linear.ProductOneSiteProjectionCap (22s)
✔ [10603/11095] Built OAI.Combinatorics.Progressions.Nilpotent.BCHPairCoordinateMetric (22s)
✔ [10604/11100] Built OAI.Combinatorics.Progressions.Fourier.LocalSpectrumBudget (21s)
✔ [10605/11101] Built OAI.Combinatorics.Progressions.Linear.LayerOneProjectionMatrixBounds (42s)
✔ [10606/11101] Built OAI.Combinatorics.Progressions.Dynamics.SpectralLogBudget (19s)
✔ [10607/11103] Built OAI.Combinatorics.Progressions.Probability.DifferenceEventProbability (17s)
✔ [10608/11103] Built OAI.Combinatorics.Progressions.Estimates.LinearRestrictionHeight (9.2s)
✔ [10609/11103] Built OAI.Combinatorics.Progressions.Dynamics.ReducedTwistedSelectionBudget (17s)
✔ [10610/11105] Built OAI.Combinatorics.Progressions.Estimates.MajorRationalLiftInputScale (17s)
✔ [10611/11108] Built OAI.Combinatorics.Progressions.Linear.WeightedTranslationAssociatedGradedProjection (18s)
✔ [10612/11109] Built OAI.Combinatorics.Progressions.Estimates.LinearRestrictionDenominatorSize (18s)
✔ [10613/11109] Built OAI.Combinatorics.Progressions.Lattices.AffineOneSiteNormalizedLaw (23s)
✔ [10614/11113] Built OAI.Combinatorics.Progressions.Sampling.QuarticSamplingBudget (18s)
✔ [10615/11113] Built OAI.Combinatorics.Progressions.Geometry.DifferenceEventSupport (19s)
✔ [10616/11114] Built OAI.Combinatorics.Progressions.Lattices.MajorTranslationIntegerEvaluation (19s)
✔ [10617/11118] Built OAI.Combinatorics.Progressions.Geometry.DetectedTranslationCoordinateBudget (19s)
✔ [10618/11120] Built OAI.Combinatorics.Progressions.Geometry.MajorTranslationBaseCoordinates (19s)
✔ [10619/11122] Built OAI.Combinatorics.Progressions.Polynomial.TranslationParameterPolynomialPacking (7.9s)
✔ [10620/11133] Built OAI.Combinatorics.Progressions.Polynomial.VectorPolynomialSubspaceSeparation (22s)
✔ [10621/11135] Built OAI.Combinatorics.Progressions.Geometry.NativeCoordinateDerivativeSystem (38s)
✔ [10622/11135] Built OAI.Combinatorics.Progressions.Polynomial.ControlledLinearPolynomialRestriction (19s)
✔ [10623/11136] Built OAI.Combinatorics.Progressions.Polynomial.PolynomialOneSiteComparison (18s)
✔ [10624/11138] Built OAI.Combinatorics.Progressions.Estimates.PhysicalBaseInjection (19s)
✔ [10625/11138] Built OAI.Combinatorics.Progressions.Geometry.TranslationShearCoordinateSeries (22s)
✔ [10626/11138] Built OAI.Combinatorics.Progressions.Polynomial.IntegerPolynomialDenominatorGrid (23s)
✔ [10627/11138] Built OAI.Combinatorics.Progressions.Polynomial.AlgebraicMajorWeightedDegree (23s)
✔ [10628/11138] Built OAI.Combinatorics.Progressions.Polynomial.RationalPolynomialFromRealGrid (22s)
✔ [10629/11138] Built OAI.Combinatorics.Progressions.Dynamics.NormalizedTwistExtractionBudget (22s)
✔ [10630/11140] Built OAI.Combinatorics.Progressions.Estimates.LocalizedSiftingAlmostPeriods (35s)
✔ [10631/11140] Built OAI.Combinatorics.Progressions.Geometry.TranslationCoordinateBudget (27s)
✔ [10632/11145] Built OAI.Combinatorics.Progressions.Dynamics.MajorTranslationPartnerBudget (22s)
✔ [10633/11146] Built OAI.Combinatorics.Progressions.Lattices.IntegerBoxObservedMean (19s)
✔ [10634/11148] Built OAI.Combinatorics.Progressions.Lattices.ResiduePhysicalCap (20s)
✔ [10635/11148] Built OAI.Combinatorics.Progressions.Polynomial.TranslationPolynomialPackingDerivative (21s)
✔ [10636/11148] Built OAI.Combinatorics.Progressions.Lattices.AlgebraicMajorIntegerRestoration (21s)
✔ [10637/11151] Built OAI.Combinatorics.Progressions.Polynomial.TranslationLogCoordinatePolynomials (25s)
✔ [10638/11158] Built OAI.Combinatorics.Progressions.Geometry.UniformDependentSubtypeCoordinates (19s)
✔ [10639/11158] Built OAI.Combinatorics.Progressions.Geometry.UniformDependentSumCoordinates (18s)
✔ [10640/11181] Built OAI.Combinatorics.Progressions.Sampling.AmbientL1SamplingBudget (25s)
✔ [10641/11181] Built OAI.Combinatorics.Progressions.Polynomial.DetectedTranslationPhaseBudget (24s)
✔ [10642/11186] Built OAI.Combinatorics.Progressions.Estimates.CenteredReferenceCap (17s)
✔ [10643/11190] Built OAI.Combinatorics.Progressions.Estimates.SelectedPhysicalReferenceCap (17s)
✔ [10644/11191] Built OAI.Combinatorics.Progressions.Probability.RelativeSliceFiniteLaw (18s)
✔ [10645/11200] Built OAI.Combinatorics.Progressions.Estimates.ComplexTestScaling (19s)
✔ [10646/11202] Built OAI.Combinatorics.Progressions.Estimates.JetAxisReference (18s)
✔ [10647/11203] Built OAI.Combinatorics.Progressions.Geometry.TranslationLogCoordinateInputBounds (20s)
✔ [10648/11203] Built OAI.Combinatorics.Progressions.Fourier.LatticeCoordinateResidueFourier (20s)
✔ [10649/11203] Built OAI.Combinatorics.Progressions.Lattices.AffineAmbientPrimitiveBudget (22s)
✔ [10650/11205] Built OAI.Combinatorics.Progressions.Estimates.SelectedProductEnvelope (11s)
✔ [10651/11207] Built OAI.Combinatorics.Progressions.Estimates.AllocatedJetRootAllowance (22s)
✔ [10652/11207] Built OAI.Combinatorics.Progressions.Geometry.UnconditionedSpatialWidthBudget (23s)
✔ [10653/11210] Built OAI.Combinatorics.Progressions.Geometry.MixedCoveredChartCompact (22s)
✔ [10654/11210] Built OAI.Combinatorics.Progressions.Probability.RetainedDensityNestedTest (20s)
✔ [10655/11210] Built OAI.Combinatorics.Progressions.Polynomial.TranslationLogCoordinateWeightedDegree (19s)
✔ [10656/11210] Built OAI.Combinatorics.Progressions.Sampling.TranslationLogCoordinateInputGrid (19s)
✔ [10657/11212] Built OAI.Combinatorics.Progressions.Probability.FiniteBoxDensityComparison (21s)
✔ [10658/11219] Built OAI.Combinatorics.Progressions.Geometry.NaturalWindowCoordinateBound (16s)
✔ [10659/11229] Built OAI.Combinatorics.Progressions.Lattices.AllocatedResidueLabelCount (18s)
✔ [10660/11229] Built OAI.Combinatorics.Progressions.Estimates.AnchoredReferenceDomination (20s)
✔ [10661/11229] Built OAI.Combinatorics.Progressions.Geometry.PhysicalChartRadiusBudget (20s)
✔ [10662/11229] Built OAI.Combinatorics.Progressions.Lattices.ResidueLinearPointCap (18s)
✔ [10663/11233] Built OAI.Combinatorics.Progressions.Geometry.TranslationLogCoordinateHomogeneous (18s)
✔ [10664/11234] Built OAI.Combinatorics.Progressions.Geometry.TranslationLogCoordinateScaling (18s)
✔ [10665/11236] Built OAI.Combinatorics.Progressions.Estimates.SlicedSourceAccuracy (8.0s)
✔ [10666/11237] Built OAI.Combinatorics.Progressions.Lattices.CoefficientLatticeCompact (22s)
✔ [10667/11237] Built OAI.Combinatorics.Progressions.Geometry.RestrictedComplexChartSupport (14s)
✔ [10668/11237] Built OAI.Combinatorics.Progressions.Lattices.AffineSourceAccuracy (10s)
✔ [10669/11239] Built OAI.Combinatorics.Progressions.Probability.AnchoredMixtureBoxTail (19s)
✔ [10670/11239] Built OAI.Combinatorics.Progressions.Probability.FiniteRelativeDensity (18s)
✔ [10671/11240] Built OAI.Combinatorics.Progressions.Geometry.RelativePatchBoxRestriction (18s)
✔ [10672/11240] Built OAI.Combinatorics.Progressions.Dynamics.AbsoluteIncrementBudgets (18s)
✔ [10673/11240] Built OAI.Combinatorics.Progressions.Lattices.CRTWindowScore (17s)
✔ [10674/11244] Built OAI.Combinatorics.Progressions.Sampling.SquareSamplingAccuracy (11s)
✔ [10675/11246] Built OAI.Combinatorics.Progressions.Estimates.PositiveWeightContradiction (17s)
✔ [10676/11246] Built OAI.Combinatorics.Progressions.FixedDensity.Energy (13s)
✔ [10677/11248] Built OAI.Combinatorics.Progressions.Estimates.ComplexPositiveMasks (20s)
✔ [10678/11248] Built OAI.Combinatorics.Progressions.Estimates.FiniteProductSumEstimate (20s)
✔ [10679/11255] Built OAI.Combinatorics.Progressions.Dynamics.MaskedComparisonBudget (21s)
✔ [10680/11259] Built OAI.Combinatorics.Progressions.Estimates.FiniteExceptionalMean (19s)
✔ [10681/11260] Built OAI.Combinatorics.Progressions.Dynamics.RepresentativeWindowBudget (25s)
✔ [10682/11261] Built OAI.Combinatorics.Progressions.Estimates.MarginalTailModeling (28s)
✔ [10683/11261] Built OAI.Combinatorics.Progressions.Sampling.ExplicitSpatialSampler (51s)
✔ [10684/11272] Built OAI.Combinatorics.Progressions.Estimates.RecoveryPrecision (7.3s)
✔ [10685/11274] Built OAI.Combinatorics.Progressions.Dynamics.FixedListPowerBudget (18s)
✔ [10686/11274] Built OAI.Combinatorics.Progressions.Dynamics.RefilteredExpansionErrorBudget (10s)
✔ [10687/11275] Built OAI.Combinatorics.Progressions.Linear.CountingKernelOuter (21s)
✔ [10688/11278] Built OAI.Combinatorics.Progressions.Dynamics.PartitionFixedListLogBudget (19s)
✔ [10689/11280] Built OAI.Combinatorics.Progressions.Estimates.CyclicCellAnchors (18s)
✔ [10690/11285] Built OAI.Combinatorics.Progressions.Geometry.SublatticeOrbitMetric (18s)
✔ [10691/11286] Built OAI.Combinatorics.Progressions.Estimates.CyclicOrdinaryShiftBranches (16s)
✔ [10692/11315] Built OAI.Combinatorics.Progressions.Lattices.IntegerOrbitTranslation (19s)
✔ [10693/11316] Built OAI.Combinatorics.Progressions.Estimates.CountingDeficitDetection (20s)
✔ [10694/11316] Built OAI.Combinatorics.Progressions.Polynomial.TrivialPolynomialData (21s)
✔ [10695/11323] Built OAI.Combinatorics.Progressions.Dynamics.AnchorLossBudget (20s)
✔ [10696/11325] Built OAI.Combinatorics.Progressions.Fourier.BohrLocalMomentAlternatives (20s)
✔ [10697/11325] Built OAI.Combinatorics.Progressions.Dynamics.ReplacementCellPotential (22s)
✔ [10698/11325] Built OAI.Combinatorics.Progressions.Dynamics.CyclicAlternativePathRecovery (17s)
✔ [10699/11326] Built OAI.Combinatorics.Progressions.Dynamics.CyclicProductBudget (20s)
✔ [10700/11326] Built OAI.Combinatorics.Progressions.Probability.TranslatedSelectedDensityCap (47s)
✔ [10701/11326] Built OAI.Combinatorics.Progressions.Geometry.OneDimensionalBox (19s)
✔ [10702/11326] Built OAI.Combinatorics.Progressions.Dynamics.CyclicDetectionBudget (19s)
✔ [10703/11327] Built OAI.Combinatorics.Progressions.Linear.FiniteKernelCounting (20s)
✔ [10704/11327] Built OAI.Combinatorics.Progressions.Probability.ConditionalCoordinateExceptions (20s)
✔ [10705/11328] Built OAI.Combinatorics.Progressions.Estimates.BinaryTupleSorting (5.0s)
✔ [10706/11332] Built OAI.Combinatorics.Progressions.Estimates.LocalWeightCaps (16s)
✔ [10707/11336] Built OAI.Combinatorics.Progressions.Estimates.PeelingCost (18s)
✔ [10708/11350] Built OAI.Combinatorics.Progressions.Estimates.FiniteAssignmentPartition (6.1s)
✔ [10709/11352] Built OAI.Combinatorics.Progressions.Geometry.BinaryWordSupports (5.1s)
✔ [10710/11354] Built OAI.Combinatorics.Progressions.Estimates.CyclicIntervalCubeComparison (19s)
✔ [10711/11356] Built OAI.Combinatorics.Progressions.Estimates.NativeTwoSitePartition (21s)
✔ [10712/11356] Built OAI.Combinatorics.Progressions.Dynamics.SelectedCollisionBudget (20s)
✔ [10713/11379] Built OAI.Combinatorics.Progressions.Geometry.CoordinateExceptionUnion (19s)
✔ [10714/11382] Built OAI.Combinatorics.Progressions.Estimates.CoefficientTensorApproximation (21s)
✔ [10715/11384] Built OAI.Combinatorics.Progressions.Dynamics.PeelingReplacementPotential (20s)
✔ [10716/11393] Built OAI.Combinatorics.Progressions.Estimates.FiniteCellRefinement (24s)
✔ [10717/11393] Built OAI.Combinatorics.Progressions.Estimates.FamilyDerivativeCorrelation (18s)
✔ [10718/11393] Built OAI.Combinatorics.Progressions.Estimates.FiniteTupleFibers (20s)
✔ [10719/11393] Built OAI.Combinatorics.Progressions.Geometry.RoundedGraphCyclicCoordinates (19s)
✔ [10720/11393] Built OAI.Combinatorics.Progressions.Estimates.QuantitativeNoninjectivity (21s)
✔ [10721/11393] Built OAI.Combinatorics.Progressions.Sampling.AnchoredObservationPartition (22s)
✔ [10722/11393] Built OAI.Combinatorics.Progressions.Lattices.CyclicModelAffineBox (19s)
✔ [10723/11393] Built OAI.Combinatorics.Progressions.Estimates.PeelingCellCaps (18s)
✔ [10724/11393] Built OAI.Combinatorics.Progressions.Estimates.PeelingChildBound (17s)
✔ [10725/11396] Built OAI.Combinatorics.Progressions.Estimates.SelectedChildBound (16s)
✔ [10726/11415] Built OAI.Combinatorics.Progressions.Dynamics.SmallRatioPotential (18s)
✔ [10727/11419] Built OAI.Combinatorics.Progressions.Dynamics.MatchedPotentialContraction (20s)
✔ [10728/11419] Built OAI.Combinatorics.Progressions.Estimates.RefinementErrorNormalization (21s)
✔ [10729/11419] Built OAI.Combinatorics.Progressions.Estimates.MatchedFlatDecay (22s)
✔ [10730/11419] Built OAI.Combinatorics.Progressions.Sampling.JointSamplerProductivity (19s)
✔ [10731/11423] Built OAI.Combinatorics.Progressions.Nilpotent.UnitComparisonNiltest (18s)
✔ [10732/11423] Built OAI.Combinatorics.Progressions.Lattices.IntegerIntervalCyclicAverage (17s)
✔ [10733/11460] Built OAI.Combinatorics.Progressions.Polynomial.DenseRowPhaseAlignment (17s)
✔ [10734/11462] Built OAI.Combinatorics.Progressions.Fourier.BohrMatchingScales (36s)
✔ [10735/11462] Built OAI.Combinatorics.Progressions.Fourier.BohrMatchedContraction (18s)
✔ [10736/11462] Built OAI.Combinatorics.Progressions.Nilpotent.MatchedFlatNiltest (17s)
✔ [10737/11462] Built OAI.Combinatorics.Progressions.Probability.JointProductiveMeasure (17s)
✔ [10738/11462] Built OAI.Combinatorics.Progressions.Lattices.RoundedAffineLifts (45s)
✔ [10739/11465] Built OAI.Combinatorics.Progressions.Fourier.UnbalancedBohrShape (22s)
✔ [10740/11476] Built OAI.Combinatorics.Progressions.Fourier.CrossRowCharacterDifference (17s)
✔ [10741/11543] Built OAI.Combinatorics.Progressions.Probability.DensityNormalization (16s)
✔ [10742/11547] Built OAI.Combinatorics.Progressions.Estimates.WeightedCenteredExpansion (17s)
✔ [10743/11551] Built OAI.Combinatorics.Progressions.Geometry.MetricOpenCharts (6.3s)
✔ [10744/11570] Built OAI.Combinatorics.Progressions.Sampling.PositiveScoreComparison (17s)
✔ [10745/11573] Built OAI.Combinatorics.Progressions.Estimates.IndependentReturnScale (19s)
✔ [10746/11577] Built OAI.Combinatorics.Progressions.Estimates.CenteredFiniteSliceResidualEnvelope (18s)
✔ [10747/11577] Built OAI.Combinatorics.Progressions.Lattices.IntegerRadixCoding (17s)
✔ [10748/11579] Built OAI.Combinatorics.Progressions.Probability.FiniteSpatialReferenceMass (19s)
✔ [10749/11580] Built OAI.Combinatorics.Progressions.Probability.SelectedDependentMeasure (19s)
✔ [10750/11580] Built OAI.Combinatorics.Progressions.Dynamics.UnbalancedWidthBudget (21s)
✔ [10751/11581] Built OAI.Combinatorics.Progressions.Estimates.ConstantCenterUniformLifts (32s)
✔ [10752/11582] Built OAI.Combinatorics.Progressions.Estimates.SampledCommonSlice (19s)
✔ [10753/11583] Built OAI.Combinatorics.Progressions.Nilpotent.RealifiedBCHSmoothPartition (30s)
✔ [10754/11583] Built OAI.Combinatorics.Progressions.Geometry.BoxCyclicEncoding (17s)
✔ [10755/11590] Built OAI.Combinatorics.Progressions.Probability.AllocatedChartDensityRadius (18s)
✔ [10756/11619] Built OAI.Combinatorics.Progressions.Estimates.CoefficientPairCover (18s)
✔ [10757/11633] Built OAI.Combinatorics.Progressions.Geometry.SpatialTupleErrorBudget (36s)
✔ [10758/11634] Built OAI.Combinatorics.Progressions.Polynomial.UnbalancedPolynomialBudget (17s)
✔ [10759/11645] Built OAI.Combinatorics.Progressions.Geometry.CoordinatedMatchingScale (17s)
✔ [10760/11645] Built OAI.Combinatorics.Progressions.Geometry.SupportedCubeUnitBounds (17s)
✔ [10761/11645] Built OAI.Combinatorics.Progressions.Linear.CoordinateZeroProjection (7.2s)
✔ [10762/11646] Built OAI.Combinatorics.Progressions.Lattices.NormalizedIntegerBoxZeroCube (17s)
✔ [10763/11648] Built OAI.Combinatorics.Progressions.Geometry.SampledCommonBox (18s)
✔ [10764/11648] Built OAI.Combinatorics.Progressions.Estimates.RelativeChildSliceGeometry (18s)
✔ [10765/11648] Built OAI.Combinatorics.Progressions.Geometry.NativeChartPartition (19s)
✔ [10766/11649] Built OAI.Combinatorics.Progressions.Estimates.CoefficientCoverSampleTower (17s)
✔ [10767/11649] Built OAI.Combinatorics.Progressions.Probability.DensityComparisonComposition (17s)
✔ [10768/11659] Built OAI.Combinatorics.Progressions.Linear.ScalarKernelDenseSliceStride (17s)
✔ [10769/11659] Built OAI.Combinatorics.Progressions.Fourier.CoordinatedBohrMatching (19s)
✔ [10770/11663] Built OAI.Combinatorics.Progressions.Probability.ContainedProgressionCubeLaw (18s)
✔ [10771/11663] Built OAI.Combinatorics.Progressions.Dynamics.SampledFullboxDetectionBudget (18s)
✔ [10772/11669] Built OAI.Combinatorics.Progressions.Estimates.SourceDetectionError (9.5s)
✔ [10773/11673] Built OAI.Combinatorics.Progressions.Estimates.DenseCommonStrideCardRatio (17s)
✔ [10774/11686] Built OAI.Combinatorics.Progressions.Estimates.CommonStrideCorrelation (16s)
✔ [10775/11690] Built OAI.Combinatorics.Progressions.Lattices.ResidueBoxSliceCoordinateDisintegration (21s)
✔ [10776/11690] Built OAI.Combinatorics.Progressions.Sampling.StagedForecastResidualBudget (10s)
✔ [10777/11690] Built OAI.Combinatorics.Progressions.Estimates.ComplexSampledSquarePerturbation (18s)
✔ [10778/11690] Built OAI.Combinatorics.Progressions.Linear.FiniteDescendingRankOrder (5.7s)
✔ [10779/11693] Built OAI.Combinatorics.Progressions.Estimates.ParentControlledMatching (17s)
✔ [10780/11694] Built OAI.Combinatorics.Progressions.Estimates.TriangularCorrectionRows (9.6s)
✔ [10781/11694] Built OAI.Combinatorics.Progressions.Estimates.DenseSubboxCost (19s)
✔ [10782/11694] Built OAI.Combinatorics.Progressions.Polynomial.FiniteSupportedPolynomialSubstitution (6.0s)
✔ [10783/11701] Built OAI.Combinatorics.Progressions.Polynomial.VectorPolynomialAffineSubspace (17s)
✔ [10784/11707] Built OAI.Combinatorics.Progressions.Polynomial.PiCoordinatePolynomialCoefficients (16s)
✔ [10785/11707] Built OAI.Combinatorics.Progressions.Estimates.FiniteTriangularRationalCorrection (21s)
✔ [10786/11708] Built OAI.Combinatorics.Progressions.Linear.SubmoduleQuotientSectionBasis (22s)
✔ [10787/11712] Built OAI.Combinatorics.Progressions.Linear.CertifiedChartBasisBudget (21s)
✔ [10788/11718] Built OAI.Combinatorics.Progressions.Geometry.SampledDenseCommonBox (23s)
✔ [10789/11732] Built OAI.Combinatorics.Progressions.Estimates.RefinementMatchingGeometry (27s)
✔ [10790/11736] Built OAI.Combinatorics.Progressions.Estimates.VectorRealSubstitutionBound (23s)
✔ [10791/11736] Built OAI.Combinatorics.Progressions.Sampling.CoefficientUniformPerturbationSampling (33s)
✔ [10792/11744] Built OAI.Combinatorics.Progressions.Nilpotent.LocalMajorDenseSliceNiltest (40s)
✔ [10793/11744] Built OAI.Combinatorics.Progressions.Linear.FiniteRankTriangularFinset (18s)
✔ [10794/11744] Built OAI.Combinatorics.Progressions.Geometry.SupportMaskComplexMean (19s)
✔ [10795/11744] Built OAI.Combinatorics.Progressions.Lattices.CoefficientIntegerFloorRemainder (22s)
✔ [10796/11744] Built OAI.Combinatorics.Progressions.Lattices.IntegerGridPointCap (19s)
✔ [10797/11745] Built OAI.Combinatorics.Progressions.Dynamics.ReturnShapeWidthBudget (19s)
✔ [10798/11745] Built OAI.Combinatorics.Progressions.Estimates.SeparatedLabelExtension (19s)
✔ [10799/11748] Built OAI.Combinatorics.Progressions.Fourier.ParametricQuarterTorusExtension (18s)
✔ [10800/11748] Built OAI.Combinatorics.Progressions.Estimates.CyclicComparisonMean (19s)
✔ [10801/11748] Built OAI.Combinatorics.Progressions.Estimates.NativeCrossFactorization (20s)
✔ [10802/11748] Built OAI.Combinatorics.Progressions.Fourier.WeightedTranslationBufferedCentralFrequency (22s)
✔ [10803/11748] Built OAI.Combinatorics.Progressions.Geometry.FiniteNormalizedChartCorrection (22s)
✔ [10804/11748] Built OAI.Combinatorics.Progressions.Nilpotent.WeightedTranslationTwistedNiltest (26s)
✔ [10805/11748] Built OAI.Combinatorics.Progressions.Lattices.ResidueQuarterExtension (21s)
✔ [10806/11748] Built OAI.Combinatorics.Progressions.Estimates.UniformControlledNativeExternalNetsOfRecovery (32s)
✔ [10807/11748] Built OAI.Combinatorics.Progressions.Lattices.ParametricFullResidueCoveredExtension (29s)
✔ [10808/11748] Built OAI.Combinatorics.Progressions.Geometry.NativeCoordinateFiber (19s)
✔ [10809/11748] Built OAI.Combinatorics.Progressions.Geometry.NativeCorrelationCoordinates (20s)
✔ [10810/11748] Built OAI.Combinatorics.Progressions.Estimates.NativePositiveCorrelation (19s)
✔ [10811/11748] Built OAI.Combinatorics.Progressions.Estimates.RefinementEnlargement (40s)
✔ [10812/11758] Built OAI.Combinatorics.Progressions.Sampling.FiniteNormalizedRealGridCorrection (18s)
✔ [10813/11759] Built OAI.Combinatorics.Progressions.Lattices.WeightedTranslationCentralLattice (21s)
✔ [10814/11770] Built OAI.Combinatorics.Progressions.Linear.NativeMarkedKernelFreezing (20s)
✔ [10815/11771] Built OAI.Combinatorics.Progressions.Polynomial.PolynomialGridValues (25s)
✔ [10816/11772] Built OAI.Combinatorics.Progressions.Dynamics.ReducedTwistedTranslationBudget (27s)
✔ [10817/11776] Built OAI.Combinatorics.Progressions.Dynamics.FixedRefinementBudget (22s)
✔ [10818/11819] Built OAI.Combinatorics.Progressions.Polynomial.CoveredPolynomialSiteFactor (27s)
✔ [10819/11820] Built OAI.Combinatorics.Progressions.Estimates.WeightedTranslationCentralTop (22s)
✔ [10820/11821] Built OAI.Combinatorics.Progressions.Estimates.WeightedRetainedCoefficients (23s)
✔ [10821/11821] Built OAI.Combinatorics.Progressions.Fourier.UniformSpectrumLogBounds (23s)
✔ [10822/11821] Built OAI.Combinatorics.Progressions.Estimates.SlowInverseControl (23s)
✔ [10823/11821] Built OAI.Combinatorics.Progressions.Polynomial.RefilteredPolynomialProjection (41s)
✔ [10824/11822] Built OAI.Combinatorics.Progressions.Estimates.FiniteWindowVolumeCancellation (21s)
✔ [10825/11822] Built OAI.Combinatorics.Progressions.Estimates.FixedBilinearRefinement (26s)
✔ [10826/11822] Built OAI.Combinatorics.Progressions.Lattices.WeightedModerateIntegerApproximation (22s)
✔ [10827/11822] Built OAI.Combinatorics.Progressions.Nilpotent.CanonicalReducedMajorTwistedNiltest (38s)
✔ [10828/11823] Built OAI.Combinatorics.Progressions.Fourier.WeightedTranslationTwistedCentralFrequency (29s)
✔ [10829/11823] Built OAI.Combinatorics.Progressions.Estimates.PositiveRetainedDenominatorLog (22s)
✔ [10830/11824] Built OAI.Combinatorics.Progressions.Estimates.UniformScaledRetainedLogBounds (20s)
✔ [10831/11824] Built OAI.Combinatorics.Progressions.Polynomial.NativeMarkedPolynomialFreezing (21s)
✔ [10832/11824] Built OAI.Combinatorics.Progressions.Polynomial.ControlledPolynomialGroupMapBounds (30s)
✔ [10833/11824] Built OAI.Combinatorics.Progressions.Estimates.NativeModelOrbit (30s)
✔ [10834/11824] Built OAI.Combinatorics.Progressions.Fourier.QuantitativeBohrBound (31s)
✔ [10835/11824] Built OAI.Combinatorics.Progressions.Estimates.ComparisonAmbient (38s)
✔ [10836/11824] Built OAI.Combinatorics.Progressions.Estimates.RealifiedTopQuotient (33s)
✔ [10837/11828] Built OAI.Combinatorics.Progressions.Estimates.NativeLocalPivotVerticalPartners (32s)
✔ [10838/11828] Built OAI.Combinatorics.Progressions.Estimates.ReducedTranslationMajorTwistedVerticalSelection (36s)
✔ [10839/11828] Built OAI.Combinatorics.Progressions.Estimates.NativeOptionOriginalOrbit (45s)
✔ [10840/11828] Built OAI.Combinatorics.Progressions.Dynamics.UniformRetainedComplexityBudget (20s)
✔ [10841/11828] Built OAI.Combinatorics.Progressions.Geometry.CommonRationalModelCoordinates (20s)
✔ [10842/11830] Built OAI.Combinatorics.Progressions.Estimates.SampledNativeModel (32s)
✔ [10843/11830] Built OAI.Combinatorics.Progressions.Linear.RealComparisonCoefficientProjections (22s)
✔ [10844/11830] Built OAI.Combinatorics.Progressions.Estimates.FrozenMarkedLeftOrbitBound (31s)
✔ [10845/11837] Built OAI.Combinatorics.Progressions.Lattices.ComparisonLattice (21s)
✔ [10846/11837] Built OAI.Combinatorics.Progressions.Polynomial.RealPolarizedPolynomialOrbit (25s)
✔ [10847/11837] Built OAI.Combinatorics.Progressions.Fourier.ControlledReplicatedFrequency (25s)
✔ [10848/11837] Built OAI.Combinatorics.Progressions.Polynomial.RefinementPolynomialBound (44s)
✔ [10849/11838] Built OAI.Combinatorics.Progressions.Estimates.StrongRefiltrationReconstruction (34s)
✔ [10850/11838] Built OAI.Combinatorics.Progressions.Estimates.SampledSliceFixedModelPartners (24s)
✔ [10851/11838] Built OAI.Combinatorics.Progressions.Estimates.NativeOptionFixedSourceQuotientMarkStrong (34s)
✔ [10852/11838] Built OAI.Combinatorics.Progressions.Estimates.CommonIntegralModelEquivalences (30s)
✔ [10853/11838] Built OAI.Combinatorics.Progressions.Geometry.RealPolarizedCoefficientCoordinates (25s)
✔ [10854/11838] Built OAI.Combinatorics.Progressions.Estimates.CyclicBilinearBound (20s)
✔ [10855/11838] Built OAI.Combinatorics.Progressions.Linear.NativeComparisonProjections (36s)
✔ [10856/11838] Built OAI.Combinatorics.Progressions.Estimates.ControlledComparisonModel (32s)
✔ [10857/11838] Built OAI.Combinatorics.Progressions.Fourier.JoinedFrequencyRefilteredTop (19s)
✔ [10858/11838] Built OAI.Combinatorics.Progressions.Linear.ActualOrdinaryPointwiseSpanning (25s)
✔ [10859/11838] Built OAI.Combinatorics.Progressions.Linear.RefilteredKernelConstantBounds (25s)
✔ [10860/11838] Built OAI.Combinatorics.Progressions.Nilpotent.LocalNiltestFixedNativePartners (27s)
✔ [10861/11838] Built OAI.Combinatorics.Progressions.Estimates.RealPolarizedLogDiagonal (24s)
✔ [10862/11838] Built OAI.Combinatorics.Progressions.Polynomial.DegreeOneShiftComparison (23s)
✔ [10863/11838] Built OAI.Combinatorics.Progressions.Nilpotent.CommonVariableDimensionNiltests (33s)
✔ [10864/11838] Built OAI.Combinatorics.Progressions.Dynamics.DilationBudgets (24s)
✔ [10865/11838] Built OAI.Combinatorics.Progressions.Linear.NativeDilationPairProjections (29s)
✔ [10866/11838] Built OAI.Combinatorics.Progressions.Estimates.CommonPivotQuotientTop (33s)
✔ [10867/11838] Built OAI.Combinatorics.Progressions.Estimates.NativeBoundedSubalgebraRepresentatives (32s)
✔ [10868/11841] Built OAI.Combinatorics.Progressions.Estimates.AllocatedCandidateCommonFastGeometry (37s)
✔ [10869/11842] Built OAI.Combinatorics.Progressions.Estimates.GradedUnitEvaluation (85s)
✔ [10870/11842] Built OAI.Combinatorics.Progressions.Estimates.NativeDilationObservable (30s)
✔ [10871/11842] Built OAI.Combinatorics.Progressions.Polynomial.RealComparisonPolynomialProjections (39s)
✔ [10872/11842] Built OAI.Combinatorics.Progressions.Polynomial.StrongRefiltrationRealPolynomialLift (53s)
✔ [10873/11842] Built OAI.Combinatorics.Progressions.Estimates.CommonRefilteredFactorization (78s)
✔ [10874/11842] Built OAI.Combinatorics.Progressions.Polynomial.PrescribedFastPolynomialFactorization (60s)
✔ [10875/11846] Built OAI.Combinatorics.Progressions.Fourier.PivotAnnihilatorFrequencyCode (28s)
✔ [10876/11846] Built OAI.Combinatorics.Progressions.Geometry.FullFastCoefficientCoordinates (31s)
✔ [10877/11846] Built OAI.Combinatorics.Progressions.Geometry.GradedTopCoordinates (25s)
✔ [10878/11846] Built OAI.Combinatorics.Progressions.Linear.ReducedSquareGradedKernel (27s)
✔ [10879/11846] Built OAI.Combinatorics.Progressions.Geometry.NativeDilationObservableMetric (29s)
✔ [10880/11846] Built OAI.Combinatorics.Progressions.Linear.RefiltrationLayerBasis (30s)
✔ [10881/11846] Built OAI.Combinatorics.Progressions.Fourier.DilationFrequencyPhase (23s)
✔ [10882/11846] Built OAI.Combinatorics.Progressions.Linear.RealGradedFastCoefficientKernel (50s)
✔ [10883/11849] Built OAI.Combinatorics.Progressions.Polynomial.GradedPolynomialSymbolInverse (47s)
✔ [10884/11849] Built OAI.Combinatorics.Progressions.Linear.NativeMarkedKernelRepresentatives (28s)
✔ [10885/11849] Built OAI.Combinatorics.Progressions.Dynamics.MultilinearityBudgets (22s)
✔ [10886/11849] Built OAI.Combinatorics.Progressions.Linear.NativeTripleProjections (25s)
✔ [10887/11849] Built OAI.Combinatorics.Progressions.Estimates.NormalizedComparisonOrbit (45s)
✔ [10888/11849] Built OAI.Combinatorics.Progressions.Nilpotent.NativeFrozenMultidegreeNiltest (29s)
✔ [10889/11849] Built OAI.Combinatorics.Progressions.Fourier.BoundedFrequencyKernel (26s)
✔ [10890/11850] Built OAI.Combinatorics.Progressions.Linear.KernelProjectionPresentPivotIdeal (24s)
✔ [10891/11850] Built OAI.Combinatorics.Progressions.Linear.ControlledMarkedKernelNormalization (41s)
✔ [10892/11850] Built OAI.Combinatorics.Progressions.Linear.FullFastHorizontalSpanning (55s)
✔ [10893/11850] Built OAI.Combinatorics.Progressions.Polynomial.NativeFormalPolynomialSystems (48s)
✔ [10894/11850] Built OAI.Combinatorics.Progressions.Estimates.NativeDilationOrbit (159s)
✔ [10895/11850] Built OAI.Combinatorics.Progressions.Estimates.FastGradedRelativeInvariance (58s)
✔ [10896/11854] Built OAI.Combinatorics.Progressions.Estimates.StepOneSymbolLinearPart (60s)
✔ [10897/11854] Built OAI.Combinatorics.Progressions.Lattices.LatticeNormalizedRefiltering (95s)
✔ [10898/11854] Built OAI.Combinatorics.Progressions.Nilpotent.NiltestOrbitOne (56s)
✔ [10899/11854] Built OAI.Combinatorics.Progressions.Estimates.HomogeneousQuotientSymbolLiftBounds (78s)
✔ [10900/11854] Built OAI.Combinatorics.Progressions.Estimates.SourceUnitCover (52s)
✔ [10901/11854] Built OAI.Combinatorics.Progressions.Estimates.ExternalPhysicalMemberPivotMasks (55s)
✔ [10902/11854] Built OAI.Combinatorics.Progressions.Linear.StepOneGradedKernel (27s)
✔ [10903/11854] Built OAI.Combinatorics.Progressions.Linear.FullFastRelativeSpanning (35s)
✔ [10904/11854] Built OAI.Combinatorics.Progressions.Estimates.FullMarkedNativeFactorization (51s)
✔ [10905/11856] Built OAI.Combinatorics.Progressions.Estimates.NativeSampleModelFamily (28s)
✔ [10906/11856] Built OAI.Combinatorics.Progressions.Polynomial.NativePolynomialOrbitConstruction (43s)
✔ [10907/11856] Built OAI.Combinatorics.Progressions.Nilpotent.NativeMultidegreeNiltest (22s)
✔ [10908/11856] Built OAI.Combinatorics.Progressions.Nilpotent.PolarizedVerticalNiltest (24s)
✔ [10909/11856] Built OAI.Combinatorics.Progressions.Polynomial.NativeDegreeRankFamily (24s)
✔ [10910/11882] Built OAI.Combinatorics.Progressions.Dynamics.UniformInvariantBudget (22s)
✔ [10911/11883] Built OAI.Combinatorics.Progressions.Estimates.FullFastHorizontalNormalization (75s)
✔ [10912/11886] Built OAI.Combinatorics.Progressions.Estimates.RealSymbolGradeQuotientSplitting (47s)
✔ [10913/11886] Built OAI.Combinatorics.Progressions.Nilpotent.CommonProductNiltestFamily (23s)
✔ [10914/11886] Built OAI.Combinatorics.Progressions.Estimates.NativeOrbitOuterControl (23s)
✔ [10915/11886] Built OAI.Combinatorics.Progressions.Nilpotent.StepOneGradedNiltestSplitting (32s)
✔ [10916/11886] Built OAI.Combinatorics.Progressions.Probability.SlicedDensityBudget (21s)
✔ [10917/11886] Built OAI.Combinatorics.Progressions.Estimates.NativeResidualMultiplier (26s)
✔ [10918/11886] Built OAI.Combinatorics.Progressions.Linear.ExternalFamilyPrecenterProjectionData (43s)
✔ [10919/11889] Built OAI.Combinatorics.Progressions.Sampling.ScalarSymbolFamilyCoefficientGrid (22s)
✔ [10920/11889] Built OAI.Combinatorics.Progressions.Polynomial.HomogeneousScalarSymbolPolynomial (21s)
✔ [10921/11905] Built OAI.Combinatorics.Progressions.Estimates.RestrictedSymbolAlgebraicMajorStep (32s)
✔ [10922/11908] Built OAI.Combinatorics.Progressions.Polynomial.NativeZeroDegreeCorrelation (20s)
✔ [10923/11910] Built OAI.Combinatorics.Progressions.Geometry.RestrictedGradeScalarCoordinates (26s)
✔ [10924/11910] Built OAI.Combinatorics.Progressions.Dynamics.RestrictedSymbolGradeIteration (27s)
✔ [10925/11911] Built OAI.Combinatorics.Progressions.Estimates.NativeOrbitFreezing (31s)
✔ [10926/11911] Built OAI.Combinatorics.Progressions.Probability.GenericProbabilityProductMapIntegral (9.7s)
✔ [10927/11911] Built OAI.Combinatorics.Progressions.Estimates.NativeSelectedCorrelators (24s)
✔ [10928/11921] Built OAI.Combinatorics.Progressions.Sampling.MarkedKernelProjectionScoreRestoration (25s)
✔ [10929/11921] Built OAI.Combinatorics.Progressions.Estimates.FiniteProductWeightL1 (19s)
✔ [10930/11921] Built OAI.Combinatorics.Progressions.Probability.SelectedSingletonSmoothIndexLaw (18s)
✔ [10931/11921] Built OAI.Combinatorics.Progressions.Probability.GenericSampleExpectation (17s)
✔ [10932/11922] Built OAI.Combinatorics.Progressions.Sampling.ForecastContinuousNormalization (10s)
✔ [10933/11928] Built OAI.Combinatorics.Progressions.Estimates.NativePartitionFreezing (24s)
✔ [10934/11928] Built OAI.Combinatorics.Progressions.Dynamics.NativeCorrelationQuadrupleBudget (23s)
✔ [10935/11928] Built OAI.Combinatorics.Progressions.Estimates.RestrictedMajorCorrectionOnSet (33s)
✔ [10936/11930] Built OAI.Combinatorics.Progressions.Estimates.SelectedSingletonSmoothTestQuadrature (23s)
✔ [10937/11931] Built OAI.Combinatorics.Progressions.Lattices.CRTValuationProduct (8.3s)
✔ [10938/11933] Built OAI.Combinatorics.Progressions.Estimates.InactiveFiberProductComparison (23s)
✔ [10939/11937] Built OAI.Combinatorics.Progressions.Estimates.CompactSliceErrorIntegral (12s)
✔ [10940/11937] Built OAI.Combinatorics.Progressions.Geometry.RestrictedChartPrefixControl (48s)
✔ [10941/11937] Built OAI.Combinatorics.Progressions.Lattices.SmoothBadPrimeProduct (27s)
✔ [10942/11941] Built OAI.Combinatorics.Progressions.Geometry.NativeQuadrupleCoordinates (22s)
✔ [10943/11941] Built OAI.Combinatorics.Progressions.Lattices.IntegerResidueLatticeSum (8.7s)
✔ [10944/11963] Built OAI.Combinatorics.Progressions.Estimates.FiniteFiberTsum (19s)
✔ [10945/11979] Built OAI.Combinatorics.Progressions.Fourier.RetainedCharacterGridSum (18s)
✔ [10946/11983] Built OAI.Combinatorics.Progressions.Probability.ComplexDensityScaledQuadrature (18s)
✔ [10947/11983] Built OAI.Combinatorics.Progressions.Estimates.NativeMarkedDiagramOrbitLift (71s)
✔ [10948/11985] Built OAI.Combinatorics.Progressions.Probability.FullScalarCubeWindowLaw (20s)
✔ [10949/11985] Built OAI.Combinatorics.Progressions.Estimates.NativeFixedFactoredQuadruples (22s)
✔ [10950/11987] Built OAI.Combinatorics.Progressions.Lattices.MixedSmoothUniformBadPrimeProduct (25s)
✔ [10951/11987] Built OAI.Combinatorics.Progressions.Estimates.HomogeneousRealSymbolPullback (26s)
✔ [10952/11990] Built OAI.Combinatorics.Progressions.Dynamics.SiteSourcePrimitiveBudget (23s)
✔ [10953/11990] Built OAI.Combinatorics.Progressions.Linear.JointRationalSpaceDefiningMatrix (18s)
✔ [10954/11994] Built OAI.Combinatorics.Progressions.Lattices.IntegerAffineRemainder (21s)
✔ [10955/11994] Built OAI.Combinatorics.Progressions.Nilpotent.TopInvariantNiltestBudget (24s)
✔ [10956/11994] Built OAI.Combinatorics.Progressions.Sampling.NativeMarkedDiagramScoreLift (25s)
✔ [10957/12000] Built OAI.Combinatorics.Progressions.Linear.NativeReplacedRankFamily (27s)
✔ [10958/12000] Built OAI.Combinatorics.Progressions.Polynomial.CRTPolynomialInputAffineLaw (28s)
✔ [10959/12000] Built OAI.Combinatorics.Progressions.Fourier.RationalCharacterIndividualModulus (26s)
✔ [10960/12000] Built OAI.Combinatorics.Progressions.Linear.RankPreparationPotential (10s)
✔ [10961/12002] Built OAI.Combinatorics.Progressions.Estimates.CopiedLayerSpace (27s)
✔ [10962/12002] Built OAI.Combinatorics.Progressions.Lattices.IntegerHomogeneousSymbolPullbackGrid (20s)
✔ [10963/12002] Built OAI.Combinatorics.Progressions.Polynomial.HomogeneousRealSymbolPolynomial (25s)
✔ [10964/12002] Built OAI.Combinatorics.Progressions.Estimates.IntegralSlowSlice (22s)
✔ [10965/12002] Built OAI.Combinatorics.Progressions.Estimates.FixedObservableMarkedFiberGlobalLift (39s)
✔ [10966/12002] Built OAI.Combinatorics.Progressions.Lattices.CRTPrescribedProductStep (29s)
✔ [10967/12002] Built OAI.Combinatorics.Progressions.Geometry.CoordinateCopySum (27s)
✔ [10968/12002] Built OAI.Combinatorics.Progressions.Estimates.NativeSharedFrozenCorrelations (42s)
✔ [10969/12005] Built OAI.Combinatorics.Progressions.Estimates.NativeFrozenMarkedLocalMark (51s)
✔ [10970/12005] Built OAI.Combinatorics.Progressions.Polynomial.LowestPolynomialLayer (40s)
✔ [10971/12005] Built OAI.Combinatorics.Progressions.Polynomial.CRTPolynomialInputStepLaw (25s)
✔ [10972/12005] Built OAI.Combinatorics.Progressions.Estimates.NativeDilationDescent (67s)
✔ [10973/12005] Built OAI.Combinatorics.Progressions.Sampling.RationalHomogeneousSymbolPullbackGrid (27s)
✔ [10974/12006] Built OAI.Combinatorics.Progressions.Linear.RankPreparationSizes (38s)
✔ [10975/12006] Built OAI.Combinatorics.Progressions.Geometry.GlobalChartNativeFactorization (42s)
✔ [10976/12006] Built OAI.Combinatorics.Progressions.Nilpotent.FrozenComplexNiltest (30s)
✔ [10977/12006] Built OAI.Combinatorics.Progressions.Estimates.NativeCorrelatedFactorFamily (43s)
✔ [10978/12006] Built OAI.Combinatorics.Progressions.Polynomial.SchmidtGaussianMean (29s)
✔ [10979/12006] Built OAI.Combinatorics.Progressions.Lattices.TriangularAffineReset (29s)
✔ [10980/12006] Built OAI.Combinatorics.Progressions.Geometry.NativeTripleObservableMetric (29s)
✔ [10981/12008] Built OAI.Combinatorics.Progressions.Estimates.PreparationSliceComposition (18s)
✔ [10982/12016] Built OAI.Combinatorics.Progressions.Fourier.WeightedFourierExtraction (20s)
✔ [10983/12016] Built OAI.Combinatorics.Progressions.Estimates.ExtractedInitialState (272s)
✔ [10984/12018] Built OAI.Combinatorics.Progressions.Polynomial.PolynomialPatchMarkedChartRestoration (22s)
✔ [10985/12021] Built OAI.Combinatorics.Progressions.Lattices.LatticeGaussianDilation (21s)
✔ [10986/12021] Built OAI.Combinatorics.Progressions.Estimates.UniformIntegralSeries (20s)
✔ [10987/12022] Built OAI.Combinatorics.Progressions.Estimates.GlobalMarkedOuterNormalization (31s)
✔ [10988/12022] Built OAI.Combinatorics.Progressions.Fourier.MonomialCharacterMean (22s)
✔ [10989/12023] Built OAI.Combinatorics.Progressions.Lattices.IntegerIntervalReindex (20s)
✔ [10990/12023] Built OAI.Combinatorics.Progressions.Dynamics.ActualPathCurrentGradeReset (34s)
✔ [10991/12023] Built OAI.Combinatorics.Progressions.Estimates.UniformFrozenDescent (43s)
✔ [10992/12025] Built OAI.Combinatorics.Progressions.Estimates.GaussianNonzeroIndex (22s)
✔ [10993/12025] Built OAI.Combinatorics.Progressions.Polynomial.WeylStepScales (22s)
✔ [10994/12025] Built OAI.Combinatorics.Progressions.Estimates.ShiftDifferenceCount (27s)
✔ [10995/12025] Built OAI.Combinatorics.Progressions.Lattices.LatticeGaussianCoefficient (21s)
✔ [10996/12025] Built OAI.Combinatorics.Progressions.Lattices.LatticeDualCoordinates (20s)
✔ [10997/12026] Built OAI.Combinatorics.Progressions.Linear.FastKernelReabsorptionControl (45s)
✔ [10998/12027] Built OAI.Combinatorics.Progressions.Geometry.GlobalMarkedChartwiseNormalization (23s)
✔ [10999/12027] Built OAI.Combinatorics.Progressions.Lattices.IntegerGaussianGeometric (21s)
✔ [11000/12029] Built OAI.Combinatorics.Progressions.Linear.ReindexQuotientBasis (21s)
✔ [11001/12029] Built OAI.Combinatorics.Progressions.Probability.FiniteProductMassBound (21s)
✔ [11002/12029] Built OAI.Combinatorics.Progressions.Lattices.TopInvariantIntegerExpansion (25s)
✔ [11003/12029] Built OAI.Combinatorics.Progressions.Linear.NativeRankQuotientOrbit (27s)
✔ [11004/12032] Built OAI.Combinatorics.Progressions.Lattices.IntegerIntervalShift (20s)
✔ [11005/12034] Built OAI.Combinatorics.Progressions.Fourier.LatticeTorusFourierCoefficient (20s)
✔ [11006/12034] Built OAI.Combinatorics.Progressions.Polynomial.MonomialSignedIndex (19s)
✔ [11007/12034] Built OAI.Combinatorics.Progressions.Nilpotent.PolynomialPatchWeightedChartNiltest (64s)
✔ [11008/12034] Built OAI.Combinatorics.Progressions.Estimates.FormalLinearLiftReabsorption (21s)
✔ [11009/12034] Built OAI.Combinatorics.Progressions.Polynomial.PolynomialPartitionBudget (18s)
✔ [11010/12034] Built OAI.Combinatorics.Progressions.Polynomial.SchmidtIntervalBudget (18s)
✔ [11011/12034] Built OAI.Combinatorics.Progressions.Dynamics.ComparisonEquivalenceBudget (21s)
✔ [11012/12035] Built OAI.Combinatorics.Progressions.Estimates.FiniteDifferenceStability (10s)
✔ [11013/12035] Built OAI.Combinatorics.Progressions.Nilpotent.RankInvariantNiltestBudget (23s)
✔ [11014/12035] Built OAI.Combinatorics.Progressions.Nilpotent.FreeDegreeRankNilmanifold (19s)
✔ [11015/12035] Built OAI.Combinatorics.Progressions.Geometry.SquareRecoveryCoordinates (19s)
✔ [11016/12035] Built OAI.Combinatorics.Progressions.Lattices.LatticeGaussianPoisson (19s)
✔ [11017/12035] Built OAI.Combinatorics.Progressions.Nilpotent.RankAdaptedNiltest (25s)
✔ [11018/12035] Built OAI.Combinatorics.Progressions.Estimates.NormalizedFixedPatchFunction (25s)
✔ [11019/12035] Built OAI.Combinatorics.Progressions.Estimates.DilationCost (20s)
✔ [11020/12035] Built OAI.Combinatorics.Progressions.Estimates.SpecifiedSquareObservable (23s)
✔ [11021/12035] Built OAI.Combinatorics.Progressions.Polynomial.PolynomialKernelDirectionBudget (35s)
✔ [11022/12035] Built OAI.Combinatorics.Progressions.Geometry.CenteredFiniteEventSupport (20s)
✔ [11023/12035] Built OAI.Combinatorics.Progressions.Polynomial.SingleParameterPolynomial (20s)
✔ [11024/12035] Built OAI.Combinatorics.Progressions.Linear.NativeVerticalTranslateFrame (31s)
✔ [11025/12035] Built OAI.Combinatorics.Progressions.Estimates.MultidegreeIntegralModel (21s)
✔ [11026/12036] Built OAI.Combinatorics.Progressions.Linear.BoundedRankIntegralModel (21s)
✔ [11027/12036] Built OAI.Combinatorics.Progressions.Estimates.NativeTwoVariableSplitFreezing (40s)
✔ [11028/12036] Built OAI.Combinatorics.Progressions.Polynomial.ProductPolynomialMaps (24s)
✔ [11029/12036] Built OAI.Combinatorics.Progressions.Fourier.LatticeGaussianMeanFourier (18s)
✔ [11030/12036] Built OAI.Combinatorics.Progressions.Estimates.RebasedUnitVerticalObservable (18s)
✔ [11031/12036] Built OAI.Combinatorics.Progressions.Estimates.CentralAdaptedRebase (19s)
✔ [11032/12036] Built OAI.Combinatorics.Progressions.Linear.VaryingRankFixedPatchFunction (18s)
✔ [11033/12036] Built OAI.Combinatorics.Progressions.Estimates.ControlledAdaptedRebase (24s)
✔ [11034/12036] Built OAI.Combinatorics.Progressions.Nilpotent.PreparedDilationNiltest (25s)
✔ [11035/12036] Built OAI.Combinatorics.Progressions.Dynamics.PhysicalBadProductErrorBudget (24s)
✔ [11036/12036] Built OAI.Combinatorics.Progressions.Estimates.PrescribedInvariantUnit (30s)
✔ [11037/12036] Built OAI.Combinatorics.Progressions.Nilpotent.PreparedAdditionNiltest (39s)
✔ [11038/12036] Built OAI.Combinatorics.Progressions.Lattices.NativeFrozenAffineExpansion (25s)
✔ [11039/12038] Built OAI.Combinatorics.Progressions.Lattices.StandardLatticeGaussianBound (23s)
✔ [11040/12038] Built OAI.Combinatorics.Progressions.Geometry.NativeCoordinateSplitFreezing (34s)
✔ [11041/12039] Built OAI.Combinatorics.Progressions.Estimates.TemperaturePrimitiveNormal (22s)
✔ [11042/12039] Built OAI.Combinatorics.Progressions.Lattices.GaussianLatticeDistance (26s)
✔ [11043/12039] Built OAI.Combinatorics.Progressions.Nilpotent.IntegralCentralNiltest (25s)
✔ [11044/12039] Built OAI.Combinatorics.Progressions.Polynomial.PolynomialPatchRankPadding (20s)
✔ [11045/12039] Built OAI.Combinatorics.Progressions.Linear.AdaptedRankCorrelation (30s)
✔ [11046/12039] Built OAI.Combinatorics.Progressions.Nilpotent.NativeSquareNiltest (68s)
✔ [11047/12039] Built OAI.Combinatorics.Progressions.Nilpotent.ControlledBracketToCurrentLayer (68s)
✔ [11048/12041] Built OAI.Combinatorics.Progressions.Estimates.NativeMultidegreeDilation (26s)
✔ [11049/12042] Built OAI.Combinatorics.Progressions.Linear.ShiftFailurePositiveBasis (34s)
✔ [11050/12043] Built OAI.Combinatorics.Progressions.Estimates.GaussianTailRadius (22s)
✔ [11051/12043] Built OAI.Combinatorics.Progressions.Estimates.UnitVerticalMeanRowCorrelation (26s)
✔ [11052/12043] Built OAI.Combinatorics.Progressions.Sampling.IntegralScoredKernel (29s)
✔ [11053/12043] Built OAI.Combinatorics.Progressions.Dynamics.FormalStageBudget (20s)
✔ [11054/12048] Built OAI.Combinatorics.Progressions.Estimates.AveragedModeledPatchTransfer (29s)
✔ [11055/12048] Built OAI.Combinatorics.Progressions.Estimates.ShiftedVerticalExpansion (32s)
✔ [11056/12048] Built OAI.Combinatorics.Progressions.Estimates.SymmetricSquarefreeMonotonicity (45s)
✔ [11057/12048] Built OAI.Combinatorics.Progressions.Nilpotent.PositiveShiftTestingNiltests (20s)
✔ [11058/12048] Built OAI.Combinatorics.Progressions.Estimates.PositiveShiftNativePartners (23s)
✔ [11059/12048] Built OAI.Combinatorics.Progressions.Lattices.CoefficientDeckResidueMask (27s)
✔ [11060/12048] Built OAI.Combinatorics.Progressions.Polynomial.ScoredCyclicPolynomialPatch (23s)
✔ [11061/12048] Built OAI.Combinatorics.Progressions.Estimates.PositiveShiftProductData (27s)
✔ [11062/12048] Built OAI.Combinatorics.Progressions.Polynomial.SchmidtShortDualVector (25s)
✔ [11063/12050] Built OAI.Combinatorics.Progressions.Probability.RestrictedWeightedLawModeledTransfer (21s)
✔ [11064/12050] Built OAI.Combinatorics.Progressions.Probability.MeasureGoodAtomTransfer (21s)
✔ [11065/12050] Built OAI.Combinatorics.Progressions.Estimates.CoveredJetSampleMeasurable (24s)
✔ [11066/12051] Built OAI.Combinatorics.Progressions.Lattices.ScoredCRTWindowPatch (25s)
✔ [11067/12051] Built OAI.Combinatorics.Progressions.Lattices.NativeIntegerHalving (31s)
✔ [11068/12051] Built OAI.Combinatorics.Progressions.Linear.AnchoredKernelInvariance (27s)
✔ [11069/12051] Built OAI.Combinatorics.Progressions.Geometry.ComparisonProductMetric (32s)
✔ [11070/12051] Built OAI.Combinatorics.Progressions.Estimates.NativeNilcharacterTranslationEquivalence (36s)
✔ [11071/12051] Built OAI.Combinatorics.Progressions.Estimates.ModularUnitGCD (6.7s)
✔ [11072/12051] Built OAI.Combinatorics.Progressions.Lattices.ModularAffineSpatialGCD (7.1s)
✔ [11073/12051] Built OAI.Combinatorics.Progressions.Estimates.PrimitiveNormalDilation (29s)
✔ [11074/12051] Built OAI.Combinatorics.Progressions.Estimates.PositiveWeightedExpansion (23s)
✔ [11075/12051] Built OAI.Combinatorics.Progressions.Estimates.ModelTransferPrecision (25s)
✔ [11076/12052] Built OAI.Combinatorics.Progressions.Lattices.NativeIntegerEquivalenceFiniteFamily (24s)
✔ [11077/12053] Built OAI.Combinatorics.Progressions.Estimates.FormalInductionStage (81s)
✔ [11078/12053] Built OAI.Combinatorics.Progressions.Estimates.RefilteredReconstructionDiagram (29s)
✔ [11079/12053] Built OAI.Combinatorics.Progressions.Estimates.ModularMultilinearSublevelFiber (13s)
✔ [11080/12053] Built OAI.Combinatorics.Progressions.Lattices.MultidegreeIntegerTranslation (32s)
✔ [11081/12054] Built OAI.Combinatorics.Progressions.Lattices.PositivePartitionIntegerExpansion (23s)
✔ [11082/12057] Built OAI.Combinatorics.Progressions.Estimates.ModularMultilinearSublevelNumerics (15s)
✔ [11083/12057] Built OAI.Combinatorics.Progressions.Dynamics.RestrictedModelErrorBudget (26s)
✔ [11084/12057] Built OAI.Combinatorics.Progressions.Estimates.CommonNativeSquareFactors (104s)
✔ [11085/12060] Built OAI.Combinatorics.Progressions.Linear.SingleRefilteredKernel (31s)
✔ [11086/12060] Built OAI.Combinatorics.Progressions.Polynomial.PolynomialCoordinatePartition (48s)
✔ [11087/12060] Built OAI.Combinatorics.Progressions.Dynamics.UniformFormalInductionIteration (33s)
✔ [11088/12060] Built OAI.Combinatorics.Progressions.Estimates.CubeSignalAlgebra (33s)
✔ [11089/12060] Built OAI.Combinatorics.Progressions.Polynomial.PolynomialDifferencePermanentCombinatorics (9.3s)
✔ [11090/12060] Built OAI.Combinatorics.Progressions.Estimates.IndependentProductMeans (29s)
✔ [11091/12060] Built OAI.Combinatorics.Progressions.Estimates.SecondDifferenceVectorEquivalence (39s)
✔ [11092/12060] Built OAI.Combinatorics.Progressions.Sampling.FiniteLawForecastModelTransfer (28s)
✔ [11093/12060] Built OAI.Combinatorics.Progressions.Nilpotent.CyclicNiltestDetection (26s)
✔ [11094/12065] Built OAI.Combinatorics.Progressions.Estimates.NativeBoundedVariablePatchExpansion (48s)
✔ [11095/12065] Built OAI.Combinatorics.Progressions.Estimates.CommonRefilteredMappedOrbitFactors (99s)
✔ [11096/12065] Built OAI.Combinatorics.Progressions.Polynomial.ModularMultilinearSublevelPolynomial (20s)
✔ [11097/12065] Built OAI.Combinatorics.Progressions.Fourier.SquareModeGradedFrequency (42s)
✔ [11098/12065] Built OAI.Combinatorics.Progressions.Polynomial.PolynomialBoxDetection (25s)
✔ [11099/12065] Built OAI.Combinatorics.Progressions.Polynomial.PolynomialDifferencePermanentIndependence (26s)
✔ [11100/12065] Built OAI.Combinatorics.Progressions.Estimates.CyclicProductDetection (25s)
✔ [11101/12073] Built OAI.Combinatorics.Progressions.Estimates.CommonFixedNativeSquareFamily (56s)
✔ [11102/12079] Built OAI.Combinatorics.Progressions.Estimates.ModularVectorCoefficientDecomposition (6.5s)
✔ [11103/12082] Built OAI.Combinatorics.Progressions.Geometry.FiniteUniformCoordinateRefresh (20s)
✔ [11104/12082] Built OAI.Combinatorics.Progressions.Lattices.ResidueIntervalFactors (24s)
✔ [11105/12082] Built OAI.Combinatorics.Progressions.Estimates.FiniteMixedArrayRefresh (3.0s)
✔ [11106/12082] Built OAI.Combinatorics.Progressions.Nilpotent.CyclicPairNiltestDetection (21s)
✔ [11107/12082] Built OAI.Combinatorics.Progressions.Sampling.ShiftedSmoothFiniteGridLaw (23s)
✔ [11108/12085] Built OAI.Combinatorics.Progressions.Estimates.IndependentProductPMFSum (11s)
✔ [11109/12087] Built OAI.Combinatorics.Progressions.Estimates.LowerRefilteredCyclicExpansion (70s)
✔ [11110/12087] Built OAI.Combinatorics.Progressions.Estimates.TerminalControlledFactorization (58s)
✔ [11111/12090] Built OAI.Combinatorics.Progressions.Estimates.MaskedIntervalApproximation (20s)
✔ [11112/12090] Built OAI.Combinatorics.Progressions.Estimates.GroupedSiteTensor (20s)
✔ [11113/12090] Built OAI.Combinatorics.Progressions.Estimates.ModularMultilinearAmbientSublevel (23s)
✔ [11114/12097] Built OAI.Combinatorics.Progressions.Lattices.AllocatedCoefficientIntegerMarginal (23s)
✔ [11115/12097] Built OAI.Combinatorics.Progressions.Polynomial.ShiftedSmoothPolynomialSublevel (19s)
✔ [11116/12097] Built OAI.Combinatorics.Progressions.Estimates.PositiveShiftTestingGowers (22s)
✔ [11117/12097] Built OAI.Combinatorics.Progressions.Polynomial.CanonicalPositivePolynomialSplitting (75s)
✔ [11118/12100] Built OAI.Combinatorics.Progressions.Linear.FrozenDiagramKernelInvariance (21s)
✔ [11119/12100] Built OAI.Combinatorics.Progressions.Probability.MixedSelectedCoefficientProbability (21s)
✔ [11120/12100] Built OAI.Combinatorics.Progressions.Geometry.SpatialSiteShift (24s)
✔ [11121/12101] Built OAI.Combinatorics.Progressions.Lattices.RefilteredResidueExpansionSpec (28s)
✔ [11122/12101] Built OAI.Combinatorics.Progressions.Polynomial.ConditionPolynomialMapDegree (20s)
✔ [11123/12102] Built OAI.Combinatorics.Progressions.Lattices.ModularMultilinearAffineCost (19s)
✔ [11124/12108] Built OAI.Combinatorics.Progressions.Probability.AllocatedSpatialCoefficientReferenceLaw (19s)
✔ [11125/12108] Built OAI.Combinatorics.Progressions.Linear.SmoothMatrixBlockBudget (18s)
✔ [11126/12108] Built OAI.Combinatorics.Progressions.Lattices.SpatialSiteResidueIdentity (20s)
✔ [11127/12113] Built OAI.Combinatorics.Progressions.Polynomial.PolynomialDifferencePermanentBlocks (22s)
✔ [11128/12113] Built OAI.Combinatorics.Progressions.Dynamics.VectorSiteBudget (26s)
✔ [11129/12113] Built OAI.Combinatorics.Progressions.Estimates.TranslatedSelectedNormalization (35s)
✔ [11130/12113] Built OAI.Combinatorics.Progressions.Estimates.TranslatedSelectedOneSite (31s)
✔ [11131/12113] Built OAI.Combinatorics.Progressions.Geometry.PrincipalSpatialSiteComparison (31s)
✔ [11132/12113] Built OAI.Combinatorics.Progressions.Estimates.NativeSquareRecovery (50s)
✔ [11133/12113] Built OAI.Combinatorics.Progressions.Linear.ModularDesignatedCoefficientRank (29s)
✔ [11134/12115] Built OAI.Combinatorics.Progressions.Estimates.JointComparisonTolerance (22s)
✔ [11135/12115] Built OAI.Combinatorics.Progressions.Probability.SiteDensityRestriction (23s)
✔ [11136/12115] Built OAI.Combinatorics.Progressions.Estimates.TwoDownsetPrecision (73s)
✔ [11137/12115] Built OAI.Combinatorics.Progressions.Linear.PhysicalCubeMatrix (21s)
✔ [11138/12115] Built OAI.Combinatorics.Progressions.Probability.PositiveDensityRetained (25s)
✔ [11139/12116] Built OAI.Combinatorics.Progressions.Probability.TranslatedSelectedOneSiteLaw (31s)
✔ [11140/12116] Built OAI.Combinatorics.Progressions.Lattices.SpatialResidueMass (19s)
✔ [11141/12116] Built OAI.Combinatorics.Progressions.Geometry.NormalizedSpatialChoiceBudget (60s)
✔ [11142/12116] Built OAI.Combinatorics.Progressions.Dynamics.MixedAccuracyBudget (21s)
✔ [11143/12116] Built OAI.Combinatorics.Progressions.Lattices.SlowResidueRecovery (32s)
✔ [11144/12116] Built OAI.Combinatorics.Progressions.Estimates.PrescribedSquareImagePartition (37s)
✔ [11145/12116] Built OAI.Combinatorics.Progressions.Estimates.UnnormalizedCommonSymbolFactorization (148s)
✔ [11146/12116] Built OAI.Combinatorics.Progressions.Estimates.HomogeneousComponentTopSubstitution (29s)
✔ [11147/12116] Built OAI.Combinatorics.Progressions.Nilpotent.MissingCoordinateNiltestApproximation (39s)
✔ [11148/12116] Built OAI.Combinatorics.Progressions.Nilpotent.CoordinateNiltestSplitting (41s)
✔ [11149/12116] Built OAI.Combinatorics.Progressions.Geometry.PhysicalSpatialScales (27s)
✔ [11150/12116] Built OAI.Combinatorics.Progressions.Estimates.NormalizedTwistCellSelection (28s)
✔ [11151/12122] Built OAI.Combinatorics.Progressions.Nilpotent.TotalDegreeNiltestSplitting (33s)
✔ [11152/12122] Built OAI.Combinatorics.Progressions.Estimates.PrincipalMixedComparison (27s)
✔ [11153/12122] Built OAI.Combinatorics.Progressions.Estimates.MixedSelectedOneSite (35s)
✔ [11154/12122] Built OAI.Combinatorics.Progressions.Sampling.MixedGridBudget (22s)
✔ [11155/12122] Built OAI.Combinatorics.Progressions.Dynamics.SquareImagePathRecovery (32s)
✔ [11156/12122] Built OAI.Combinatorics.Progressions.Linear.FixedAdaptedSymbolFactorizationBasis (32s)
✔ [11157/12122] Built OAI.Combinatorics.Progressions.Lattices.ResidueAffineProfileLaw (24s)
✔ [11158/12122] Built OAI.Combinatorics.Progressions.Probability.AnisotropicSpatialLaw (36s)
✔ [11159/12122] Built OAI.Combinatorics.Progressions.Geometry.MissingCoordinateErrorAbsorption (41s)
✔ [11160/12122] Built OAI.Combinatorics.Progressions.Geometry.NativeCoordinateErrorReduction (42s)
✔ [11161/12122] Built OAI.Combinatorics.Progressions.Estimates.PhysicalAmbientVolumeRatio (28s)
✔ [11162/12122] Built OAI.Combinatorics.Progressions.Estimates.AllocatedMarkedDictionaryRecovery (135s)
✔ [11163/12122] Built OAI.Combinatorics.Progressions.Estimates.AllocatedNormalizedCoefficientBounds (41s)
✔ [11164/12122] Built OAI.Combinatorics.Progressions.Probability.WeightedSupportedComplexMixture (56s)
✔ [11165/12122] Built OAI.Combinatorics.Progressions.Probability.RelativeSliceParameterCellLaw (55s)
✔ [11166/12122] Built OAI.Combinatorics.Progressions.Geometry.PrincipalSpatialMixedComparison (41s)
✔ [11167/12122] Built OAI.Combinatorics.Progressions.Probability.IndependentEmbeddedMixture (42s)
✔ [11168/12123] Built OAI.Combinatorics.Progressions.Estimates.NativeGlobalErrorSplitting (57s)
✔ [11169/12123] Built OAI.Combinatorics.Progressions.Geometry.ExplicitMixedUniformBox (60s)
✔ [11170/12123] Built OAI.Combinatorics.Progressions.Linear.ShiftedMatrixCountError (37s)
✔ [11171/12123] Built OAI.Combinatorics.Progressions.Estimates.ReindexSymbolFactorization (38s)
✔ [11172/12123] Built OAI.Combinatorics.Progressions.Geometry.AnisotropicSpatialCapBudget (38s)
✔ [11173/12123] Built OAI.Combinatorics.Progressions.Probability.PhysicalDensityNormalization (38s)
✔ [11174/12123] Built OAI.Combinatorics.Progressions.Geometry.SpatialShiftedWindowError (26s)
✔ [11175/12123] Built OAI.Combinatorics.Progressions.Estimates.AnchoredSquareImagePartition (49s)
✔ [11176/12123] Built OAI.Combinatorics.Progressions.Geometry.NativeCoordinateEstimates (46s)
✔ [11177/12123] Built OAI.Combinatorics.Progressions.Geometry.SupportedComplexSelection (27s)
✔ [11178/12123] Built OAI.Combinatorics.Progressions.Geometry.SupportedFiberFiniteMeanError (27s)
✔ [11179/12123] Built OAI.Combinatorics.Progressions.Geometry.SupportedFiberApproximation (27s)
✔ [11180/12123] Built OAI.Combinatorics.Progressions.Nilpotent.NativeRankZeroNiltest (47s)
✔ [11181/12123] Built OAI.Combinatorics.Progressions.Probability.PrincipalMixedMassBound (26s)
✔ [11182/12123] Built OAI.Combinatorics.Progressions.Estimates.DiagramNativeExternalNetMonotone (33s)
✔ [11183/12123] Built OAI.Combinatorics.Progressions.Dynamics.NativeEquivalenceTransferBudget (32s)
✔ [11184/12125] Built OAI.Combinatorics.Progressions.Estimates.PreparedModularProductivityPrecision (28s)
✔ [11185/12125] Built OAI.Combinatorics.Progressions.Linear.AnisotropicGoodKernelComparison (27s)
✔ [11186/12125] Built OAI.Combinatorics.Progressions.Probability.AnisotropicCanonicalDensity (28s)
✔ [11187/12125] Built OAI.Combinatorics.Progressions.Estimates.PositiveFiberMarginal (49s)
✔ [11188/12126] Built OAI.Combinatorics.Progressions.Probability.ConditionalWindowIntegral (25s)
✔ [11189/12126] Built OAI.Combinatorics.Progressions.Geometry.SquareQuotientHeightTransport (34s)
✔ [11190/12126] Built OAI.Combinatorics.Progressions.Nilpotent.CoveredAnchoredSquareNiltests (34s)
✔ [11191/12132] Built OAI.Combinatorics.Progressions.Dynamics.PositiveComparisonDataBudget (25s)
✔ [11192/12132] Built OAI.Combinatorics.Progressions.Geometry.PreparedEarlySpatialWidth (25s)
✔ [11193/12138] Built OAI.Combinatorics.Progressions.Geometry.CanonicalSpatialSupport (25s)
✔ [11194/12138] Built OAI.Combinatorics.Progressions.Dynamics.PreparedCanonicalGeometryBudget (22s)
✔ [11195/12161] Built OAI.Combinatorics.Progressions.Estimates.NativeMultilinearityCorrelation (26s)
✔ [11196/12161] Built OAI.Combinatorics.Progressions.Estimates.AllocatedEnormousProfiles (55s)
✔ [11197/12162] Built OAI.Combinatorics.Progressions.Estimates.SlicedToleranceMonotonicity (27s)
✔ [11198/12162] Built OAI.Combinatorics.Progressions.Estimates.DiagonalSliceBounds (27s)
✔ [11199/12162] Built OAI.Combinatorics.Progressions.Geometry.NativeCoordinatePairs (27s)
✔ [11200/12166] Built OAI.Combinatorics.Progressions.Probability.CanonicalZeroSpatialDensity (28s)
✔ [11201/12166] Built OAI.Combinatorics.Progressions.Fourier.AllocatedPositiveFourierData (29s)
✔ [11202/12166] Built OAI.Combinatorics.Progressions.Lattices.NativeIntegerSelfEquivalence (36s)
✔ [11203/12166] Built OAI.Combinatorics.Progressions.Estimates.PrescribedCoveredInputPartition (69s)
✔ [11204/12166] Built OAI.Combinatorics.Progressions.Probability.PrincipalTestMixture (28s)
✔ [11205/12166] Built OAI.Combinatorics.Progressions.Linear.KernelProductFiber (28s)
✔ [11206/12166] Built OAI.Combinatorics.Progressions.Geometry.AllocatedEnormousProfileSupport (30s)
✔ [11207/12166] Built OAI.Combinatorics.Progressions.Lattices.AffineCubeMinorGoodMass (33s)
✔ [11208/12166] Built OAI.Combinatorics.Progressions.Estimates.JointTupleTolerance (34s)
✔ [11209/12166] Built OAI.Combinatorics.Progressions.Estimates.BiasedSynchronizedSquareFamily (88s)
✔ [11210/12166] Built OAI.Combinatorics.Progressions.Fourier.AllocatedGridSpectrumSize (24s)
✔ [11211/12166] Built OAI.Combinatorics.Progressions.Geometry.PrincipalCoordinatePartition (27s)
✔ [11212/12167] Built OAI.Combinatorics.Progressions.Lattices.RelativeSliceAffineThreeFactorLaw (31s)
✔ [11213/12167] Built OAI.Combinatorics.Progressions.Linear.KernelCoefficientLogBudget (33s)
✔ [11214/12167] Built OAI.Combinatorics.Progressions.Estimates.AllocatedPrincipalSourceScale (31s)
✔ [11215/12167] Built OAI.Combinatorics.Progressions.Estimates.ActiveProfileNoise (33s)
✔ [11216/12167] Built OAI.Combinatorics.Progressions.Lattices.PrincipalJoinedResidues (26s)
✔ [11217/12167] Built OAI.Combinatorics.Progressions.Geometry.CanonicalSpatialSupportTwo (25s)
✔ [11218/12167] Built OAI.Combinatorics.Progressions.Estimates.QuadraticAntisymmetricCorrelation (33s)
✔ [11219/12167] Built OAI.Combinatorics.Progressions.Geometry.MixedCoordinateTransfer (32s)
✔ [11220/12167] Built OAI.Combinatorics.Progressions.Sampling.JointFrozenSamplerLaw (51s)
✔ [11221/12167] Built OAI.Combinatorics.Progressions.Geometry.NativeTernaryCoordinate (30s)
✔ [11222/12167] Built OAI.Combinatorics.Progressions.Geometry.NativeFiniteSumCoordinate (25s)
✔ [11223/12167] Built OAI.Combinatorics.Progressions.Lattices.OriginalKernelResidueRetained (36s)
✔ [11224/12167] Built OAI.Combinatorics.Progressions.Sampling.PrincipalGridMixture (32s)
✔ [11225/12167] Built OAI.Combinatorics.Progressions.Lattices.AffineBooleanCubeComparison (34s)
✔ [11226/12167] Built OAI.Combinatorics.Progressions.Linear.KernelScalarEnvelope (33s)
✔ [11227/12167] Built OAI.Combinatorics.Progressions.Dynamics.CoefficientScaleLogBudget (37s)
✔ [11228/12167] Built OAI.Combinatorics.Progressions.Linear.AllocatedKernelScaleWithCutoff (118s)
✔ [11229/12167] Built OAI.Combinatorics.Progressions.Sampling.DenseSliceGridScale (31s)
✔ [11230/12167] Built OAI.Combinatorics.Progressions.Estimates.BiasedNativeTerminal (56s)
✔ [11231/12167] Built OAI.Combinatorics.Progressions.Polynomial.SlicedProfilePolynomial (37s)
✔ [11232/12167] Built OAI.Combinatorics.Progressions.Sampling.CeilGridScaleRatio (41s)
✔ [11233/12167] Built OAI.Combinatorics.Progressions.Geometry.PartitionedIdealSupport (34s)
✔ [11234/12167] Built OAI.Combinatorics.Progressions.Estimates.PrescribedComplementInputPartition (84s)
✔ [11235/12167] Built OAI.Combinatorics.Progressions.Probability.PartitionedProfileMassComparison (39s)
✔ [11236/12167] Built OAI.Combinatorics.Progressions.Estimates.TensorSquarePairComparison (41s)
✔ [11237/12167] Built OAI.Combinatorics.Progressions.Polynomial.AntisymmetricBoxPolynomial (41s)
✔ [11238/12167] Built OAI.Combinatorics.Progressions.Estimates.AllocatedPartitionedProfileJet (26s)
✔ [11239/12167] Built OAI.Combinatorics.Progressions.Estimates.NativeBinaryAssignments (30s)
✔ [11240/12167] Built OAI.Combinatorics.Progressions.Lattices.JointAffineBooleanSource (32s)
✔ [11241/12170] Built OAI.Combinatorics.Progressions.Geometry.SpatialChoiceEnvelope (52s)
✔ [11242/12170] Built OAI.Combinatorics.Progressions.Dynamics.PartitionedRegularizationBudget (28s)
✔ [11243/12170] Built OAI.Combinatorics.Progressions.Geometry.AllocatedNaturalChartScale (31s)
✔ [11244/12170] Built OAI.Combinatorics.Progressions.Polynomial.BoundedRootDegreeEquivalence (29s)
✔ [11245/12170] Built OAI.Combinatorics.Progressions.Linear.BiasedChosenBasisStepDrop (44s)
✔ [11246/12170] Built OAI.Combinatorics.Progressions.Geometry.MixedReplicatedCoordinates (34s)
✔ [11247/12170] Built OAI.Combinatorics.Progressions.Estimates.AntisymmetricPartitionApproximation (60s)
✔ [11248/12171] Built OAI.Combinatorics.Progressions.Geometry.MixedShiftCoordinate (42s)
✔ [11249/12171] Built OAI.Combinatorics.Progressions.Geometry.MixedEvaluationCoordinates (42s)
✔ [11250/12171] Built OAI.Combinatorics.Progressions.Geometry.FiniteChoiceLeafCoordinates (43s)
✔ [11251/12171] Built OAI.Combinatorics.Progressions.Lattices.JointAffineBooleanTolerance (67s)
✔ [11252/12171] Built OAI.Combinatorics.Progressions.Estimates.DiagonalWrapComparison (73s)
✔ [11253/12173] Built OAI.Combinatorics.Progressions.Lattices.AllocatedIntegerKernelComparison (144s)
✔ [11254/12173] Built OAI.Combinatorics.Progressions.Sampling.ForecastAmbientPrecision (115s)
✔ [11255/12173] Built OAI.Combinatorics.Progressions.Sampling.SamplerParameterLog (131s)
✔ [11256/12173] Built OAI.Combinatorics.Progressions.Estimates.UniformRegularizedProfileComparison (132s)
✔ [11257/12173] Built OAI.Combinatorics.Progressions.Dynamics.FixedPathSlicedSourceErrorScalar (11s)
✔ [11258/12173] Built OAI.Combinatorics.Progressions.Lattices.MixedTranslationAffineInput (98s)
✔ [11259/12173] Built OAI.Combinatorics.Progressions.Sampling.MixedAssignmentSampling (37s)
✔ [11260/12173] Built OAI.Combinatorics.Progressions.Geometry.AntisymmetricBoxPrecision (112s)
✔ [11261/12173] Built OAI.Combinatorics.Progressions.Polynomial.JointAffinePolynomialSource (25s)
✔ [11262/12173] Built OAI.Combinatorics.Progressions.Estimates.AdaptedDiagramNativeExternalNet (126s)
✔ [11263/12173] Built OAI.Combinatorics.Progressions.Estimates.CubicAntisymmetricTransfer (173s)
✔ [11264/12173] Built OAI.Combinatorics.Progressions.Estimates.UnitVerticalCyclicDifference (34s)
✔ [11265/12173] Built OAI.Combinatorics.Progressions.Estimates.UniformProfileRadiusLog (26s)
✔ [11266/12173] Built OAI.Combinatorics.Progressions.Lattices.RegularizedAffineComparison (25s)
✔ [11267/12173] Built OAI.Combinatorics.Progressions.Probability.AllocatedLongJetMixture (52s)
✔ [11268/12173] Built OAI.Combinatorics.Progressions.Estimates.MixedPermutationTensor (30s)
✔ [11269/12173] Built OAI.Combinatorics.Progressions.Estimates.NativeWeightPairRemoval (39s)
✔ [11270/12173] Built OAI.Combinatorics.Progressions.Estimates.RetainedSlicedCoefficientSource (30s)
✔ [11271/12173] Built OAI.Combinatorics.Progressions.Linear.AllocatedFixedKernelReplacement (76s)
✔ [11272/12173] Built OAI.Combinatorics.Progressions.Estimates.NativeMultilinearQuadruples (33s)
✔ [11273/12173] Built OAI.Combinatorics.Progressions.Estimates.UnconditionalStepDrop (62s)
✔ [11274/12173] Built OAI.Combinatorics.Progressions.Geometry.CubicCoordinateSlices (94s)
✔ [11275/12173] Built OAI.Combinatorics.Progressions.Estimates.OriginalDiagonalComparison (92s)
✔ [11276/12173] Built OAI.Combinatorics.Progressions.Estimates.CubicSevenCornerSymmetry (93s)
✔ [11277/12173] Built OAI.Combinatorics.Progressions.Estimates.ControlledRefilteredCyclicExpansion (122s)
✔ [11278/12173] Built OAI.Combinatorics.Progressions.Estimates.AllocatedFrozenTupleGrouping (432s)
✔ [11279/12173] Built OAI.Combinatorics.Progressions.Dynamics.IntervalSplitBudget (41s)
✔ [11280/12173] Built OAI.Combinatorics.Progressions.Linear.RankRelationBudget (41s)
✔ [11281/12173] Built OAI.Combinatorics.Progressions.Polynomial.PositiveDegreeCyclicDifference (120s)
✔ [11282/12173] Built OAI.Combinatorics.Progressions.Estimates.ActiveAveragedProfileComparison (112s)
✔ [11283/12173] Built OAI.Combinatorics.Progressions.Estimates.MixedFixedReduction (47s)
✔ [11284/12173] Built OAI.Combinatorics.Progressions.Dynamics.MixedQuadrupleBudget (21s)
✔ [11285/12173] Built OAI.Combinatorics.Progressions.Estimates.QuarticSurvivorMultilinearization (51s)
✔ [11286/12173] Built OAI.Combinatorics.Progressions.Lattices.NativeRetainedIntegerMultilinearQuadruples (31s)
✔ [11287/12173] Built OAI.Combinatorics.Progressions.Estimates.CubicAnchorExpansion (26s)
✔ [11288/12173] Built OAI.Combinatorics.Progressions.Lattices.PartitionedAffineLogEnvelope (34s)
✔ [11289/12173] Built OAI.Combinatorics.Progressions.Linear.RankUnadaptedFactorization (32s)
✔ [11290/12173] Built OAI.Combinatorics.Progressions.Estimates.AllocatedRefinedLongJetComparison (144s)
✔ [11291/12173] Built OAI.Combinatorics.Progressions.Lattices.ControlledRefilteredResidueExpansion (44s)
✔ [11292/12173] Built OAI.Combinatorics.Progressions.Estimates.NativeFrozenComparison (54s)
✔ [11293/12174] Built OAI.Combinatorics.Progressions.Polynomial.IntervalSplitPolynomialBudget (28s)
✔ [11294/12174] Built OAI.Combinatorics.Progressions.Lattices.NativeIntegerDivision (25s)
✔ [11295/12174] Built OAI.Combinatorics.Progressions.Estimates.NativeIteratedDifferencing (31s)
✔ [11296/12174] Built OAI.Combinatorics.Progressions.Lattices.NativeIntegerThirds (20s)
✔ [11297/12174] Built OAI.Combinatorics.Progressions.Estimates.PhysicalActiveIdealSite (27s)
✔ [11298/12174] Built OAI.Combinatorics.Progressions.Lattices.QuarticIntegerTranslation (25s)
✔ [11299/12177] Built OAI.Combinatorics.Progressions.Estimates.RowRestrictedDeckSiteMask (38s)
✔ [11300/12177] Built OAI.Combinatorics.Progressions.Linear.CubicKernelCorrelation (24s)
✔ [11301/12177] Built OAI.Combinatorics.Progressions.Estimates.FixedTwoShiftBranches (26s)
✔ [11302/12177] Built OAI.Combinatorics.Progressions.Nilpotent.SimultaneousNiltestFactorization (91s)
✔ [11303/12177] Built OAI.Combinatorics.Progressions.Estimates.QuarticAntisymmetricTransfer (32s)
✔ [11304/12177] Built OAI.Combinatorics.Progressions.Estimates.PartitionedSlicedProfileComparison (22s)
✔ [11305/12177] Built OAI.Combinatorics.Progressions.Dynamics.PhysicalIdealCapBudget (23s)
✔ [11306/12177] Built OAI.Combinatorics.Progressions.Geometry.PhysicalActiveProfileRelativeSupport (24s)
✔ [11307/12177] Built OAI.Combinatorics.Progressions.Geometry.IdealSiteBoxRadius (25s)
✔ [11308/12177] Built OAI.Combinatorics.Progressions.Geometry.BufferedActiveIdealSiteSupport (25s)
✔ [11309/12177] Built OAI.Combinatorics.Progressions.Estimates.NativeAbsorbedIntervals (28s)
✔ [11310/12177] Built OAI.Combinatorics.Progressions.Estimates.QuarticDiagonalWrap (26s)
✔ [11311/12179] Built OAI.Combinatorics.Progressions.Lattices.AnchoredIntegerIntervalsPower (21s)
✔ [11312/12179] Built OAI.Combinatorics.Progressions.Estimates.AllocatedCanonicalPeriodPrimitiveBounds (21s)
✔ [11313/12187] Built OAI.Combinatorics.Progressions.Geometry.QuarticCoordinateSlices (26s)
✔ [11314/12189] Built OAI.Combinatorics.Progressions.Estimates.CubicRootPermutation (31s)
✔ [11315/12202] Built OAI.Combinatorics.Progressions.Dynamics.IdealSiteEnvelopeBudget (20s)
✔ [11316/12202] Built OAI.Combinatorics.Progressions.Estimates.ControlledRefilteredRecoveredExpansion (69s)
✔ [11317/12202] Built OAI.Combinatorics.Progressions.Linear.NativeRankPairs (19s)
✔ [11318/12204] Built OAI.Combinatorics.Progressions.Sampling.ForecastFiniteSpatialFamily (11s)
✔ [11319/12204] Built OAI.Combinatorics.Progressions.Geometry.FixedSpatialEmptyCoordinates (22s)
✔ [11320/12205] Built OAI.Combinatorics.Progressions.Estimates.QuarticRootExchange (32s)
✔ [11321/12211] Built OAI.Combinatorics.Progressions.Estimates.ComplexDiagonalVolumeIntegral (21s)
✔ [11322/12211] Built OAI.Combinatorics.Progressions.Nilpotent.CubicPairNiltest (24s)
✔ [11323/12217] Built OAI.Combinatorics.Progressions.Estimates.PhysicalRowsSiteReconstruction (80s)
✔ [11324/12217] Built OAI.Combinatorics.Progressions.Estimates.NativeIntervalWeightPairs (39s)
✔ [11325/12217] Built OAI.Combinatorics.Progressions.Geometry.UniformSumCoordinates (44s)
✔ [11326/12217] Built OAI.Combinatorics.Progressions.Estimates.PositiveShiftRefilteredExpansionSpec (61s)
✔ [11327/12217] Built OAI.Combinatorics.Progressions.Lattices.AffineKernelResidueRetained (48s)
✔ [11328/12223] Built OAI.Combinatorics.Progressions.Polynomial.CubicPairPolynomial (48s)
✔ [11329/12235] Built OAI.Combinatorics.Progressions.Linear.PositivePhysicalProjectionError (97s)
✔ [11330/12245] Built OAI.Combinatorics.Progressions.Estimates.PrescribedPartitionExpansionCore (126s)
✔ [11331/12246] Built OAI.Combinatorics.Progressions.Sampling.ForecastShortGridEquiv (13s)
✔ [11332/12246] Built OAI.Combinatorics.Progressions.Probability.AllocatedActiveAxisSourceLaw (282s)
✔ [11333/12250] Built OAI.Combinatorics.Progressions.Lattices.BoundedPrimeDepthBudget (5.5s)
✔ [11334/12253] Built OAI.Combinatorics.Progressions.Estimates.RationalOutputAxisReindex (94s)
✔ [11335/12260] Built OAI.Combinatorics.Progressions.Geometry.PhysicalSupportedCubes (106s)
✔ [11336/12268] Built OAI.Combinatorics.Progressions.Geometry.ProgressionEndpointUnitBox (21s)
✔ [11337/12272] Built OAI.Combinatorics.Progressions.Linear.NativeRankRelationExistence (101s)
✔ [11338/12291] Built OAI.Combinatorics.Progressions.Estimates.UnitBoundProductDifference (8.4s)
✔ [11339/12298] Built OAI.Combinatorics.Progressions.Linear.FixedKernelDensityProjection (111s)
✔ [11340/12317] Built OAI.Combinatorics.Progressions.Estimates.ScalarBadSublevelRamp (11s)
✔ [11341/12321] Built OAI.Combinatorics.Progressions.Lattices.AffineIntervalNormalizedBounds (11s)
✔ [11342/12324] Built OAI.Combinatorics.Progressions.Fourier.IntegerPolynomialTorusPeriod (7.3s)
✔ [11343/12324] Built OAI.Combinatorics.Progressions.Estimates.LocalMajorSliceSites (19s)
✔ [11344/12325] Built OAI.Combinatorics.Progressions.Lattices.AffineModeratePlateauModel (23s)
✔ [11345/12331] Built OAI.Combinatorics.Progressions.Polynomial.PreparedUniformDegreeTolerance (8.2s)
✔ [11346/12347] Built OAI.Combinatorics.Progressions.Geometry.SortedLayerCoordinateEnumeration (18s)
✔ [11347/12347] Built OAI.Combinatorics.Progressions.Sampling.L1SamplingSurrogate (10s)
✔ [11348/12391] Built OAI.Combinatorics.Progressions.Geometry.PreparedBadProductSpatialBudget (21s)
✔ [11349/12393] Built OAI.Combinatorics.Progressions.Estimates.CanonicalSlicedSourcePositivity (8.7s)
✔ [11350/12407] Built OAI.Combinatorics.Progressions.Lattices.ResidueBoxSliceSubtypeSites (21s)
✔ [11351/12409] Built OAI.Combinatorics.Progressions.Estimates.WeightedPlateauSiteApproximation (27s)
✔ [11352/12409] Built OAI.Combinatorics.Progressions.Linear.RankIntervalFactorization (43s)
✔ [11353/12409] Built OAI.Combinatorics.Progressions.Estimates.PositiveShiftRefilteredExpansion (143s)
✔ [11354/12409] Built OAI.Combinatorics.Progressions.Lattices.SelectedResidueL1Surrogate (18s)
✔ [11355/12409] Built OAI.Combinatorics.Progressions.Geometry.PreparedSpatialWitnessWidth (17s)
✔ [11356/12409] Built OAI.Combinatorics.Progressions.Dynamics.AllocatedMarkedCoveredLowerDiagramBudget (16s)
✔ [11357/12409] Built OAI.Combinatorics.Progressions.Linear.PreparedDeckRankCardinality (18s)
✔ [11358/12409] Built OAI.Combinatorics.Progressions.Estimates.ShiftedProductTestError (49s)
✔ [11359/12409] Built OAI.Combinatorics.Progressions.Dynamics.MarkedRefilteredModelBudget (17s)
✔ [11360/12418] Built OAI.Combinatorics.Progressions.Lattices.AffineModeratePlateauSite (19s)
✔ [11361/12418] Built OAI.Combinatorics.Progressions.Dynamics.NativeMarkedQuotientHeightBudget (17s)
✔ [11362/12418] Built OAI.Combinatorics.Progressions.Lattices.AffineCubePlateauSite (19s)
✔ [11363/12418] Built OAI.Combinatorics.Progressions.Linear.RankSparseFamilies (19s)
✔ [11364/12418] Built OAI.Combinatorics.Progressions.Estimates.UnitProductOrbitFamily (21s)
✔ [11365/12424] Built OAI.Combinatorics.Progressions.Sampling.ForecastResidualExponentialBudget (10s)
✔ [11366/12424] Built OAI.Combinatorics.Progressions.Polynomial.NativeRankPolynomialFactorization (22s)
✔ [11367/12429] Built OAI.Combinatorics.Progressions.Linear.RankProductOrbitCoefficients (20s)
✔ [11368/12430] Built OAI.Combinatorics.Progressions.Probability.CenteredPhysicalProductLaw (18s)
✔ [11369/12431] Built OAI.Combinatorics.Progressions.Sampling.ForecastJacobianBudget (8.7s)
✔ [11370/12433] Built OAI.Combinatorics.Progressions.Lattices.SelectedResidueRefinementMean (22s)
✔ [11371/12433] Built OAI.Combinatorics.Progressions.Dynamics.CanonicalScalarDimensionBudget (6.9s)
✔ [11372/12434] Built OAI.Combinatorics.Progressions.Estimates.Separation (21s)
✔ [11373/12437] Built OAI.Combinatorics.Progressions.Sampling.PrecenterForecastNativePartners (24s)
✔ [11374/12437] Built OAI.Combinatorics.Progressions.Estimates.DisjointPowersetSum (24s)
✔ [11375/12438] Built OAI.Combinatorics.Progressions.Estimates.NativeProductCoefficient (48s)
✔ [11376/12442] Built OAI.Combinatorics.Progressions.Lattices.PhysicalResidueOffsetShift (25s)
✔ [11377/12442] Built OAI.Combinatorics.Progressions.Probability.FiniteProductMass (20s)
✔ [11378/12442] Built OAI.Combinatorics.Progressions.Estimates.FiniteSectionPermutation (22s)
✔ [11379/12442] Built OAI.Combinatorics.Progressions.Linear.BinaryLowerRankFamily (52s)
✔ [11380/12442] Built OAI.Combinatorics.Progressions.Sampling.PrecenterForecastNativeAtomDictionary (21s)
✔ [11381/12442] Built OAI.Combinatorics.Progressions.Probability.AllocatedJointMaskedDensityComparison (42s)
✔ [11382/12442] Built OAI.Combinatorics.Progressions.Linear.RankTwoOrbitTree (21s)
✔ [11383/12442] Built OAI.Combinatorics.Progressions.Linear.RankHorizontalRepresentatives (20s)
✔ [11384/12442] Built OAI.Combinatorics.Progressions.Estimates.ProductMarginalAtomError (17s)
✔ [11385/12442] Built OAI.Combinatorics.Progressions.Fourier.RealLayerHorizontalFrequency (20s)
✔ [11386/12442] Built OAI.Combinatorics.Progressions.Estimates.SubsetAlternatingInversion (16s)
✔ [11387/12442] Built OAI.Combinatorics.Progressions.Lattices.ShiftedResidueSiteComparison (19s)
✔ [11388/12442] Built OAI.Combinatorics.Progressions.Probability.FiniteSectionWeightMass (19s)
✔ [11389/12442] Built OAI.Combinatorics.Progressions.Probability.PositiveDensityNormalization (23s)
✔ [11390/12442] Built OAI.Combinatorics.Progressions.Probability.FinitePointMassLp (19s)
✔ [11391/12442] Built OAI.Combinatorics.Progressions.Estimates.FiniteMixedPermutation (19s)
✔ [11392/12442] Built OAI.Combinatorics.Progressions.Estimates.UnitVerticalDifference (21s)
✔ [11393/12442] Built OAI.Combinatorics.Progressions.Lattices.SelectedResidueMaskedTest (18s)
✔ [11394/12442] Built OAI.Combinatorics.Progressions.Linear.ExternalKernelPrecenterNativePointPartners (19s)
✔ [11395/12442] Built OAI.Combinatorics.Progressions.Lattices.CoveredResidueDensityComparison (45s)
✔ [11396/12442] Built OAI.Combinatorics.Progressions.Lattices.AllocatedSpatialResidueMaskedComparison (23s)
✔ [11397/12442] Built OAI.Combinatorics.Progressions.Linear.AllocatedFixedKernelCover (24s)
✔ [11398/12442] Built OAI.Combinatorics.Progressions.Geometry.SelectedCenteredJointSupport (21s)
✔ [11399/12442] Built OAI.Combinatorics.Progressions.Estimates.AllocatedFixedScaleJointMarginalTransfer (21s)
✔ [11400/12442] Built OAI.Combinatorics.Progressions.Estimates.SelectedJointSiteDomination (29s)
✔ [11401/12442] Built OAI.Combinatorics.Progressions.Geometry.UnconditionedJointReferenceSupport (20s)
✔ [11402/12444] Built OAI.Combinatorics.Progressions.Estimates.AllocatedApproximationError (24s)
✔ [11403/12444] Built OAI.Combinatorics.Progressions.Estimates.MarkedRefilteredLowerNativeDiagram (129s)
✔ [11404/12444] Built OAI.Combinatorics.Progressions.Estimates.FiniteHypergraphAbstract (19s)
✔ [11405/12450] Built OAI.Combinatorics.Progressions.Linear.LowerRankObservableDifference (19s)
✔ [11406/12450] Built OAI.Combinatorics.Progressions.Linear.NativeCoefficientKernel (56s)
✔ [11407/12450] Built OAI.Combinatorics.Progressions.Estimates.FiniteProductCellMean (19s)
✔ [11408/12450] Built OAI.Combinatorics.Progressions.Probability.AllocatedAnisotropicSpatialLaw (28s)
✔ [11409/12450] Built OAI.Combinatorics.Progressions.Linear.ProductANOVAEnergyOrder (19s)
✔ [11410/12450] Built OAI.Combinatorics.Progressions.Probability.AnisotropicSmoothPairLaw (20s)
✔ [11411/12453] Built OAI.Combinatorics.Progressions.Linear.RankNativeCoordinates (18s)
✔ [11412/12453] Built OAI.Combinatorics.Progressions.Estimates.SelectedJointLifts (31s)
✔ [11413/12454] Built OAI.Combinatorics.Progressions.Geometry.CoordinateTreeTrace (5.6s)
✔ [11414/12454] Built OAI.Combinatorics.Progressions.Lattices.CellResidueCorrelation (19s)
✔ [11415/12454] Built OAI.Combinatorics.Progressions.Linear.RankOrbitCoefficientCorrections (21s)
✔ [11416/12455] Built OAI.Combinatorics.Progressions.Linear.RankedCoordinateDecisionTree (6.1s)
✔ [11417/12455] Built OAI.Combinatorics.Progressions.Probability.ObservedDensityTesting (20s)
✔ [11418/12455] Built OAI.Combinatorics.Progressions.Linear.SmoothPairKernel (19s)
✔ [11419/12455] Built OAI.Combinatorics.Progressions.Geometry.CoordinateTreeOutside (8.9s)
✔ [11420/12456] Built OAI.Combinatorics.Progressions.Probability.JointDensityConstantSubtraction (28s)
✔ [11421/12456] Built OAI.Combinatorics.Progressions.Estimates.ProductReferenceFiber (20s)
✔ [11422/12457] Built OAI.Combinatorics.Progressions.Estimates.AllocatedPhysicalLongImage (75s)
✔ [11423/12457] Built OAI.Combinatorics.Progressions.Linear.JointFrameCoefficientCoverSample (28s)
✔ [11424/12457] Built OAI.Combinatorics.Progressions.Probability.AllocatedFixedPositiveDensity (77s)
✔ [11425/12457] Built OAI.Combinatorics.Progressions.Geometry.CoordinateTreeRelabel (5.9s)
✔ [11426/12457] Built OAI.Combinatorics.Progressions.Estimates.UniformRestrictedMean (17s)
✔ [11427/12457] Built OAI.Combinatorics.Progressions.Linear.CommonRankCoefficientCorrections (26s)
✔ [11428/12457] Built OAI.Combinatorics.Progressions.Lattices.AffineResidueCoordinateEquiv (5.0s)
✔ [11429/12457] Built OAI.Combinatorics.Progressions.Estimates.ObservedMarginalTesting (17s)
✔ [11430/12457] Built OAI.Combinatorics.Progressions.Probability.CanonicalPairPointLaw (19s)
✔ [11431/12457] Built OAI.Combinatorics.Progressions.Estimates.AllocatedTrimmedVectorSite (69s)
✔ [11432/12457] Built OAI.Combinatorics.Progressions.Sampling.AllocatedFrozenGridLaw (24s)
✔ [11433/12457] Built OAI.Combinatorics.Progressions.Estimates.CommonUniformCoefficientCorrections (20s)
✔ [11434/12457] Built OAI.Combinatorics.Progressions.Estimates.NativeRoundedGraphEnergy (23s)
✔ [11435/12457] Built OAI.Combinatorics.Progressions.Sampling.SmoothPairPhysicalGrid (20s)
✔ [11436/12457] Built OAI.Combinatorics.Progressions.Linear.AllocatedKernelSlowBudget (24s)
✔ [11437/12457] Built OAI.Combinatorics.Progressions.Geometry.CenteredCoefficientDeckChartMeasurable (39s)
✔ [11438/12459] Built OAI.Combinatorics.Progressions.Sampling.AllocatedWeightedGridMixture (57s)
✔ [11439/12459] Built OAI.Combinatorics.Progressions.Fourier.AllocatedJetFourierData (53s)
✔ [11440/12459] Built OAI.Combinatorics.Progressions.Linear.AllocatedFixedDensityProjection (35s)
✔ [11441/12459] Built OAI.Combinatorics.Progressions.Geometry.AllocatedPhysicalChartBounds (33s)
✔ [11442/12459] Built OAI.Combinatorics.Progressions.Probability.AllocatedNarrowSpatialLaw (31s)
✔ [11443/12459] Built OAI.Combinatorics.Progressions.Lattices.AllocatedTrimmedResidueTest (33s)
✔ [11444/12464] Built OAI.Combinatorics.Progressions.Geometry.CommonNativeCoordinateCorrections (24s)
✔ [11445/12464] Built OAI.Combinatorics.Progressions.Probability.FixedSpatialDensityBudget (20s)
✔ [11446/12464] Built OAI.Combinatorics.Progressions.Lattices.AllocatedWholeResidueShift (49s)
✔ [11447/12465] Built OAI.Combinatorics.Progressions.Estimates.SmoothPairErrorLogBounds (25s)
✔ [11448/12466] Built OAI.Combinatorics.Progressions.Estimates.NativeGraphSmallDifference (38s)
✔ [11449/12466] Built OAI.Combinatorics.Progressions.Probability.AllocatedFrozenJetDensity (57s)
✔ [11450/12466] Built OAI.Combinatorics.Progressions.Estimates.RetainedRefiltering (34s)
✔ [11451/12472] Built OAI.Combinatorics.Progressions.Estimates.ControlledSingleRefilteredReconstruction (42s)
✔ [11452/12472] Built OAI.Combinatorics.Progressions.Estimates.BoundedNativeDependentApproximations (39s)
✔ [11453/12473] Built OAI.Combinatorics.Progressions.Estimates.AuxiliaryCellMeans (29s)
✔ [11454/12473] Built OAI.Combinatorics.Progressions.Geometry.BoxPairCorrelation (26s)
✔ [11455/12473] Built OAI.Combinatorics.Progressions.Probability.AllocatedWholeDeckLaw (42s)
✔ [11456/12473] Built OAI.Combinatorics.Progressions.Estimates.TranslatedStabilityStep (27s)
✔ [11457/12473] Built OAI.Combinatorics.Progressions.Estimates.AllocatedFrozenBlockPMF (26s)
✔ [11458/12474] Built OAI.Combinatorics.Progressions.Estimates.DescentPartitionLengths (23s)
✔ [11459/12474] Built OAI.Combinatorics.Progressions.Estimates.AllocatedReferenceWindowTest (78s)
✔ [11460/12478] Built OAI.Combinatorics.Progressions.Lattices.FixedAffineResidueDescent (38s)
✔ [11461/12478] Built OAI.Combinatorics.Progressions.Polynomial.NativeDegreePowerBound (25s)
✔ [11462/12482] Built OAI.Combinatorics.Progressions.Linear.CommonRealDependentProjection (25s)
✔ [11463/12482] Built OAI.Combinatorics.Progressions.Linear.EpochEventRank (19s)
✔ [11464/12482] Built OAI.Combinatorics.Progressions.Lattices.AllocatedResidueInterpolationMixture (121s)
✔ [11465/12484] Built OAI.Combinatorics.Progressions.Sampling.CoveredSamplerGlobalDensity (71s)
✔ [11466/12484] Built OAI.Combinatorics.Progressions.Lattices.HalfResidueDescent (38s)
✔ [11467/12484] Built OAI.Combinatorics.Progressions.Estimates.CommonFreeSunflower (39s)
✔ [11468/12484] Built OAI.Combinatorics.Progressions.Geometry.AllocatedSpatialProxyCap (49s)
✔ [11469/12485] Built OAI.Combinatorics.Progressions.Dynamics.EpochPhysicalRebase (44s)
✔ [11470/12485] Built OAI.Combinatorics.Progressions.Lattices.RetainedLatticeNormalization (107s)
✔ [11471/12485] Built OAI.Combinatorics.Progressions.Estimates.NativeDependentRepresentativeFamily (50s)
✔ [11472/12485] Built OAI.Combinatorics.Progressions.Probability.AllocatedPhysicalCoveredDensity (48s)
✔ [11473/12485] Built OAI.Combinatorics.Progressions.Probability.ContainedSupportedProgressionJetLaw (71s)
✔ [11474/12485] Built OAI.Combinatorics.Progressions.Probability.PrincipalSupportedUnitBlockLaw (55s)
✔ [11475/12485] Built OAI.Combinatorics.Progressions.Geometry.GeometricSpectralBudgets (40s)
✔ [11476/12485] Built OAI.Combinatorics.Progressions.Fourier.AllocatedSupportedResidueSpectrum (66s)
✔ [11477/12485] Built OAI.Combinatorics.Progressions.Linear.CommonFreeSpanBounds (41s)
✔ [11478/12485] Built OAI.Combinatorics.Progressions.Estimates.AllocatedCoveredFixedTest (126s)
✔ [11479/12485] Built OAI.Combinatorics.Progressions.Linear.SpatialFrameSlopeBudget (19s)
✔ [11480/12485] Built OAI.Combinatorics.Progressions.Linear.CommonCoefficientBasisBudget (21s)
✔ [11481/12485] Built OAI.Combinatorics.Progressions.Lattices.ResidueEventOrDescent (47s)
✔ [11482/12485] Built OAI.Combinatorics.Progressions.Estimates.PhysicalOrbitRecovery (20s)
✔ [11483/12485] Built OAI.Combinatorics.Progressions.Polynomial.CommonAnchorPolynomialCorrections (28s)
✔ [11484/12485] Built OAI.Combinatorics.Progressions.Lattices.AllocatedSupportedSlicedResidueJet (31s)
✔ [11485/12485] Built OAI.Combinatorics.Progressions.Polynomial.RetainedPhysicalLowerDegree (35s)
✔ [11486/12489] Built OAI.Combinatorics.Progressions.Linear.ContainedSupportedProgressionKernels (25s)
✔ [11487/12489] Built OAI.Combinatorics.Progressions.Estimates.MixedCoveredSiteExtraction (42s)
✔ [11488/12489] Built OAI.Combinatorics.Progressions.Estimates.AllocatedReferenceJetWindow (52s)
✔ [11489/12489] Built OAI.Combinatorics.Progressions.Estimates.AllocatedNarrowReferenceTest (62s)
✔ [11490/12489] Built OAI.Combinatorics.Progressions.Sampling.ForecastInactiveFiberLaw (18s)
✔ [11491/12492] Built OAI.Combinatorics.Progressions.Dynamics.NormalizedCoreBudget (17s)
✔ [11492/12492] Built OAI.Combinatorics.Progressions.Sampling.AllocatedGridFamilyAccuracy (22s)
✔ [11493/12492] Built OAI.Combinatorics.Progressions.Lattices.AllocatedInactiveResidueScale (34s)
✔ [11494/12492] Built OAI.Combinatorics.Progressions.Geometry.NarrowSpatialSiteVariation (30s)
✔ [11495/12492] Built OAI.Combinatorics.Progressions.Estimates.CommonDependentWordLayers (37s)
✔ [11496/12492] Built OAI.Combinatorics.Progressions.Lattices.AllocatedActiveResiduePointMass (42s)
✔ [11497/12492] Built OAI.Combinatorics.Progressions.Sampling.AllocatedNaturalGridPoint (43s)
✔ [11498/12492] Built OAI.Combinatorics.Progressions.Estimates.CoveredQuotientCorrelation (43s)
✔ [11499/12493] Built OAI.Combinatorics.Progressions.Estimates.AdaptedAnchoredComparison (38s)
✔ [11500/12493] Built OAI.Combinatorics.Progressions.Estimates.EvenMomentChoice (35s)
✔ [11501/12493] Built OAI.Combinatorics.Progressions.Geometry.FiniteRowChartRadiusBudget (38s)
✔ [11502/12493] Built OAI.Combinatorics.Progressions.Lattices.PhysicalSpatialResidueSupport (46s)
✔ [11503/12493] Built OAI.Combinatorics.Progressions.Lattices.RetainedAffineResidueEpoch (60s)
✔ [11504/12493] Built OAI.Combinatorics.Progressions.Estimates.NativeCoveredCommonFactorization (83s)
✔ [11505/12493] Built OAI.Combinatorics.Progressions.Lattices.ContainedFullIntervalResidueIdentity (149s)
✔ [11506/12493] Built OAI.Combinatorics.Progressions.Probability.AllocatedReferenceJetMass (70s)
✔ [11507/12493] Built OAI.Combinatorics.Progressions.Geometry.CoordinateTreeBatch (5.9s)
✔ [11508/12493] Built OAI.Combinatorics.Progressions.Sampling.ForecastInactiveFixedPath (42s)
✔ [11509/12493] Built OAI.Combinatorics.Progressions.Geometry.AllocatedSupportedSlicedInactiveSource (26s)
✔ [11510/12493] Built OAI.Combinatorics.Progressions.Sampling.ForecastInactiveSlicedFixedPath (61s)
✔ [11511/12493] Built OAI.Combinatorics.Progressions.Fourier.AllocatedInactiveGridSpectrum (49s)
✔ [11512/12493] Built OAI.Combinatorics.Progressions.Geometry.AllocatedSupportedPointBudget (33s)
✔ [11513/12493] Built OAI.Combinatorics.Progressions.Polynomial.AffineDegreeChoice (19s)
✔ [11514/12493] Built OAI.Combinatorics.Progressions.Estimates.PhysicalCubeWindowReindex (20s)
✔ [11515/12493] Built OAI.Combinatorics.Progressions.Polynomial.ResidueDegreeZero (21s)
✔ [11516/12493] Built OAI.Combinatorics.Progressions.Geometry.PhysicalNormalizedSpatialFactor (21s)
✔ [11517/12493] Built OAI.Combinatorics.Progressions.Estimates.NativeSubspaceFreeModel (40s)
✔ [11518/12493] Built OAI.Combinatorics.Progressions.Polynomial.PolynomialOrbitLogSum (18s)
✔ [11519/12493] Built OAI.Combinatorics.Progressions.Dynamics.RetainedEpochRefinement (24s)
✔ [11520/12493] Built OAI.Combinatorics.Progressions.Estimates.AnisotropicTupleErrorChoice (22s)
✔ [11521/12493] Built OAI.Combinatorics.Progressions.Estimates.PhysicalJetIntegralComparison (25s)
✔ [11522/12493] Built OAI.Combinatorics.Progressions.Geometry.CoefficientSquareSpatialBudget (21s)
✔ [11523/12493] Built OAI.Combinatorics.Progressions.Lattices.AffinePrimitiveLogBudget (18s)
✔ [11524/12494] Built OAI.Combinatorics.Progressions.Probability.AllocatedPlateauPointMixture (79s)
✔ [11525/12494] Built OAI.Combinatorics.Progressions.Lattices.PhysicalResidueWindowSiteMask (25s)
✔ [11526/12494] Built OAI.Combinatorics.Progressions.Probability.AllocatedPhysicalPointMixture (42s)
✔ [11527/12494] Built OAI.Combinatorics.Progressions.Probability.ContainedProgressionJetSourceLaw (65s)
✔ [11528/12494] Built OAI.Combinatorics.Progressions.Estimates.SiteTwistCommonModulus (59s)
✔ [11529/12500] Built OAI.Combinatorics.Progressions.Polynomial.NativeFreePolynomialLifts (56s)
✔ [11530/12500] Built OAI.Combinatorics.Progressions.Dynamics.PhysicalEpochComparison (66s)
✔ [11531/12500] Built OAI.Combinatorics.Progressions.Dynamics.AnisotropicTupleChoiceBudget (46s)
✔ [11532/12500] Built OAI.Combinatorics.Progressions.Estimates.PhysicalL1SourceAccuracy (43s)
✔ [11533/12500] Built OAI.Combinatorics.Progressions.Estimates.AllocatedEarlyGenuineError (31s)
✔ [11534/12500] Built OAI.Combinatorics.Progressions.Lattices.FixedAffineEpochTransition (54s)
✔ [11535/12500] Built OAI.Combinatorics.Progressions.Estimates.RegularCylinderDecomposition (19s)
✔ [11536/12502] Built OAI.Combinatorics.Progressions.Estimates.ObservedSourceEquivalence (24s)
✔ [11537/12502] Built OAI.Combinatorics.Progressions.Dynamics.ScalarSiteCeilScaleBudget (25s)
✔ [11538/12502] Built OAI.Combinatorics.Progressions.Dynamics.AllocatedBudgetedPlateau (35s)
✔ [11539/12502] Built OAI.Combinatorics.Progressions.Geometry.SupportCutoffSplit (37s)
✔ [11540/12502] Built OAI.Combinatorics.Progressions.Estimates.FreeCoefficientCorrectionControl (46s)
✔ [11541/12503] Built OAI.Combinatorics.Progressions.Geometry.PrincipalCubeSupportedCell (160s)
✔ [11542/12503] Built OAI.Combinatorics.Progressions.Lattices.AllocatedSupportedSlicedResidueGrid (75s)
✔ [11543/12503] Built OAI.Combinatorics.Progressions.Dynamics.AnchoredEpochVisit (24s)
✔ [11544/12503] Built OAI.Combinatorics.Progressions.Dynamics.ControlledAdaptedEpochChild (26s)
✔ [11545/12503] Built OAI.Combinatorics.Progressions.Estimates.PhysicalChildComparison (51s)
✔ [11546/12503] Built OAI.Combinatorics.Progressions.Dynamics.RetainedEpochTransition (53s)
✔ [11547/12503] Built OAI.Combinatorics.Progressions.Estimates.BoundedAnisotropicTupleChoices (56s)
✔ [11548/12503] Built OAI.Combinatorics.Progressions.Geometry.ProductEquivTransport (20s)
✔ [11549/12504] Built OAI.Combinatorics.Progressions.Estimates.FiniteLowLevelSeries (10s)
✔ [11550/12504] Built OAI.Combinatorics.Progressions.Probability.ProductDensityRepresentative (17s)
✔ [11551/12504] Built OAI.Combinatorics.Progressions.Estimates.NativeSharedFreeFamily (98s)
✔ [11552/12513] Built OAI.Combinatorics.Progressions.Estimates.PartialProductDifference (11s)
✔ [11553/12513] Built OAI.Combinatorics.Progressions.Probability.CylinderJointMass (26s)
✔ [11554/12515] Built OAI.Combinatorics.Progressions.Linear.UniformPhysicalFrameConstruction (34s)
✔ [11555/12515] Built OAI.Combinatorics.Progressions.Fourier.AllocatedSupportedSlicedInactiveSpectrum (47s)
✔ [11556/12516] Built OAI.Combinatorics.Progressions.Linear.ProductKernelPairing (18s)
✔ [11557/12516] Built OAI.Combinatorics.Progressions.Geometry.AllocatedSupportedSlicedPoint (53s)
✔ [11558/12516] Built OAI.Combinatorics.Progressions.Estimates.CorePairingSplit (17s)
✔ [11559/12516] Built OAI.Combinatorics.Progressions.Linear.NativeSharedFreeRankRelation (34s)
✔ [11560/12516] Built OAI.Combinatorics.Progressions.Geometry.AtomSupportBounds (16s)
✔ [11561/12517] Built OAI.Combinatorics.Progressions.Lattices.AllocatedSupportedSlicedResidue (72s)
✔ [11562/12517] Built OAI.Combinatorics.Progressions.Estimates.ApproxMomentEnvelope (18s)
✔ [11563/12517] Built OAI.Combinatorics.Progressions.Dynamics.ScheduledPhysicalEpochStack (19s)
✔ [11564/12517] Built OAI.Combinatorics.Progressions.Probability.ProductMixedLaws (18s)
✔ [11565/12517] Built OAI.Combinatorics.Progressions.Estimates.UniformPhysicalVisitBounds (26s)
✔ [11566/12517] Built OAI.Combinatorics.Progressions.Estimates.ApproxMomentCutoff (18s)
✔ [11567/12518] Built OAI.Combinatorics.Progressions.Estimates.ConditioningShellError (17s)
✔ [11568/12518] Built OAI.Combinatorics.Progressions.Estimates.AllocatedPlateauSiteApproximation (102s)
✔ [11569/12518] Built OAI.Combinatorics.Progressions.Estimates.FiniteWeightedConjugate (18s)
✔ [11570/12519] Built OAI.Combinatorics.Progressions.Geometry.ContainedSupportedProgressionReference (19s)
✔ [11571/12519] Built OAI.Combinatorics.Progressions.Estimates.FreeCorrelationRelationRefinement (30s)
✔ [11572/12520] Built OAI.Combinatorics.Progressions.Dynamics.ApproxMomentBudget (17s)
✔ [11573/12520] Built OAI.Combinatorics.Progressions.Linear.KernelSupportContraction (18s)
✔ [11574/12520] Built OAI.Combinatorics.Progressions.Linear.UniformControlledFrameVisit (19s)
✔ [11575/12520] Built OAI.Combinatorics.Progressions.Estimates.FiniteEvenMomentTransfer (18s)
✔ [11576/12520] Built OAI.Combinatorics.Progressions.Lattices.PrimeCoordinateCells (21s)
✔ [11577/12522] Built OAI.Combinatorics.Progressions.Estimates.FiniteNoSingletonRows (17s)
✔ [11578/12522] Built OAI.Combinatorics.Progressions.Fourier.CommonDependentWordFrequency (18s)
✔ [11579/12523] Built OAI.Combinatorics.Progressions.Linear.RealCoefficientKernel (20s)
✔ [11580/12523] Built OAI.Combinatorics.Progressions.Estimates.FiniteSectionCountBounds (17s)
✔ [11581/12523] Built OAI.Combinatorics.Progressions.Geometry.SupportPairingAggregation (17s)
✔ [11582/12524] Built OAI.Combinatorics.Progressions.Geometry.AllocatedSupportedSlicedInactiveFixedCap (77s)
✔ [11583/12524] Built OAI.Combinatorics.Progressions.Estimates.PhysicalStabilityParameters (20s)
✔ [11584/12526] Built OAI.Combinatorics.Progressions.Probability.FiniteProductPointMass (16s)
✔ [11585/12526] Built OAI.Combinatorics.Progressions.Geometry.ProductTupleSupport (19s)
✔ [11586/12526] Built OAI.Combinatorics.Progressions.Estimates.CommonDependentIntegralModel (25s)
✔ [11587/12527] Built OAI.Combinatorics.Progressions.Probability.AllocatedProgressionDensityIdentity (168s)
✔ [11588/12527] Built OAI.Combinatorics.Progressions.Linear.KernelCoreComparison (21s)
✔ [11589/12528] Built OAI.Combinatorics.Progressions.Estimates.ProductDependsOnMix (20s)
✔ [11590/12534] Built OAI.Combinatorics.Progressions.Dynamics.BudgetedPhysicalStackPeriods (20s)
✔ [11591/12535] Built OAI.Combinatorics.Progressions.Estimates.CommonCoefficientFourAnnihilators (31s)
✔ [11592/12535] Built OAI.Combinatorics.Progressions.Estimates.FiniteSectionOrderedFree (18s)
✔ [11593/12535] Built OAI.Combinatorics.Progressions.Estimates.FiniteEqualityPatternCard (18s)
✔ [11594/12536] Built OAI.Combinatorics.Progressions.Estimates.FiniteOrderedSubsetSum (19s)
✔ [11595/12536] Built OAI.Combinatorics.Progressions.Polynomial.MarkedPolynomialGenerators (24s)
✔ [11596/12536] Built OAI.Combinatorics.Progressions.Lattices.AffineSampleAlphabet (24s)
✔ [11597/12536] Built OAI.Combinatorics.Progressions.Estimates.FiniteSectionVanishing (18s)
✔ [11598/12536] Built OAI.Combinatorics.Progressions.Geometry.AllocatedSupportedSiteApproximation (85s)
✔ [11599/12538] Built OAI.Combinatorics.Progressions.Estimates.CoefficientDeckMaskedIntegral (23s)
✔ [11600/12540] Built OAI.Combinatorics.Progressions.Linear.RealFourAnnihilatorKernel (18s)
✔ [11601/12540] Built OAI.Combinatorics.Progressions.Dynamics.SharedRefinementBudget (18s)
✔ [11602/12541] Built OAI.Combinatorics.Progressions.Linear.ANOVABootstrapInequality (17s)
✔ [11603/12541] Built OAI.Combinatorics.Progressions.Linear.FiniteKernelSumBound (18s)
✔ [11604/12541] Built OAI.Combinatorics.Progressions.Linear.ApproxANOVAMomentScale (19s)
✔ [11605/12543] Built OAI.Combinatorics.Progressions.Linear.ProductANOVATensorChoices (19s)
✔ [11606/12550] Built OAI.Combinatorics.Progressions.Lattices.PrimeStabilityTree (22s)
✔ [11607/12554] Built OAI.Combinatorics.Progressions.Estimates.ObservedTruncationResidual (19s)
✔ [11608/12554] Built OAI.Combinatorics.Progressions.Estimates.RealAnnihilatorCorrections (21s)
✔ [11609/12555] Built OAI.Combinatorics.Progressions.Geometry.ProductMarginalSupport (20s)
✔ [11610/12555] Built OAI.Combinatorics.Progressions.Linear.ProductANOVAWeightedEnergy (20s)
✔ [11611/12558] Built OAI.Combinatorics.Progressions.Estimates.MarkedShiftGeneratorBounds (39s)
✔ [11612/12558] Built OAI.Combinatorics.Progressions.Estimates.ProductFamilyMomentComparison (19s)
✔ [11613/12558] Built OAI.Combinatorics.Progressions.Estimates.ProductTensorGroupedBound (19s)
✔ [11614/12558] Built OAI.Combinatorics.Progressions.Probability.FiniteDensityConjugate (17s)
✔ [11615/12558] Built OAI.Combinatorics.Progressions.Linear.PhysicalBoxKernel (19s)
✔ [11616/12558] Built OAI.Combinatorics.Progressions.Probability.CylinderUniformMass (18s)
✔ [11617/12560] Built OAI.Combinatorics.Progressions.Polynomial.PrimeStabilityPolynomialBudget (23s)
✔ [11618/12560] Built OAI.Combinatorics.Progressions.Linear.RealFourBalancedDual (21s)
✔ [11619/12560] Built OAI.Combinatorics.Progressions.Polynomial.CommonDependentPolynomialIntersections (22s)
✔ [11620/12565] Built OAI.Combinatorics.Progressions.Fourier.MarkedRealFrequencyCompatibility (23s)
✔ [11621/12565] Built OAI.Combinatorics.Progressions.Polynomial.MarkedPolynomialFunctionalBounds (20s)
✔ [11622/12565] Built OAI.Combinatorics.Progressions.Estimates.WeightedListError (10s)
✔ [11623/12565] Built OAI.Combinatorics.Progressions.Linear.ProductANOVAWeightedLp (19s)
✔ [11624/12565] Built OAI.Combinatorics.Progressions.Linear.ProductANOVASectionNormalizedBound (19s)
✔ [11625/12566] Built OAI.Combinatorics.Progressions.Polynomial.NormalizedMarkedPhase (25s)
✔ [11626/12566] Built OAI.Combinatorics.Progressions.Fourier.CommonShiftQuotientFrequency (21s)
✔ [11627/12567] Built OAI.Combinatorics.Progressions.Probability.ProductEmbeddingConditional (18s)
✔ [11628/12567] Built OAI.Combinatorics.Progressions.Lattices.CoprimeResiduePhysicalStability (24s)
✔ [11629/12567] Built OAI.Combinatorics.Progressions.Sampling.ForecastInactiveFixedSupport (88s)
✔ [11630/12569] Built OAI.Combinatorics.Progressions.Dynamics.DependentShellBudget (19s)
✔ [11631/12569] Built OAI.Combinatorics.Progressions.Estimates.ProductTensorSectionPointwise (20s)
✔ [11632/12569] Built OAI.Combinatorics.Progressions.Estimates.ObservedUnitTruncation (24s)
✔ [11633/12569] Built OAI.Combinatorics.Progressions.Estimates.RetainedShellComparison (16s)
✔ [11634/12569] Built OAI.Combinatorics.Progressions.Dynamics.ReferenceMeanBudget (20s)
✔ [11635/12570] Built OAI.Combinatorics.Progressions.Linear.ProductEmbeddingANOVA (20s)
✔ [11636/12570] Built OAI.Combinatorics.Progressions.Estimates.SharedFreeRoundingThreshold (49s)
✔ [11637/12570] Built OAI.Combinatorics.Progressions.Linear.ProductANOVALpBound (21s)
✔ [11638/12575] Built OAI.Combinatorics.Progressions.Linear.FiniteMarginalProjection (21s)
✔ [11639/12575] Built OAI.Combinatorics.Progressions.Estimates.MarkedPureEvaluation (61s)
✔ [11640/12575] Built OAI.Combinatorics.Progressions.Sampling.AllocatedActiveGridPlateau (42s)
✔ [11641/12577] Built OAI.Combinatorics.Progressions.Sampling.AllocatedGridNaturalWindow (48s)
✔ [11642/12577] Built OAI.Combinatorics.Progressions.Estimates.ScaledConditionedComparison (25s)
✔ [11643/12577] Built OAI.Combinatorics.Progressions.Linear.SharedFreeComparisonBasis (25s)
✔ [11644/12578] Built OAI.Combinatorics.Progressions.Estimates.ProductTensorNormalizedUniform (19s)
✔ [11645/12578] Built OAI.Combinatorics.Progressions.Sampling.AllocatedProbabilityGrid (69s)
✔ [11646/12578] Built OAI.Combinatorics.Progressions.Dynamics.SharedFreeRecoveryBudget (25s)
✔ [11647/12578] Built OAI.Combinatorics.Progressions.Lattices.NormalizedMarkedLattice (23s)
✔ [11648/12578] Built OAI.Combinatorics.Progressions.Estimates.AllocatedInactivePointCap (77s)
✔ [11649/12578] Built OAI.Combinatorics.Progressions.Probability.DensityNormalizationScales (9.0s)
✔ [11650/12591] Built OAI.Combinatorics.Progressions.Estimates.AllocatedEarlyWindowVolume (20s)
✔ [11651/12591] Built OAI.Combinatorics.Progressions.Linear.MarkedProjectionBounds (26s)
✔ [11652/12591] Built OAI.Combinatorics.Progressions.Probability.CouplingOneSidedTruncation (17s)
✔ [11653/12591] Built OAI.Combinatorics.Progressions.Polynomial.FiniteMarginalLowDegree (24s)
✔ [11654/12594] Built OAI.Combinatorics.Progressions.Probability.AllocatedWindowProbability (26s)
✔ [11655/12594] Built OAI.Combinatorics.Progressions.Linear.KernelCylinderTotal (26s)
✔ [11656/12594] Built OAI.Combinatorics.Progressions.Geometry.MarkedDirectionCoordinates (25s)
✔ [11657/12594] Built OAI.Combinatorics.Progressions.Fourier.StandardJetFourier (42s)
✔ [11658/12594] Built OAI.Combinatorics.Progressions.Geometry.AllocatedInactiveSupport (41s)
✔ [11659/12594] Built OAI.Combinatorics.Progressions.Estimates.CylinderUniformSections (21s)
✔ [11660/12594] Built OAI.Combinatorics.Progressions.Fourier.MarkedQuotientFrequencyBounds (27s)
✔ [11661/12594] Built OAI.Combinatorics.Progressions.Estimates.NormalizedSiteSections (21s)
✔ [11662/12594] Built OAI.Combinatorics.Progressions.Lattices.ResiduePrimeDensityError (30s)
✔ [11663/12594] Built OAI.Combinatorics.Progressions.Linear.CanonicalJointFrameGeometry (40s)
✔ [11664/12594] Built OAI.Combinatorics.Progressions.Estimates.AmbientBooleanReconstruction (50s)
✔ [11665/12594] Built OAI.Combinatorics.Progressions.Lattices.MarkedDirectionLatticeScale (53s)
✔ [11666/12594] Built OAI.Combinatorics.Progressions.Estimates.CommonMarkedMultidegree (62s)
✔ [11667/12594] Built OAI.Combinatorics.Progressions.Sampling.AllocatedSupportedSlicedInactiveGridSite (200s)
✔ [11668/12594] Built OAI.Combinatorics.Progressions.Linear.CoefficientJointAmbientKernelChart (76s)
✔ [11669/12601] Built OAI.Combinatorics.Progressions.Estimates.PhysicalSingleSiteAmbient (65s)
✔ [11670/12601] Built OAI.Combinatorics.Progressions.Estimates.CoveredJetAmbientLift (82s)
✔ [11671/12601] Built OAI.Combinatorics.Progressions.Polynomial.CappedSectionLowDegree (49s)
✔ [11672/12601] Built OAI.Combinatorics.Progressions.Estimates.MarkedEvaluationJointBounds (80s)
✔ [11673/12601] Built OAI.Combinatorics.Progressions.Geometry.IndexedComparableScalarParameterBox (49s)
✔ [11674/12601] Built OAI.Combinatorics.Progressions.Lattices.ResidueSliceUpperFailure (67s)
✔ [11675/12601] Built OAI.Combinatorics.Progressions.Estimates.AllocatedInactiveNaturalShort (89s)
✔ [11676/12605] Built OAI.Combinatorics.Progressions.Lattices.SharedFreeAffineBudget (191s)
✔ [11677/12605] Built OAI.Combinatorics.Progressions.Geometry.CanonicalScalarParameterBox (52s)
✔ [11678/12605] Built OAI.Combinatorics.Progressions.Geometry.PhysicalFactorCoordinates (18s)
✔ [11679/12605] Built OAI.Combinatorics.Progressions.Linear.PhysicalSiteProjection (27s)
✔ [11680/12605] Built OAI.Combinatorics.Progressions.Lattices.IntegerBoxCutoffLogBounds (24s)
✔ [11681/12605] Built OAI.Combinatorics.Progressions.Lattices.MarkedShiftLattice (23s)
✔ [11682/12605] Built OAI.Combinatorics.Progressions.Lattices.RealMarkedAffineShift (67s)
✔ [11683/12607] Built OAI.Combinatorics.Progressions.Lattices.StablePrimeUpperComparison (19s)
✔ [11684/12607] Built OAI.Combinatorics.Progressions.Dynamics.MarkedEvaluationHeightBudget (23s)
✔ [11685/12607] Built OAI.Combinatorics.Progressions.Lattices.BoundedPrimeResidual (22s)
✔ [11686/12607] Built OAI.Combinatorics.Progressions.Sampling.AllocatedSupportedSlicedGridMarginal (58s)
✔ [11687/12607] Built OAI.Combinatorics.Progressions.Lattices.NativeProperAffineRecovery (25s)
✔ [11688/12607] Built OAI.Combinatorics.Progressions.Linear.SharedFreeCommonProjection (29s)
✔ [11689/12607] Built OAI.Combinatorics.Progressions.Polynomial.MeasureDegreeZeroTwistTransfer (22s)
✔ [11690/12607] Built OAI.Combinatorics.Progressions.Geometry.PhysicalRowChartMatching (26s)
✔ [11691/12607] Built OAI.Combinatorics.Progressions.Estimates.StableReferenceMean (19s)
✔ [11692/12607] Built OAI.Combinatorics.Progressions.Nilpotent.PolynomialPotentialBCHHom (17s)
✔ [11693/12607] Built OAI.Combinatorics.Progressions.Estimates.PhysicalCellResidual (20s)
✔ [11694/12607] Built OAI.Combinatorics.Progressions.Fourier.ForecastInactiveFixedSpectrum (54s)
✔ [11695/12607] Built OAI.Combinatorics.Progressions.Geometry.SmallDifferenceGraphCoordinates (22s)
✔ [11696/12607] Built OAI.Combinatorics.Progressions.Estimates.NativeRoundedCyclicModel (28s)
✔ [11697/12607] Built OAI.Combinatorics.Progressions.Polynomial.DegreewiseProperAffineRecovery (24s)
✔ [11698/12607] Built OAI.Combinatorics.Progressions.Fourier.CommonMarkedFrequencyModel (35s)
✔ [11699/12607] Built OAI.Combinatorics.Progressions.Lattices.AffineRefinedCoefficients (19s)
✔ [11700/12607] Built OAI.Combinatorics.Progressions.Dynamics.NormalizedNativeUniformBudget (19s)
✔ [11701/12607] Built OAI.Combinatorics.Progressions.Fourier.SharedFreeFactorizationFrequency (30s)
✔ [11702/12607] Built OAI.Combinatorics.Progressions.Estimates.NormalizedTwistNativeMembership (19s)
✔ [11703/12608] Built OAI.Combinatorics.Progressions.Estimates.NormalizedNativeFamilyMonotone (18s)
✔ [11704/12608] Built OAI.Combinatorics.Progressions.Estimates.NormalizedTwistNativeApproximation (18s)
✔ [11705/12608] Built OAI.Combinatorics.Progressions.Geometry.NormalizedTwistSpatialPartition (18s)
✔ [11706/12608] Built OAI.Combinatorics.Progressions.Dynamics.GradedTranslationPotential (17s)
✔ [11707/12608] Built OAI.Combinatorics.Progressions.Geometry.PhysicalBoxControl (18s)
✔ [11708/12608] Built OAI.Combinatorics.Progressions.Lattices.NativeJointAffineRecovery (21s)
✔ [11709/12610] Built OAI.Combinatorics.Progressions.Fourier.QuadraticFrequencyCoordinates (25s)
✔ [11710/12612] Built OAI.Combinatorics.Progressions.Lattices.CommonAffineOrbitEvaluation (162s)
✔ [11711/12612] Built OAI.Combinatorics.Progressions.Dynamics.ArbitraryStepPrescribedBudget (19s)
✔ [11712/12612] Built OAI.Combinatorics.Progressions.Estimates.CommonDependentCoveredModel (32s)
✔ [11713/12612] Built OAI.Combinatorics.Progressions.Estimates.ControlledMarkedDirectionModel (31s)
✔ [11714/12614] Built OAI.Combinatorics.Progressions.Estimates.AllocatedInactiveNaturalPlateau (40s)
✔ [11715/12614] Built OAI.Combinatorics.Progressions.Estimates.SharedFreeComparisonOrbit (27s)
✔ [11716/12614] Built OAI.Combinatorics.Progressions.Dynamics.NormalizedTwistNativeApproximationBudget (19s)
✔ [11717/12614] Built OAI.Combinatorics.Progressions.Lattices.ActualResidueSpatialFreezing (18s)
✔ [11718/12614] Built OAI.Combinatorics.Progressions.Estimates.PhysicalResidualCorrelation (18s)
✔ [11719/12614] Built OAI.Combinatorics.Progressions.Polynomial.DegreewiseAffineRecovery (18s)
✔ [11720/12617] Built OAI.Combinatorics.Progressions.Linear.KernelPrincipalFiberSliceLaw (19s)
✔ [11721/12617] Built OAI.Combinatorics.Progressions.Fourier.QuadraticLocalFrequency (22s)
✔ [11722/12617] Built OAI.Combinatorics.Progressions.Polynomial.StepOneScalarPhase (25s)
✔ [11723/12617] Built OAI.Combinatorics.Progressions.Estimates.NativeCommonModelQuadruples (26s)
✔ [11724/12617] Built OAI.Combinatorics.Progressions.Sampling.AllocatedDenseFiberSliceForecastGeometry (27s)
✔ [11725/12617] Built OAI.Combinatorics.Progressions.Estimates.MarkedParameterOrbit (32s)
✔ [11726/12617] Built OAI.Combinatorics.Progressions.Estimates.CyclicMixedReflection (38s)
✔ [11727/12617] Built OAI.Combinatorics.Progressions.Geometry.CommonMarkedDirectionCoordinates (39s)
✔ [11728/12617] Built OAI.Combinatorics.Progressions.Sampling.AveragedNormalizedTwistForecastJointModel (30s)
✔ [11729/12621] Built OAI.Combinatorics.Progressions.Estimates.DetectedCanonicalEarlyRadiusModelBounds (27s)
✔ [11730/12621] Built OAI.Combinatorics.Progressions.Sampling.PhysicalGridCorrelation (24s)
✔ [11731/12621] Built OAI.Combinatorics.Progressions.Geometry.AllocatedInactiveNaturalSupport (47s)
✔ [11732/12621] Built OAI.Combinatorics.Progressions.Fourier.NormalizedTwistLocalizedFourierSelection (31s)
✔ [11733/12621] Built OAI.Combinatorics.Progressions.Estimates.SharedFreeComparisonLift (52s)
✔ [11734/12621] Built OAI.Combinatorics.Progressions.Lattices.BoundedPrimeGridCorrelation (25s)
✔ [11735/12621] Built OAI.Combinatorics.Progressions.Dynamics.CanonicalDetectedScaleInputBudget (28s)
✔ [11736/12621] Built OAI.Combinatorics.Progressions.Estimates.NativeMixedReflectionBridge (41s)
✔ [11737/12621] Built OAI.Combinatorics.Progressions.Dynamics.PhysicalBoundaryBudget (27s)
✔ [11738/12622] Built OAI.Combinatorics.Progressions.Estimates.CommonMarkedDirectionModel (37s)
✔ [11739/12622] Built OAI.Combinatorics.Progressions.Polynomial.LowTaggedPolynomialCoordinates (26s)
✔ [11740/12622] Built OAI.Combinatorics.Progressions.Polynomial.SharedFreeCommonPolynomialCorrections (28s)
✔ [11741/12622] Built OAI.Combinatorics.Progressions.Estimates.NativeDetectorContradictionSpec (71s)
✔ [11742/12622] Built OAI.Combinatorics.Progressions.Linear.SharedFreeComparisonKernel (28s)
✔ [11743/12622] Built OAI.Combinatorics.Progressions.Linear.KernelComparisonScales (31s)
✔ [11744/12622] Built OAI.Combinatorics.Progressions.Estimates.NativeMixedSeparatedFamily (28s)
✔ [11745/12622] Built OAI.Combinatorics.Progressions.Lattices.IntegerWindowFactor (21s)
✔ [11746/12622] Built OAI.Combinatorics.Progressions.Geometry.MixedAntisymmetricBox (24s)
✔ [11747/12622] Built OAI.Combinatorics.Progressions.Geometry.NativeMixedCoordinateSlices (28s)
✔ [11748/12622] Built OAI.Combinatorics.Progressions.Estimates.AllocatedInactiveNaturalCases (103s)
✔ [11749/12625] Built OAI.Combinatorics.Progressions.Estimates.PhysicalPairAccuracyLogBounds (41s)
✔ [11750/12627] Built OAI.Combinatorics.Progressions.Estimates.LowTaggedRationalLiftRewrite (29s)
✔ [11751/12627] Built OAI.Combinatorics.Progressions.Geometry.LowTaggedCoordinateRestriction (33s)
✔ [11752/12627] Built OAI.Combinatorics.Progressions.Estimates.SharedFreeComparisonDescent (45s)
✔ [11753/12627] Built OAI.Combinatorics.Progressions.Lattices.SharedFreeAffineOrbitFamily (105s)
✔ [11754/12629] Built OAI.Combinatorics.Progressions.Estimates.MixedAnchorExpansion (42s)
✔ [11755/12629] Built OAI.Combinatorics.Progressions.Dynamics.CylinderShellCountBudget (38s)
✔ [11756/12629] Built OAI.Combinatorics.Progressions.Geometry.CoordinateLeafCount (20s)
✔ [11757/12629] Built OAI.Combinatorics.Progressions.Estimates.SmallWeightedPhysicalReplacement (44s)
✔ [11758/12629] Built OAI.Combinatorics.Progressions.Lattices.AffineResidueAccuracy (24s)
✔ [11759/12629] Built OAI.Combinatorics.Progressions.Estimates.FactoredPositiveShiftContradiction (92s)
✔ [11760/12631] Built OAI.Combinatorics.Progressions.Dynamics.SharedFreeLowerComparisonBudget (31s)
✔ [11761/12631] Built OAI.Combinatorics.Progressions.Linear.QuarticKernelCorrelation (29s)
✔ [11762/12631] Built OAI.Combinatorics.Progressions.Linear.LowTaggedCoordinateProjection (34s)
✔ [11763/12631] Built OAI.Combinatorics.Progressions.Sampling.LowTaggedSamplingRank (34s)
✔ [11764/12631] Built OAI.Combinatorics.Progressions.Dynamics.SharedFreeFullOrbitBudget (33s)
✔ [11765/12631] Built OAI.Combinatorics.Progressions.Linear.MixedSumKernelCorrelation (25s)
✔ [11766/12631] Built OAI.Combinatorics.Progressions.Estimates.MarkedUnitOrbit (264s)
✔ [11767/12631] Built OAI.Combinatorics.Progressions.Probability.AllocatedDensityParameterBounds (98s)
✔ [11768/12631] Built OAI.Combinatorics.Progressions.Estimates.QuarticPairFactors (23s)
✔ [11769/12631] Built OAI.Combinatorics.Progressions.Lattices.RetainedPhysicalCRT (31s)
✔ [11770/12631] Built OAI.Combinatorics.Progressions.Lattices.ResidueCellNormLengths (32s)
✔ [11771/12631] Built OAI.Combinatorics.Progressions.Estimates.LowTaggedGradedSpace (24s)
✔ [11772/12631] Built OAI.Combinatorics.Progressions.Lattices.LowTaggedAffineCoordinates (30s)
✔ [11773/12631] Built OAI.Combinatorics.Progressions.Estimates.SharedFreeFrozenComparison (52s)
✔ [11774/12631] Built OAI.Combinatorics.Progressions.Estimates.OriginalMixedRootEquivalence (41s)
✔ [11775/12631] Built OAI.Combinatorics.Progressions.Lattices.CommonLocalAffineFamily (35s)
✔ [11776/12631] Built OAI.Combinatorics.Progressions.Lattices.LocalMarkedLatticeCorrection (49s)
✔ [11777/12631] Built OAI.Combinatorics.Progressions.Estimates.NativeDetectorContradiction (100s)
✔ [11778/12631] Built OAI.Combinatorics.Progressions.Estimates.SharedFreeLowerFactorization (81s)
✔ [11779/12631] Built OAI.Combinatorics.Progressions.Estimates.AllocatedTailProfileIdentity (51s)
✔ [11780/12631] Built OAI.Combinatorics.Progressions.Linear.AllocatedRefinedKernelComparison (35s)
✔ [11781/12631] Built OAI.Combinatorics.Progressions.Geometry.AllocatedJetSupportBudget (31s)
✔ [11782/12635] Built OAI.Combinatorics.Progressions.Linear.AllocatedKernelOutputRegularity (59s)
✔ [11783/12635] Built OAI.Combinatorics.Progressions.Nilpotent.QuarticPairNiltest (22s)
✔ [11784/12635] Built OAI.Combinatorics.Progressions.Linear.AllocatedKernelJointComparison (43s)
✔ [11785/12635] Built OAI.Combinatorics.Progressions.Estimates.StableRetainedAtom (21s)
✔ [11786/12635] Built OAI.Combinatorics.Progressions.Nilpotent.NativeMixedPairNiltest (25s)
✔ [11787/12635] Built OAI.Combinatorics.Progressions.Probability.PartitionedSlicedDensityComparison (22s)
✔ [11788/12635] Built OAI.Combinatorics.Progressions.Dynamics.SharedFreeCorrelationBudget (25s)
✔ [11789/12635] Built OAI.Combinatorics.Progressions.Estimates.MixedRootLosses (34s)
✔ [11790/12636] Built OAI.Combinatorics.Progressions.Geometry.BufferedActiveSlicedIdealSiteSupport (21s)
✔ [11791/12636] Built OAI.Combinatorics.Progressions.Lattices.LatticeMeasurableRepresentative (10s)
✔ [11792/12636] Built OAI.Combinatorics.Progressions.Lattices.AllocatedIntegerSupport (22s)
✔ [11793/12636] Built OAI.Combinatorics.Progressions.Estimates.AllocatedSlicedEndpointIdentity (34s)
✔ [11794/12636] Built OAI.Combinatorics.Progressions.Polynomial.QuarticPairPolynomial (23s)
✔ [11795/12636] Built OAI.Combinatorics.Progressions.Estimates.AllocatedProxyOutputBounds (37s)
✔ [11796/12636] Built OAI.Combinatorics.Progressions.Probability.StableSiteDensityBounds (22s)
✔ [11797/12636] Built OAI.Combinatorics.Progressions.Lattices.ResidueBaselineBounds (18s)
✔ [11798/12636] Built OAI.Combinatorics.Progressions.Estimates.AllocatedContinuousProxyAveraging (56s)
✔ [11799/12636] Built OAI.Combinatorics.Progressions.Estimates.AllocatedRefinedJointTolerance (31s)
✔ [11800/12636] Built OAI.Combinatorics.Progressions.Estimates.ActiveTailSlicedProfileComparison (19s)
✔ [11801/12636] Built OAI.Combinatorics.Progressions.Polynomial.MixedPairPolynomial (22s)
✔ [11802/12636] Built OAI.Combinatorics.Progressions.Linear.AllocatedKernelSupport (68s)
✔ [11803/12636] Built OAI.Combinatorics.Progressions.Dynamics.MixedCyclicErrorBudget (20s)
✔ [11804/12636] Built OAI.Combinatorics.Progressions.Estimates.MixedFrozenMiddleRows (24s)
✔ [11805/12636] Built OAI.Combinatorics.Progressions.Estimates.MixedRootCyclicComparison (28s)
✔ [11806/12638] Built OAI.Combinatorics.Progressions.Probability.OneCubeSlicedSourceLaw (19s)
✔ [11807/12638] Built OAI.Combinatorics.Progressions.Estimates.MeasurableConstantCenterRepresentative (25s)
✔ [11808/12638] Built OAI.Combinatorics.Progressions.Polynomial.StableSiteLowDegree (20s)
✔ [11809/12638] Built OAI.Combinatorics.Progressions.Dynamics.AllocatedRefinedLengthBudget (19s)
✔ [11810/12638] Built OAI.Combinatorics.Progressions.Estimates.AllocatedProxyL1Averaging (22s)
✔ [11811/12640] Built OAI.Combinatorics.Progressions.Geometry.OneCubeSliceSupport (20s)
✔ [11812/12640] Built OAI.Combinatorics.Progressions.Geometry.AllocatedProxyOutputSupport (34s)
✔ [11813/12641] Built OAI.Combinatorics.Progressions.Estimates.OneCubePrincipalSliceRiemann (23s)
✔ [11814/12641] Built OAI.Combinatorics.Progressions.Estimates.SharedFreeCorrelatedFactorization (77s)
✔ [11815/12641] Built OAI.Combinatorics.Progressions.Estimates.AllocatedSlicedEndpointComparison (34s)
✔ [11816/12641] Built OAI.Combinatorics.Progressions.Geometry.AllocatedAmbientLongBox (46s)
✔ [11817/12641] Built OAI.Combinatorics.Progressions.Probability.WeightedCoefficientDensityApproximation (22s)
✔ [11818/12645] Built OAI.Combinatorics.Progressions.Probability.SelectedDensityTestMass (17s)
✔ [11819/12645] Built OAI.Combinatorics.Progressions.Estimates.StableSiteSectionLengths (24s)
✔ [11820/12645] Built OAI.Combinatorics.Progressions.Estimates.CenteredFiniteNoiseEventBound (18s)
✔ [11821/12647] Built OAI.Combinatorics.Progressions.Lattices.AllocatedAffineRadiusLog (73s)
✔ [11822/12647] Built OAI.Combinatorics.Progressions.Lattices.AffineCoefficientAmplitudeDensityTest (19s)
✔ [11823/12649] Built OAI.Combinatorics.Progressions.Estimates.AllocatedFiniteProxyRegularity (37s)
✔ [11824/12649] Built OAI.Combinatorics.Progressions.Probability.AllocatedSlicedIdealDensity (34s)
✔ [11825/12649] Built OAI.Combinatorics.Progressions.Lattices.SelectedResidueCutoffDomination (17s)
✔ [11826/12649] Built OAI.Combinatorics.Progressions.Estimates.SelectedJointWeightedReferenceComparison (19s)
✔ [11827/12651] Built OAI.Combinatorics.Progressions.Geometry.AllocatedFixedPathLiftSupport (26s)
✔ [11828/12651] Built OAI.Combinatorics.Progressions.Lattices.StableResidueKernelTotal (37s)
✔ [11829/12651] Built OAI.Combinatorics.Progressions.Polynomial.LocalPhaseMarkedObservable (294s)
✔ [11830/12652] Built OAI.Combinatorics.Progressions.Lattices.NativeCorrelatedAffineExistence (68s)
✔ [11831/12652] Built OAI.Combinatorics.Progressions.Estimates.AllocatedSlicedBooleanSite (42s)
✔ [11832/12652] Built OAI.Combinatorics.Progressions.Dynamics.PreparedSourceSideBudget (25s)
✔ [11833/12652] Built OAI.Combinatorics.Progressions.Geometry.SelectedJointSpatialCutoff (30s)
✔ [11834/12652] Built OAI.Combinatorics.Progressions.Linear.StableCountedKernel (24s)
✔ [11835/12656] Built OAI.Combinatorics.Progressions.Lattices.EarlyAllocatedAffineResidueSource (80s)
✔ [11836/12658] Built OAI.Combinatorics.Progressions.Estimates.AllocatedRelativeChildSliceGeometry (77s)
✔ [11837/12658] Built OAI.Combinatorics.Progressions.Dynamics.PreparedModularProductivityBudget (22s)
✔ [11838/12669] Built OAI.Combinatorics.Progressions.Dynamics.SlicedSourceErrorBudget (22s)
✔ [11839/12680] Built OAI.Combinatorics.Progressions.Sampling.ForecastContinuousRetainedExpansion (55s)
✔ [11840/12680] Built OAI.Combinatorics.Progressions.Linear.PreparedRoundedRank (9.3s)
✔ [11841/12681] Built OAI.Combinatorics.Progressions.Geometry.AllocatedSlicedIdealSupport (31s)
✔ [11842/12682] Built OAI.Combinatorics.Progressions.Estimates.SlicedSourceUniformAccuracy (18s)
✔ [11843/12684] Built OAI.Combinatorics.Progressions.Geometry.NormalizedMarkedChart (56s)
✔ [11844/12688] Built OAI.Combinatorics.Progressions.Dynamics.UnconditionedFixedObservableBudget (18s)
✔ [11845/12688] Built OAI.Combinatorics.Progressions.Dynamics.UnconditionedBaseRetentionPowerBudget (21s)
✔ [11846/12689] Built OAI.Combinatorics.Progressions.Estimates.NativeFiniteMarkedFreezing (19s)
✔ [11847/12696] Built OAI.Combinatorics.Progressions.Dynamics.FilteredSectionSingleDenominatorBudget (22s)
✔ [11848/12699] Built OAI.Combinatorics.Progressions.Lattices.NormalizedResidueBlockCells (20s)
✔ [11849/12699] Built OAI.Combinatorics.Progressions.Sampling.MarkedKernelRationalGrid (22s)
✔ [11850/12701] Built OAI.Combinatorics.Progressions.Estimates.MarkedLocalCoefficientValue (31s)
✔ [11851/12701] Built OAI.Combinatorics.Progressions.Polynomial.MarkedPolynomialSectionSlow (27s)
✔ [11852/12701] Built OAI.Combinatorics.Progressions.Lattices.ResidueBlockLongSideBudget (19s)
✔ [11853/12701] Built OAI.Combinatorics.Progressions.Estimates.CenteredFiniteReferenceComparison (19s)
✔ [11854/12702] Built OAI.Combinatorics.Progressions.Estimates.ComplexModelComparisonL1 (18s)
✔ [11855/12707] Built OAI.Combinatorics.Progressions.Linear.KernelProjectionNoPivotGlobalization (20s)
✔ [11856/12707] Built OAI.Combinatorics.Progressions.Estimates.AllocatedOriginalSampleQuadratureUniformBounds (78s)
✔ [11857/12707] Built OAI.Combinatorics.Progressions.Lattices.InitialMaskedAffineComparison (89s)
✔ [11858/12707] Built OAI.Combinatorics.Progressions.Dynamics.FastSymbolCorrectionBudget (21s)
✔ [11859/12707] Built OAI.Combinatorics.Progressions.Sampling.NativeMarkedFreezingSliceScore (21s)
✔ [11860/12707] Built OAI.Combinatorics.Progressions.Geometry.MarkedLocalObservableMetric (38s)
✔ [11861/12707] Built OAI.Combinatorics.Progressions.Linear.ActualMarkedSlowKernelCells (33s)
✔ [11862/12707] Built OAI.Combinatorics.Progressions.Estimates.ConstructedNoPivotTopDescent (25s)
✔ [11863/12707] Built OAI.Combinatorics.Progressions.Estimates.AllocatedSlicedCoveredComparison (215s)
✔ [11864/12710] Built OAI.Combinatorics.Progressions.Polynomial.ControlledMarkedPolynomialFactorization (26s)
✔ [11865/12712] Built OAI.Combinatorics.Progressions.Polynomial.GlobalAffineDegreeChoice (20s)
✔ [11866/12712] Built OAI.Combinatorics.Progressions.Lattices.ForecastIntegerAxisSplit (27s)
✔ [11867/12712] Built OAI.Combinatorics.Progressions.Estimates.AllocatedMaskedCoefficientSampleAE (41s)
✔ [11868/12712] Built OAI.Combinatorics.Progressions.Sampling.AllocatedLongGridCoordinates (33s)
✔ [11869/12715] Built OAI.Combinatorics.Progressions.Estimates.UniformFiniteMarkedFactorParameters (41s)
✔ [11870/12715] Built OAI.Combinatorics.Progressions.Estimates.AllocatedOriginalSampleFullSliceLipschitz (57s)
✔ [11871/12716] Built OAI.Combinatorics.Progressions.Geometry.AllocatedRefinedSpatialData (33s)
✔ [11872/12716] Built OAI.Combinatorics.Progressions.Geometry.AllocatedOneCubeCoordinates (40s)
✔ [11873/12716] Built OAI.Combinatorics.Progressions.Polynomial.PhaseBandCoordinateLifts (58s)
✔ [11874/12716] Built OAI.Combinatorics.Progressions.Lattices.PrimeFamilyCutoff (21s)
✔ [11875/12716] Built OAI.Combinatorics.Progressions.Estimates.ControlledFixedMarkedNativeFactorization (49s)
✔ [11876/12716] Built OAI.Combinatorics.Progressions.Sampling.AllocatedPeriodicGridQuadrature (31s)
✔ [11877/12716] Built OAI.Combinatorics.Progressions.Fourier.PrincipalCoefficientResidueSpectrum (52s)
✔ [11878/12716] Built OAI.Combinatorics.Progressions.Sampling.ForecastJointScaleNormalization (35s)
✔ [11879/12718] Built OAI.Combinatorics.Progressions.Sampling.AllocatedOriginalSampleForecastAtom (101s)
✔ [11880/12718] Built OAI.Combinatorics.Progressions.Lattices.AllocatedLongLatticeScale (27s)
✔ [11881/12718] Built OAI.Combinatorics.Progressions.Probability.AllocatedMaskedCoefficientHaarLaw (41s)
✔ [11882/12718] Built OAI.Combinatorics.Progressions.Sampling.ForecastModerateWeightedSite (18s)
✔ [11883/12718] Built OAI.Combinatorics.Progressions.Polynomial.UniformFiniteMarkedPolynomialFreezing (38s)
✔ [11884/12718] Built OAI.Combinatorics.Progressions.Estimates.AllocatedIdealSiteReconstruction (24s)
✔ [11885/12718] Built OAI.Combinatorics.Progressions.Dynamics.InitialBudgetJointReplacement (22s)
✔ [11886/12718] Built OAI.Combinatorics.Progressions.Dynamics.AdaptiveShellLogBudget (22s)
✔ [11887/12719] Built OAI.Combinatorics.Progressions.Sampling.ForecastRawSpatialBoxReorder (73s)
✔ [11888/12719] Built OAI.Combinatorics.Progressions.Estimates.AllocatedStrideRefinedStatement (41s)
✔ [11889/12719] Built OAI.Combinatorics.Progressions.Estimates.RationalInactivePartialReference (24s)
✔ [11890/12719] Built OAI.Combinatorics.Progressions.Probability.CorrelatedModeratePointMass (24s)
✔ [11891/12719] Built OAI.Combinatorics.Progressions.Lattices.WeightedIntegerGridDensityTail (24s)
✔ [11892/12719] Built OAI.Combinatorics.Progressions.Estimates.ControlledPrescribedMarkedNativeFactorization (51s)
✔ [11893/12719] Built OAI.Combinatorics.Progressions.Sampling.ForecastOriginalSampleUniformBudget (29s)
✔ [11894/12719] Built OAI.Combinatorics.Progressions.Sampling.ForecastOriginalDensityRegularity (46s)
✔ [11895/12719] Built OAI.Combinatorics.Progressions.Lattices.AllocatedActiveResidueComparison (61s)
✔ [11896/12719] Built OAI.Combinatorics.Progressions.Sampling.AllocatedOriginalForecastSpatialIntegral (55s)
✔ [11897/12719] Built OAI.Combinatorics.Progressions.Sampling.SelectedPhysicalGridBudget (19s)
✔ [11898/12719] Built OAI.Combinatorics.Progressions.Geometry.AllocatedSpatialWitnessComparison (36s)
✔ [11899/12720] Built OAI.Combinatorics.Progressions.Estimates.FiniteMarkedFreezingCellBound (34s)
✔ [11900/12720] Built OAI.Combinatorics.Progressions.Estimates.FiniteCorrectionHistory (20s)
✔ [11901/12720] Built OAI.Combinatorics.Progressions.Geometry.AllocatedAmbientSiteCoordinates (34s)
✔ [11902/12721] Built OAI.Combinatorics.Progressions.Sampling.AllocatedLongGridIntegral (67s)
✔ [11903/12721] Built OAI.Combinatorics.Progressions.Polynomial.AffineSidePolynomialBudget (26s)
✔ [11904/12721] Built OAI.Combinatorics.Progressions.Lattices.RationalInactiveLatticeContraction (19s)
✔ [11905/12722] Built OAI.Combinatorics.Progressions.Dynamics.MarkedNativeFreezingBudget (21s)
✔ [11906/12722] Built OAI.Combinatorics.Progressions.Estimates.RelativePatchWeightDescent (20s)
✔ [11907/12722] Built OAI.Combinatorics.Progressions.Fourier.AllocatedCorrelatedModerateSpectrum (33s)
✔ [11908/12722] Built OAI.Combinatorics.Progressions.Geometry.RelativePatchFiniteCoordinateReduction (21s)
✔ [11909/12724] Built OAI.Combinatorics.Progressions.Lattices.AffineCommonReferenceBudget (21s)
✔ [11910/12724] Built OAI.Combinatorics.Progressions.Estimates.CommonInducedCorrelation (168s)
✔ [11911/12728] Built OAI.Combinatorics.Progressions.Lattices.UniformExternalMarkedAffineSliceFreezingDictionary (62s)
✔ [11912/12728] Built OAI.Combinatorics.Progressions.Geometry.RelativePatchStageTransport (23s)
✔ [11913/12729] Built OAI.Combinatorics.Progressions.Sampling.RationalInactiveGridIntegralComparison (38s)
✔ [11914/12729] Built OAI.Combinatorics.Progressions.Estimates.AllocatedActualProfileControl (65s)
✔ [11915/12731] Built OAI.Combinatorics.Progressions.Sampling.AllocatedOriginalSampleForecastMeanRiemann (152s)
✔ [11916/12731] Built OAI.Combinatorics.Progressions.Dynamics.OriginalParameterReferenceBudget (19s)
✔ [11917/12732] Built OAI.Combinatorics.Progressions.Estimates.AllocatedCorrelatedModeratePlateau (46s)
✔ [11918/12732] Built OAI.Combinatorics.Progressions.Estimates.RationalInactiveJointComparisonInstances (20s)
✔ [11919/12733] Built OAI.Combinatorics.Progressions.Estimates.IndexedComparableScalarGeometryData (52s)
✔ [11920/12733] Built OAI.Combinatorics.Progressions.Estimates.ControlledNativeMarkedFreezing (34s)
✔ [11921/12733] Built OAI.Combinatorics.Progressions.Dynamics.InducedMarkedBudget (43s)
✔ [11922/12733] Built OAI.Combinatorics.Progressions.Probability.CanonicalZeroSpatialInputLaw (19s)
✔ [11923/12733] Built OAI.Combinatorics.Progressions.Estimates.PreparationReindex (17s)
✔ [11924/12734] Built OAI.Combinatorics.Progressions.Sampling.AllocatedOriginalSampleForecastDensityRiemann (31s)
✔ [11925/12750] Built OAI.Combinatorics.Progressions.Geometry.AllocatedPhysicalLongBoxVolume (33s)
✔ [11926/12751] Built OAI.Combinatorics.Progressions.Fourier.CorrelatedModerateFourierShift (17s)
✔ [11927/12752] Built OAI.Combinatorics.Progressions.Dynamics.ScalarMeshCoefficientBudget (17s)
✔ [11928/12756] Built OAI.Combinatorics.Progressions.Estimates.FormalMarkedOrbitTranslation (26s)
✔ [11929/12762] Built OAI.Combinatorics.Progressions.Polynomial.ScalarInitialPolynomialBudget (32s)
✔ [11930/12768] Built OAI.Combinatorics.Progressions.Estimates.CorrelatedModerateSiteComparison (24s)
✔ [11931/12768] Built OAI.Combinatorics.Progressions.Geometry.AllocatedNarrowSpatialCanonicalComparison (39s)
✔ [11932/12769] Built OAI.Combinatorics.Progressions.Polynomial.ScalarThresholdPolynomial (33s)
✔ [11933/12770] Built OAI.Combinatorics.Progressions.Dynamics.AllocatedCandidateNativeMajorBudget (30s)
✔ [11934/12770] Built OAI.Combinatorics.Progressions.Polynomial.VectorPolynomialSliceInterpolation (28s)
✔ [11935/12774] Built OAI.Combinatorics.Progressions.Polynomial.AllocatedOriginalSampleResiduePolynomialAlmostSure (57s)
✔ [11936/12774] Built OAI.Combinatorics.Progressions.Sampling.MarkedExternalKernelProjectionScoreRestoration (31s)
✔ [11937/12774] Built OAI.Combinatorics.Progressions.Estimates.FiniteClassifiedRepresentatives (10s)
✔ [11938/12781] Built OAI.Combinatorics.Progressions.Estimates.FiniteGradedBranchPrefixLog (11s)
✔ [11939/12784] Built OAI.Combinatorics.Progressions.Linear.CanonicalKernelSlowParameter (30s)
✔ [11940/12784] Built OAI.Combinatorics.Progressions.Linear.ContainedKernelPhysicalDisplacement (38s)
✔ [11941/12786] Built OAI.Combinatorics.Progressions.Dynamics.CeilingExponentialTreeBudget (18s)
✔ [11942/12786] Built OAI.Combinatorics.Progressions.Estimates.ScalarInitialThreshold (24s)
✔ [11943/12787] Built OAI.Combinatorics.Progressions.Estimates.CoveredInducedCorrelationFamily (85s)
✔ [11944/12787] Built OAI.Combinatorics.Progressions.Geometry.RealChartReindexCoefficients (18s)
✔ [11945/12787] Built OAI.Combinatorics.Progressions.Geometry.RelativePatchWholeBoxConclusion (19s)
✔ [11946/12792] Built OAI.Combinatorics.Progressions.Lattices.AllocatedKernelCanonicalResidueComparison (26s)
✔ [11947/12792] Built OAI.Combinatorics.Progressions.Linear.FixedSpatialKernelSliceDensity (25s)
✔ [11948/12792] Built OAI.Combinatorics.Progressions.Lattices.AllocatedOriginalSampleFullResidueRiemann (32s)
✔ [11949/12792] Built OAI.Combinatorics.Progressions.Lattices.InjectiveSmallPrimeProduct (4.7s)
✔ [11950/12794] Built OAI.Combinatorics.Progressions.Dynamics.CanonicalScalarLogBudget (26s)
✔ [11951/12794] Built OAI.Combinatorics.Progressions.Linear.InducedUnitRankFamily (28s)
✔ [11952/12794] Built OAI.Combinatorics.Progressions.Lattices.QuadraticMarkedAffine (28s)
✔ [11953/12807] Built OAI.Combinatorics.Progressions.Estimates.RelativePatchRecoveredEndpoint (19s)
✔ [11954/12808] Built OAI.Combinatorics.Progressions.Polynomial.PrimePowerPolynomialUnchargedDensity (19s)
✔ [11955/12809] Built OAI.Combinatorics.Progressions.Sampling.PreparedCenteredForecastCramer (20s)
✔ [11956/12812] Built OAI.Combinatorics.Progressions.Sampling.AllocatedKernelForecastSourceDecoupling (29s)
✔ [11957/12812] Built OAI.Combinatorics.Progressions.Dynamics.PrecenterNativeSelectionBudget (7.9s)
✔ [11958/12813] Built OAI.Combinatorics.Progressions.Linear.RelativePatchRankTightening (22s)
✔ [11959/12820] Built OAI.Combinatorics.Progressions.Lattices.CRTInactiveDensityGoodPrimeDeletion (21s)
✔ [11960/12827] Built OAI.Combinatorics.Progressions.Lattices.RecoveredLatticeMatrixInvariance (32s)
✔ [11961/12827] Built OAI.Combinatorics.Progressions.Sampling.AllocatedOriginalSampleConditionalForecastComparison (41s)
✔ [11962/12828] Built OAI.Combinatorics.Progressions.Estimates.DenseProductCardDeficit (9.9s)
✔ [11963/12829] Built OAI.Combinatorics.Progressions.Probability.FiniteProbabilityUniformResidualGood (19s)
✔ [11964/12831] Built OAI.Combinatorics.Progressions.Estimates.NativeRefilteredSymbolConditions (21s)
✔ [11965/12834] Built OAI.Combinatorics.Progressions.Lattices.DenseResidueMeshExponentialBudget (14s)
✔ [11966/12834] Built OAI.Combinatorics.Progressions.Estimates.RelativeScalarPassageDiscount (30s)
✔ [11967/12835] Built OAI.Combinatorics.Progressions.Estimates.UnconditionedSmoothSlopeCap (23s)
✔ [11968/12836] Built OAI.Combinatorics.Progressions.Lattices.DenseResidueScalarRectangleGeometry (26s)
✔ [11969/12837] Built OAI.Combinatorics.Progressions.Dynamics.ComparableScalarSelectedBudget (41s)
✔ [11970/12839] Built OAI.Combinatorics.Progressions.Probability.AllocatedPrescribedRefinedDensity (340s)
✔ [11971/12840] Built OAI.Combinatorics.Progressions.Geometry.CoordinateTreeCardBudget (5.3s)
✔ [11972/12840] Built OAI.Combinatorics.Progressions.Estimates.QuadraticBoundedFamily (101s)
✔ [11973/12841] Built OAI.Combinatorics.Progressions.Lattices.IntegerBoxUniformWeightVolume (30s)
✔ [11974/12841] Built OAI.Combinatorics.Progressions.Geometry.ComparableScalarSliceParameterBox (30s)
✔ [11975/12842] Built OAI.Combinatorics.Progressions.Dynamics.ScalarDoublingBudget (31s)
✔ [11976/12842] Built OAI.Combinatorics.Progressions.Lattices.AllocatedFixedPathSlicedKernelResidueRiemann (87s)
✔ [11977/12842] Built OAI.Combinatorics.Progressions.Lattices.CountedSlicePrimeStability (21s)
✔ [11978/12843] Built OAI.Combinatorics.Progressions.Lattices.ResidueStableBoxCongruence (17s)
✔ [11979/12843] Built OAI.Combinatorics.Progressions.Estimates.InitialReplacementMeshWidths (23s)
✔ [11980/12843] Built OAI.Combinatorics.Progressions.Linear.UnconditionedJointFrameDomination (23s)
✔ [11981/12845] Built OAI.Combinatorics.Progressions.Estimates.OrdinaryMeshMarginals (24s)
✔ [11982/12845] Built OAI.Combinatorics.Progressions.Estimates.ScalarInputLogFactor (23s)
✔ [11983/12847] Built OAI.Combinatorics.Progressions.Estimates.AllocatedErrorInterpolation (32s)
✔ [11984/12847] Built OAI.Combinatorics.Progressions.Estimates.ScalarWindowPartitions (25s)
✔ [11985/12849] Built OAI.Combinatorics.Progressions.Estimates.NativeProductVerticalization (53s)
✔ [11986/12849] Built OAI.Combinatorics.Progressions.Estimates.BaselineNoIncrementTree (29s)
✔ [11987/12849] Built OAI.Combinatorics.Progressions.Estimates.FiniteRetainedCellMean (23s)
✔ [11988/12849] Built OAI.Combinatorics.Progressions.Lattices.ConcreteAffineMeshBoundary (32s)
✔ [11989/12851] Built OAI.Combinatorics.Progressions.Estimates.AllocatedOriginalSampleSlicedPerturbedRiemann (41s)
✔ [11990/12851] Built OAI.Combinatorics.Progressions.Lattices.AllocatedResidueSpatialDensity (77s)
✔ [11991/12851] Built OAI.Combinatorics.Progressions.Sampling.FixedSpatialKernelProgressionForecastIntegral (188s)
✔ [11992/12851] Built OAI.Combinatorics.Progressions.Estimates.RetainedPhysicalDifference (20s)
✔ [11993/12855] Built OAI.Combinatorics.Progressions.Estimates.PhysicalZeroExtension (27s)
✔ [11994/12855] Built OAI.Combinatorics.Progressions.Geometry.ScalarBoxGeometry (21s)
✔ [11995/12857] Built OAI.Combinatorics.Progressions.Estimates.QuadraticCyclicAntisymmetric (31s)
✔ [11996/12861] Built OAI.Combinatorics.Progressions.Linear.AllocatedErrorAmbientKernel (33s)
✔ [11997/12861] Built OAI.Combinatorics.Progressions.Estimates.UnitVerticalNativeInverseModels (31s)
✔ [11998/12861] Built OAI.Combinatorics.Progressions.Estimates.NormalizedMeshLengths (19s)
✔ [11999/12861] Built OAI.Combinatorics.Progressions.Lattices.AffineMeshScalarTail (23s)
✔ [12000/12861] Built OAI.Combinatorics.Progressions.Dynamics.InitialConditioningBudget (21s)
✔ [12001/12861] Built OAI.Combinatorics.Progressions.Geometry.OutsideProductTransport (20s)
✔ [12002/12864] Built OAI.Combinatorics.Progressions.Geometry.QuadraticAntisymmetricBox (22s)
✔ [12003/12864] Built OAI.Combinatorics.Progressions.Polynomial.DegreeRankNativeInverseModels (23s)
✔ [12004/12864] Built OAI.Combinatorics.Progressions.Lattices.AllocatedChildActiveResidueComparison (42s)
✔ [12005/12873] Built OAI.Combinatorics.Progressions.Estimates.SecondaryMeshGeometry (10s)
✔ [12006/12873] Built OAI.Combinatorics.Progressions.Lattices.AffineNormalizedScales (20s)
✔ [12007/12873] Built OAI.Combinatorics.Progressions.Estimates.InitialShellFiniteSum (20s)
✔ [12008/12873] Built OAI.Combinatorics.Progressions.Lattices.AffineMaskedInitialShell (23s)
✔ [12009/12873] Built OAI.Combinatorics.Progressions.Linear.NativeRankFamilyConstruction (21s)
✔ [12010/12873] Built OAI.Combinatorics.Progressions.Estimates.QuadraticPairCorrelator (27s)
✔ [12011/12877] Built OAI.Combinatorics.Progressions.Estimates.PhysicalCellLogCost (22s)
✔ [12012/12877] Built OAI.Combinatorics.Progressions.Dynamics.SecondaryMeshLogBudget (19s)
✔ [12013/12877] Built OAI.Combinatorics.Progressions.Estimates.PhysicalJetCoverCancellation (61s)
✔ [12014/12877] Built OAI.Combinatorics.Progressions.Probability.CanonicalScalarFamilyMass (18s)
✔ [12015/12877] Built OAI.Combinatorics.Progressions.Probability.AdaptiveCouplingComparison (21s)
✔ [12016/12877] Built OAI.Combinatorics.Progressions.Polynomial.InitialMaskedAffineComparisonAtDegree (61s)
✔ [12017/12877] Built OAI.Combinatorics.Progressions.Dynamics.AllocatedFixedPathSlicedJointComparison (39s)
✔ [12018/12877] Built OAI.Combinatorics.Progressions.Lattices.RelativePhysicalResiduePatch (17s)
✔ [12019/12877] Built OAI.Combinatorics.Progressions.Nilpotent.AntisymmetricPairNiltest (21s)
✔ [12020/12882] Built OAI.Combinatorics.Progressions.Sampling.PhysicalGridCostFromLogs (19s)
✔ [12021/12882] Built OAI.Combinatorics.Progressions.Lattices.AllocatedAffineSecondaryMesh (17s)
✔ [12022/12882] Built OAI.Combinatorics.Progressions.Probability.AllocatedSpatialLawDensity (104s)
✔ [12023/12882] Built OAI.Combinatorics.Progressions.Probability.CoefficientMajorantMassBudget (21s)
✔ [12024/12882] Built OAI.Combinatorics.Progressions.Estimates.PhysicalRowCoverCancellation (25s)
✔ [12025/12883] Built OAI.Combinatorics.Progressions.Estimates.AdaptiveRatioNormalization (18s)
✔ [12026/12889] Built OAI.Combinatorics.Progressions.Fourier.AllocatedErrorStandardFourier (31s)
✔ [12027/12889] Built OAI.Combinatorics.Progressions.Lattices.GlobalCutoffAffineComparison (25s)
✔ [12028/12891] Built OAI.Combinatorics.Progressions.Nilpotent.RelativeScalarNiltestConclusion (17s)
✔ [12029/12901] Built OAI.Combinatorics.Progressions.Probability.PreparedReadyNormalizationMassBudget (9.3s)
✔ [12030/12902] Built OAI.Combinatorics.Progressions.Sampling.FixedPatchShearFiberCandidateScore (21s)
✔ [12031/12906] Built OAI.Combinatorics.Progressions.Polynomial.AntisymmetricPairPolynomial (25s)
✔ [12032/12906] Built OAI.Combinatorics.Progressions.Estimates.ConstantObservableMemberNets (20s)
✔ [12033/12906] Built OAI.Combinatorics.Progressions.Estimates.AllocatedProfileDimensions (47s)
✔ [12034/12906] Built OAI.Combinatorics.Progressions.Dynamics.PreparedFreezingEarlyLogBudget (10s)
✔ [12035/12908] Built OAI.Combinatorics.Progressions.Dynamics.RelativeFrozenPatchChildBudget (18s)
✔ [12036/12908] Built OAI.Combinatorics.Progressions.Estimates.GlobalCutoffAtomComparison (28s)
✔ [12037/12908] Built OAI.Combinatorics.Progressions.Lattices.LayerSamplerIntegerBox (21s)
✔ [12038/12908] Built OAI.Combinatorics.Progressions.Linear.AntisymmetricPairProjections (25s)
✔ [12039/12908] Built OAI.Combinatorics.Progressions.Estimates.PreparedFiniteScheduleWitnessScalarPower (23s)
✔ [12040/12908] Built OAI.Combinatorics.Progressions.Dynamics.PreparedModularGeneralLateFloorScaleBudget (22s)
✔ [12041/12908] Built OAI.Combinatorics.Progressions.Probability.AllocatedProbabilityMajorantMass (91s)
✔ [12042/12911] Built OAI.Combinatorics.Progressions.Lattices.AllocatedAffineLogEnvelope (20s)
✔ [12043/12911] Built OAI.Combinatorics.Progressions.Linear.AllocatedSpatialProjectionBudget (21s)
✔ [12044/12911] Built OAI.Combinatorics.Progressions.Sampling.AllocatedIdealGridEnvelope (19s)
✔ [12045/12911] Built OAI.Combinatorics.Progressions.Geometry.AllocatedPrescribedSpatialData (28s)
✔ [12046/12911] Built OAI.Combinatorics.Progressions.Estimates.AllocatedPhysicalLongIdealCap (45s)
✔ [12047/12912] Built OAI.Combinatorics.Progressions.Estimates.RelativePatchSourceTestFinBounds (19s)
✔ [12048/12912] Built OAI.Combinatorics.Progressions.Estimates.QuadraticPairStepDrop (66s)
✔ [12049/12912] Built OAI.Combinatorics.Progressions.Probability.AllocatedErrorSampledMass (90s)
✔ [12050/12912] Built OAI.Combinatorics.Progressions.Estimates.AllocatedProxyAccuracy (32s)
✔ [12051/12912] Built OAI.Combinatorics.Progressions.Lattices.AffinePrecisionBudget (28s)
✔ [12052/12912] Built OAI.Combinatorics.Progressions.Fourier.AllocatedProbabilityFourier (25s)
✔ [12053/12912] Built OAI.Combinatorics.Progressions.Estimates.AllocatedWindowMajorant (27s)
✔ [12054/12914] Built OAI.Combinatorics.Progressions.Linear.AllocatedProbabilityProfileKernel (37s)
✔ [12055/12914] Built OAI.Combinatorics.Progressions.Estimates.AllocatedIdealRefinedPointwise (26s)
✔ [12056/12914] Built OAI.Combinatorics.Progressions.Probability.AllocatedSiteWindowProbability (24s)
✔ [12057/12914] Built OAI.Combinatorics.Progressions.Dynamics.AllocatedIdealCoverRadiusBudget (20s)
✔ [12058/12914] Built OAI.Combinatorics.Progressions.Geometry.AllocatedInactiveSupportBudget (22s)
✔ [12059/12914] Built OAI.Combinatorics.Progressions.Linear.AllocatedGoodKernelSpatialDensity (37s)
✔ [12060/12914] Built OAI.Combinatorics.Progressions.Geometry.AllocatedActiveSiteSupport (34s)
✔ [12061/12914] Built OAI.Combinatorics.Progressions.Geometry.AntisymmetricPairCoordinateTest (23s)
✔ [12062/12914] Built OAI.Combinatorics.Progressions.Estimates.MixedPairStepDrop (24s)
✔ [12063/12914] Built OAI.Combinatorics.Progressions.Dynamics.AllocatedNormalizedScaleBudget (19s)
✔ [12064/12914] Built OAI.Combinatorics.Progressions.Estimates.UniformProductAccuracyLogBounds (27s)
✔ [12065/12914] Built OAI.Combinatorics.Progressions.Fourier.AllocatedProfileErrorStandardFourier (36s)
✔ [12066/12915] Built OAI.Combinatorics.Progressions.Dynamics.AllocatedReferenceIdealBudget (33s)
✔ [12067/12915] Built OAI.Combinatorics.Progressions.Estimates.AllocatedProfileErrorLogBounds (37s)
✔ [12068/12917] Built OAI.Combinatorics.Progressions.Estimates.AllocatedSiteWindowLogBounds (29s)
✔ [12069/12917] Built OAI.Combinatorics.Progressions.Estimates.TranslationMajorTwistedCorrelationStepDrop (61s)
✔ [12070/12917] Built OAI.Combinatorics.Progressions.Nilpotent.NiltestScalarTransfer (51s)
✔ [12071/12917] Built OAI.Combinatorics.Progressions.Geometry.AllocatedPositiveSpatialComparison (111s)
✔ [12072/12917] Built OAI.Combinatorics.Progressions.Fourier.AllocatedErrorFourierBudget (29s)
✔ [12073/12920] Built OAI.Combinatorics.Progressions.Fourier.AllocatedSiteErrorFourierBudget (33s)
✔ [12074/12920] Built OAI.Combinatorics.Progressions.Geometry.AllocatedSiteSpatialPrimitiveBudget (33s)
✔ [12075/12920] Built OAI.Combinatorics.Progressions.Lattices.AllocatedAffineScaleEnvelope (50s)
✔ [12076/12922] Built OAI.Combinatorics.Progressions.Probability.AllocatedIdealCoefficientMass (36s)
✔ [12077/12922] Built OAI.Combinatorics.Progressions.Estimates.AllocatedSiteEnvelopeGain (33s)
✔ [12078/12922] Built OAI.Combinatorics.Progressions.Lattices.SelectedResidueScalarReindex (28s)
✔ [12079/12922] Built OAI.Combinatorics.Progressions.Dynamics.AllocatedActualProfileBudget (32s)
✔ [12080/12922] Built OAI.Combinatorics.Progressions.Polynomial.MajorPhaseVectorDecomposition (39s)
✔ [12081/12922] Built OAI.Combinatorics.Progressions.Polynomial.PolynomialSymbolBasisIndependence (32s)
✔ [12082/12924] Built OAI.Combinatorics.Progressions.Sampling.WeightedTranslationProjectionGridBudget (24s)
✔ [12083/12924] Built OAI.Combinatorics.Progressions.Linear.JoinedPairProjection (31s)
✔ [12084/12924] Built OAI.Combinatorics.Progressions.Nilpotent.MajorTranslationPartnerNiltest (31s)
✔ [12085/12924] Built OAI.Combinatorics.Progressions.Dynamics.TranslationMajorDimensionBudget (26s)
✔ [12086/12924] Built OAI.Combinatorics.Progressions.Estimates.AntisymmetricPairVerticalModel (120s)
✔ [12087/12924] Built OAI.Combinatorics.Progressions.Linear.NativePairSymbolProjection (26s)
✔ [12088/12924] Built OAI.Combinatorics.Progressions.Sampling.AllocatedScalarSamplingBudget (29s)
✔ [12089/12927] Built OAI.Combinatorics.Progressions.Dynamics.AllocatedIdealCoverErrorBudget (30s)
✔ [12090/12927] Built OAI.Combinatorics.Progressions.Estimates.MixedPairComparison (135s)
✔ [12091/12927] Built OAI.Combinatorics.Progressions.Dynamics.SiteReferenceErrorBudget (28s)
✔ [12092/12927] Built OAI.Combinatorics.Progressions.Fourier.AllocatedIdealCoefficientFourier (23s)
✔ [12093/12927] Built OAI.Combinatorics.Progressions.Dynamics.PreparedPerturbativeSeedPowerBudget (44s)
✔ [12094/12927] Built OAI.Combinatorics.Progressions.Linear.AllocatedSiteEnvelopeKernel (34s)
✔ [12095/12928] Built OAI.Combinatorics.Progressions.Estimates.JoinedPairQuotientRefiltration (31s)
✔ [12096/12928] Built OAI.Combinatorics.Progressions.Linear.AntisymmetricPairProjectionBounds (33s)
✔ [12097/12928] Built OAI.Combinatorics.Progressions.Polynomial.OrdinaryPhasePairFunctionalBounds (33s)
✔ [12098/12928] Built OAI.Combinatorics.Progressions.Estimates.ControlledDetectedTranslationBaseBounds (38s)
✔ [12099/12928] Built OAI.Combinatorics.Progressions.Dynamics.TranslationMajorDetectedPotential (39s)
✔ [12100/12928] Built OAI.Combinatorics.Progressions.Estimates.CorrelatingVerticalPair (57s)
✔ [12101/12928] Built OAI.Combinatorics.Progressions.Fourier.AllocatedSiteSpectrumBudget (45s)
✔ [12102/12931] Built OAI.Combinatorics.Progressions.Linear.NativeRankIteration (21s)
✔ [12103/12931] Built OAI.Combinatorics.Progressions.Fourier.MixedOriginalPairFrequency (35s)
✔ [12104/12931] Built OAI.Combinatorics.Progressions.Probability.AllocatedMassTupleComparison (206s)
✔ [12105/12931] Built OAI.Combinatorics.Progressions.Estimates.SlicedUniformTailTolerance (19s)
✔ [12106/12931] Built OAI.Combinatorics.Progressions.Estimates.QuarticPairComparison (45s)
✔ [12107/12931] Built OAI.Combinatorics.Progressions.Polynomial.TranslationPolynomialSymbolLiftHom (31s)
✔ [12108/12931] Built OAI.Combinatorics.Progressions.Lattices.NativePairAffineCellStepDrop (35s)
✔ [12109/12932] Built OAI.Combinatorics.Progressions.Dynamics.TranslationMajorDetectedPotentialData (42s)
✔ [12110/12933] Built OAI.Combinatorics.Progressions.Probability.AllocatedSlicedProxyLaw (58s)
✔ [12111/12933] Built OAI.Combinatorics.Progressions.Polynomial.DetectedTranslationBasePolynomialBounds (49s)
✔ [12112/12933] Built OAI.Combinatorics.Progressions.Estimates.DiagonalRowTransfer (47s)
✔ [12113/12934] Built OAI.Combinatorics.Progressions.Estimates.MixedPairFrozenEquivalence (47s)
✔ [12114/12934] Built OAI.Combinatorics.Progressions.Linear.CommonProjectionFactorizationBudget (35s)
✔ [12115/12934] Built OAI.Combinatorics.Progressions.Estimates.NativeRetainedInverseIntervals (39s)
✔ [12116/12934] Built OAI.Combinatorics.Progressions.Estimates.AllocatedIdealReferenceTail (115s)
✔ [12117/12935] Built OAI.Combinatorics.Progressions.Estimates.ProductiveLocalMajorFamily (109s)
✔ [12118/12936] Built OAI.Combinatorics.Progressions.Fourier.QuarticOriginalPairFrequency (112s)
✔ [12119/12936] Built OAI.Combinatorics.Progressions.Dynamics.AllocatedFixedPathSlicedSourceErrorBudget (114s)
✔ [12120/12936] Built OAI.Combinatorics.Progressions.Estimates.RelativeSliceTargetCap (150s)
✔ [12121/12936] Built OAI.Combinatorics.Progressions.Estimates.AllocatedSlicedProxyQuadrature (162s)
✔ [12122/12937] Built OAI.Combinatorics.Progressions.Polynomial.TranslationMajorTwistedCorrelationStepDropPolynomial (190s)
✔ [12123/12938] Built OAI.Combinatorics.Progressions.Estimates.QuadraticCyclicIntegration (144s)
✔ [12124/12938] Built OAI.Combinatorics.Progressions.Geometry.MixedPairCoordinateTest (144s)
✔ [12125/12938] Built OAI.Combinatorics.Progressions.Estimates.DetectedTranslationMajorBase (147s)
✔ [12126/12939] Built OAI.Combinatorics.Progressions.Polynomial.PreparedEndpointPerturbationPolynomial (139s)
✔ [12127/12939] Built OAI.Combinatorics.Progressions.Estimates.QuarticPairFrozenEquivalence (149s)
✔ [12128/12939] Built OAI.Combinatorics.Progressions.Linear.ControlledProjectionUniformBudget (400s)
✔ [12129/12939] Built OAI.Combinatorics.Progressions.Estimates.WeightedTranslationCentralCircleAction (147s)
✔ [12130/12943] Built OAI.Combinatorics.Progressions.Dynamics.PreparedRelativeEndpointComparisonBudget (38s)
✔ [12131/12943] Built OAI.Combinatorics.Progressions.Fourier.ForecastInactiveSpectrum (102s)
✔ [12132/12944] Built OAI.Combinatorics.Progressions.Nilpotent.QuadraticPrimitiveNiltest (102s)
✔ [12133/12951] Built OAI.Combinatorics.Progressions.Sampling.DetectedTranslationMajorSamplingContainment (104s)
✔ [12134/12951] Built OAI.Combinatorics.Progressions.Estimates.NativeOptionTargetObservableRegularity (40s)
✔ [12135/12967] Built OAI.Combinatorics.Progressions.Geometry.QuarticPairCoordinateTest (25s)
✔ [12136/12970] Built OAI.Combinatorics.Progressions.Sampling.RealMatrixSpecifiedGrid (20s)
✔ [12137/12973] Built OAI.Combinatorics.Progressions.Sampling.FrozenMarkedRightOrbitGrid (23s)
✔ [12138/12979] Built OAI.Combinatorics.Progressions.Estimates.NativeMarkedFreezingPhysicalData (25s)
✔ [12139/12980] Built OAI.Combinatorics.Progressions.Estimates.ProductRestrictionWeightedCommonFactors (43s)
✔ [12140/12994] Built OAI.Combinatorics.Progressions.Nilpotent.NativeResetBracketGeometry (21s)
✔ [12141/12995] Built OAI.Combinatorics.Progressions.Estimates.HigherResidualRowDifferences (37s)
✔ [12142/12995] Built OAI.Combinatorics.Progressions.Dynamics.CandidateCommonFastBudgetMonotonicity (21s)
✔ [12143/12995] Built OAI.Combinatorics.Progressions.Polynomial.RealPolynomialGroupMapChart (21s)
✔ [12144/12996] Built OAI.Combinatorics.Progressions.Lattices.IntegerBoxUniformMeanInstance (19s)
✔ [12145/12997] Built OAI.Combinatorics.Progressions.Linear.AllocatedKernelReplacementWithCutoff (36s)
✔ [12146/12998] Built OAI.Combinatorics.Progressions.Fourier.StepOneFamilyFourier (23s)
✔ [12147/13001] Built OAI.Combinatorics.Progressions.Polynomial.CubicResidualPhase (21s)
✔ [12148/13001] Built OAI.Combinatorics.Progressions.Estimates.AllocatedCenteredJointSource (314s)
✔ [12149/13001] Built OAI.Combinatorics.Progressions.Estimates.NativeOptionPivotQuotientStrong (45s)
✔ [12150/13001] Built OAI.Combinatorics.Progressions.Estimates.ProductRestrictionsCommonRefiltration (42s)
✔ [12151/13001] Built OAI.Combinatorics.Progressions.Lattices.MaskedIntegerProductLaw (18s)
✔ [12152/13001] Built OAI.Combinatorics.Progressions.Estimates.TranslationMajorCorrelationIdentity (82s)
✔ [12153/13001] Built OAI.Combinatorics.Progressions.Lattices.RefilteredMarkedLatticeMap (19s)
✔ [12154/13002] Built OAI.Combinatorics.Progressions.Estimates.AllocatedFiniteCoefficientComparisonWithCutoff (26s)
✔ [12155/13002] Built OAI.Combinatorics.Progressions.Lattices.TranslationIntegerReduction (26s)
✔ [12156/13003] Built OAI.Combinatorics.Progressions.Geometry.AllocatedOriginalBoxInputs (42s)
✔ [12157/13004] Built OAI.Combinatorics.Progressions.Estimates.NativeMixedCubeResiduals (24s)
✔ [12158/13005] Built OAI.Combinatorics.Progressions.Linear.AllocatedOriginalSourceProjection (43s)
✔ [12159/13005] Built OAI.Combinatorics.Progressions.Linear.FixedObservableFamilyKernelProjectionIdentity (27s)
✔ [12160/13005] Built OAI.Combinatorics.Progressions.Linear.KernelNormalizationCompositionBudget (21s)
✔ [12161/13005] Built OAI.Combinatorics.Progressions.Geometry.SpatialNumericEnvelopeFunctoriality (48s)
✔ [12162/13006] Built OAI.Combinatorics.Progressions.Geometry.DetectedTranslationLogCoordinates (32s)
✔ [12163/13006] Built OAI.Combinatorics.Progressions.Linear.KernelProjectionExternalNet (20s)
✔ [12164/13007] Built OAI.Combinatorics.Progressions.Linear.LinearRelativeActualRankBudget (20s)
✔ [12165/13007] Built OAI.Combinatorics.Progressions.Fourier.NativeMixedFourierProfiles (26s)
✔ [12166/13007] Built OAI.Combinatorics.Progressions.Linear.AllocatedOriginalDensityProjectionLaw (29s)
✔ [12167/13007] Built OAI.Combinatorics.Progressions.Linear.AllocatedUniformMixtureProjection (29s)
✔ [12168/13007] Built OAI.Combinatorics.Progressions.Estimates.AllocatedNormalizedScaleChoice (19s)
✔ [12169/13007] Built OAI.Combinatorics.Progressions.Estimates.SharedWidthPreparedChoice (18s)
✔ [12170/13007] Built OAI.Combinatorics.Progressions.Estimates.NormalizedTupleParameterBounds (17s)
✔ [12171/13008] Built OAI.Combinatorics.Progressions.Probability.CommonSectionAmbientDensityMultiple (41s)
✔ [12172/13008] Built OAI.Combinatorics.Progressions.Geometry.CoarseSpatialPartitionBudget (20s)
✔ [12173/13008] Built OAI.Combinatorics.Progressions.Estimates.TranslationLogSlowNormalization (19s)
✔ [12174/13008] Built OAI.Combinatorics.Progressions.Estimates.DetectedTranslationNormalizedLogBounds (19s)
✔ [12175/13008] Built OAI.Combinatorics.Progressions.Geometry.AllocatedReferenceSpatialRemeshing (91s)
✔ [12176/13008] Built OAI.Combinatorics.Progressions.Nilpotent.FormalMarkedNiltestRestoration (19s)
✔ [12177/13008] Built OAI.Combinatorics.Progressions.Dynamics.SharedWidthNormalizedTupleSideBudget (32s)
✔ [12178/13008] Built OAI.Combinatorics.Progressions.Nilpotent.DiagramExternalNetMaskedNiltests (25s)
✔ [12179/13008] Built OAI.Combinatorics.Progressions.Geometry.PreparedModularCanonicalDetectorSpatialBounds (21s)
✔ [12180/13013] Built OAI.Combinatorics.Progressions.Estimates.NativeResidualCrossInduction (26s)
✔ [12181/13013] Built OAI.Combinatorics.Progressions.Estimates.NativeRetainedTargetCubeIntervals (29s)
✔ [12182/13013] Built OAI.Combinatorics.Progressions.Estimates.LowJetAmbientReconstruction (23s)
✔ [12183/13013] Built OAI.Combinatorics.Progressions.Linear.DetectedTranslationLogProjectionHeight (23s)
✔ [12184/13013] Built OAI.Combinatorics.Progressions.Lattices.ComparableScalarPrimeParameters (10s)
✔ [12185/13016] Built OAI.Combinatorics.Progressions.Polynomial.DetectedTranslationPhaseDegree (29s)
✔ [12186/13016] Built OAI.Combinatorics.Progressions.Dynamics.DetectedCanonicalPhysicalBudget (37s)
✔ [12187/13017] Built OAI.Combinatorics.Progressions.Geometry.MixedProfileCoordinates (17s)
✔ [12188/13019] Built OAI.Combinatorics.Progressions.Fourier.AllocatedFixedProjectedFourier (41s)
✔ [12189/13019] Built OAI.Combinatorics.Progressions.Geometry.CubeSignalCoordinates (18s)
✔ [12190/13019] Built OAI.Combinatorics.Progressions.Geometry.DetectedTranslationUniformCoordinateBounds (23s)
✔ [12191/13021] Built OAI.Combinatorics.Progressions.Polynomial.AllocatedAxisPartitionWithTailDegree (38s)
✔ [12192/13024] Built OAI.Combinatorics.Progressions.Geometry.DetectedTranslationCoordinateZero (25s)
✔ [12193/13024] Built OAI.Combinatorics.Progressions.Estimates.CubicAntisymmetricModel (41s)
✔ [12194/13032] Built OAI.Combinatorics.Progressions.Estimates.NativeSeparatedSumIntervals (28s)
✔ [12195/13032] Built OAI.Combinatorics.Progressions.Polynomial.PolynomialPatchNoPivotGlobalization (39s)
✔ [12196/13042] Built OAI.Combinatorics.Progressions.Probability.AllocatedAmbientProjectedDensityMultiple (55s)
✔ [12197/13043] Built OAI.Combinatorics.Progressions.Polynomial.TranslationMajorCorrelationStepDropPolynomial (23s)
✔ [12198/13044] Built OAI.Combinatorics.Progressions.Estimates.AllocatedProjectedReferenceData (51s)
✔ [12199/13044] Built OAI.Combinatorics.Progressions.Probability.RecoveredChartMassLogBounds (10s)
✔ [12200/13045] Built OAI.Combinatorics.Progressions.Probability.WeightedPotentialMass (10s)
✔ [12201/13046] Built OAI.Combinatorics.Progressions.Geometry.CubicBoxStepDrop (31s)
✔ [12202/13047] Built OAI.Combinatorics.Progressions.Dynamics.InactiveShortHeightBudget (17s)
✔ [12203/13048] Built OAI.Combinatorics.Progressions.Dynamics.FunctionalExtensionBudget (18s)
✔ [12204/13049] Built OAI.Combinatorics.Progressions.Dynamics.ModularWitnessWidthBudget (18s)
✔ [12205/13049] Built OAI.Combinatorics.Progressions.Probability.RecoveredChartMassEarlyPower (17s)
✔ [12206/13052] Built OAI.Combinatorics.Progressions.Linear.CubicKernelCorrelatedModel (20s)
✔ [12207/13052] Built OAI.Combinatorics.Progressions.Dynamics.SampledWeightDerivativeBudget (18s)
✔ [12208/13052] Built OAI.Combinatorics.Progressions.Dynamics.SmoothCutoffBudget (12s)
✔ [12209/13057] Built OAI.Combinatorics.Progressions.Dynamics.SharedFreeFrozenBudget (20s)
✔ [12210/13058] Built OAI.Combinatorics.Progressions.Estimates.TranslationMajorCorrelationDecomposition (69s)
✔ [12211/13059] Built OAI.Combinatorics.Progressions.Probability.AllocatedDensitySourceFamily (38s)
✔ [12212/13060] Built OAI.Combinatorics.Progressions.Dynamics.TranslationMajorCorrelationPotential (21s)
✔ [12213/13062] Built OAI.Combinatorics.Progressions.Polynomial.PolynomialProgressionPartition (19s)
✔ [12214/13064] Built OAI.Combinatorics.Progressions.Probability.ProgressionPartitionDensity (18s)
✔ [12215/13064] Built OAI.Combinatorics.Progressions.Lattices.TriangularIntegerLift (18s)
✔ [12216/13065] Built OAI.Combinatorics.Progressions.Estimates.ActiveProfileProduct (21s)
✔ [12217/13070] Built OAI.Combinatorics.Progressions.Estimates.ActiveScaledIdealRegularity (19s)
✔ [12218/13071] Built OAI.Combinatorics.Progressions.Fourier.AllocatedProjectedFourierData (20s)
✔ [12219/13080] Built OAI.Combinatorics.Progressions.Estimates.CubicPairFactoredModel (37s)
✔ [12220/13087] Built OAI.Combinatorics.Progressions.Estimates.AllocatedBooleanMinor (18s)
✔ [12221/13087] Built OAI.Combinatorics.Progressions.Polynomial.PolynomialPatchResidualCell (18s)
✔ [12222/13092] Built OAI.Combinatorics.Progressions.Fourier.PolynomialTorusDensityIncrement (20s)
✔ [12223/13093] Built OAI.Combinatorics.Progressions.Linear.AllocatedKernelIdealError (17s)
✔ [12224/13096] Built OAI.Combinatorics.Progressions.Fourier.UniformWeightTorusModel (19s)
✔ [12225/13097] Built OAI.Combinatorics.Progressions.Probability.AllocatedFixedReferenceMass (170s)
✔ [12226/13097] Built OAI.Combinatorics.Progressions.Geometry.CubicPairCoordinateTest (27s)
✔ [12227/13097] Built OAI.Combinatorics.Progressions.Geometry.GoodPartSpatialAverage (20s)
✔ [12228/13101] Built OAI.Combinatorics.Progressions.Estimates.AllocatedFixedProductComparison (31s)
✔ [12229/13107] Built OAI.Combinatorics.Progressions.Dynamics.UniformWeightPatchReset (17s)
✔ [12230/13107] Built OAI.Combinatorics.Progressions.Estimates.FiniteWeightedErrorIntegral (16s)
✔ [12231/13127] Built OAI.Combinatorics.Progressions.Estimates.AllocatedReferenceErrorWindowBound (25s)
✔ [12232/13138] Built OAI.Combinatorics.Progressions.Lattices.AllocatedCoveredResidueComparison (70s)
✔ [12233/13141] Built OAI.Combinatorics.Progressions.Sampling.ForecastNormalizedTwistExtension (23s)
✔ [12234/13142] Built OAI.Combinatorics.Progressions.Probability.ReferenceJetPositiveMass (18s)
✔ [12235/13143] Built OAI.Combinatorics.Progressions.Estimates.CoefficientUniformSmallError (20s)
✔ [12236/13143] Built OAI.Combinatorics.Progressions.Estimates.AllocatedCorrelatedModerateSites (75s)
✔ [12237/13146] Built OAI.Combinatorics.Progressions.Probability.OneCubePairLaw (20s)
✔ [12238/13147] Built OAI.Combinatorics.Progressions.Probability.SupportedRecoveredChartMassEarlyPower (19s)
✔ [12239/13148] Built OAI.Combinatorics.Progressions.Estimates.AllocatedUniformWidthObstruction (19s)
✔ [12240/13148] Built OAI.Combinatorics.Progressions.Probability.AllocatedProbabilityProfileMass (87s)
✔ [12241/13148] Built OAI.Combinatorics.Progressions.Sampling.BooleanSamplerDivergence (18s)
✔ [12242/13148] Built OAI.Combinatorics.Progressions.Estimates.BoundedPowerStackConstruction (20s)
✔ [12243/13151] Built OAI.Combinatorics.Progressions.Estimates.CubicPairPartitionPrecision (74s)
✔ [12244/13151] Built OAI.Combinatorics.Progressions.Estimates.CenteredNormalizedNativeDetection (17s)
✔ [12245/13152] Built OAI.Combinatorics.Progressions.Estimates.AllocatedTwistVariationEarlyPower (20s)
✔ [12246/13152] Built OAI.Combinatorics.Progressions.Estimates.AllocatedInactiveSiteCases (85s)
✔ [12247/13153] Built OAI.Combinatorics.Progressions.Estimates.BooleanCubeGoodTranslation (18s)
✔ [12248/13153] Built OAI.Combinatorics.Progressions.Estimates.CommonMarkedModel (23s)
✔ [12249/13153] Built OAI.Combinatorics.Progressions.Dynamics.CommonMarkedUnitBudget (18s)
✔ [12250/13160] Built OAI.Combinatorics.Progressions.Estimates.AnchoredProductFactorization (55s)
✔ [12251/13162] Built OAI.Combinatorics.Progressions.Estimates.CommonNativeScaledCorrections (21s)
✔ [12252/13162] Built OAI.Combinatorics.Progressions.Estimates.ControlledFullFastHorizontal (23s)
✔ [12253/13168] Built OAI.Combinatorics.Progressions.Estimates.CommonProjectedCorrections (29s)
✔ [12254/13169] Built OAI.Combinatorics.Progressions.Estimates.MixedPairPartitionPrecision (42s)
✔ [12255/13170] Built OAI.Combinatorics.Progressions.Polynomial.CubicBoxPolynomial (30s)
✔ [12256/13172] Built OAI.Combinatorics.Progressions.Estimates.CommonMarkedUnitModel (34s)
✔ [12257/13172] Built OAI.Combinatorics.Progressions.Estimates.NativeSixVariablePatchExpansion (24s)
✔ [12258/13172] Built OAI.Combinatorics.Progressions.Linear.CubicKernelApproximation (20s)
✔ [12259/13173] Built OAI.Combinatorics.Progressions.Estimates.FiniteProductDiscount (17s)
✔ [12260/13174] Built OAI.Combinatorics.Progressions.Estimates.DenseModelFourfoldLift (19s)
✔ [12261/13175] Built OAI.Combinatorics.Progressions.Estimates.FrozenPMFMixedComparison (17s)
✔ [12262/13175] Built OAI.Combinatorics.Progressions.Estimates.QuarticPairPartitionPrecision (69s)
✔ [12263/13179] Built OAI.Combinatorics.Progressions.Geometry.CubicBoxFactorizationTransport (23s)
✔ [12264/13180] Built OAI.Combinatorics.Progressions.Estimates.FixedAnchoredQuotientModes (28s)
✔ [12265/13181] Built OAI.Combinatorics.Progressions.Estimates.AntisymmetricMiddleQuotient (112s)
✔ [12266/13182] Built OAI.Combinatorics.Progressions.Estimates.IndependentEmbeddingConditioning (16s)
✔ [12267/13182] Built OAI.Combinatorics.Progressions.Estimates.GradedNormalizedRelativeLog (25s)
✔ [12268/13187] Built OAI.Combinatorics.Progressions.Estimates.LocalConvolutionAlternatives (17s)
✔ [12269/13188] Built OAI.Combinatorics.Progressions.Estimates.LiftedPointwiseSplitting (29s)
✔ [12270/13189] Built OAI.Combinatorics.Progressions.Estimates.CubicFactoredModel (20s)
✔ [12271/13190] Built OAI.Combinatorics.Progressions.Linear.MixedPairPartitionKernel (26s)
✔ [12272/13190] Built OAI.Combinatorics.Progressions.Estimates.MixedProductTranslation (19s)
✔ [12273/13191] Built OAI.Combinatorics.Progressions.Estimates.MixedTranslationCorrelation (22s)
✔ [12274/13191] Built OAI.Combinatorics.Progressions.Estimates.NativeAnchoredDerivativeCorrelation (19s)
✔ [12275/13191] Built OAI.Combinatorics.Progressions.Geometry.MixedBoxStepDrop (28s)
✔ [12276/13193] Built OAI.Combinatorics.Progressions.Dynamics.NativeSquarePathRecovery (26s)
✔ [12277/13193] Built OAI.Combinatorics.Progressions.Estimates.NormalizedTwistOne (19s)
✔ [12278/13196] Built OAI.Combinatorics.Progressions.Geometry.NativeTopQuotientMetric (23s)
✔ [12279/13196] Built OAI.Combinatorics.Progressions.Geometry.CubicBoxOrbitFactors (22s)
✔ [12280/13197] Built OAI.Combinatorics.Progressions.Estimates.PeriodicCongruenceEvent (19s)
✔ [12281/13197] Built OAI.Combinatorics.Progressions.Estimates.PerturbedOpenImageComparison (19s)
✔ [12282/13197] Built OAI.Combinatorics.Progressions.Estimates.QuarticPreciseSampledExchange (32s)
✔ [12283/13200] Built OAI.Combinatorics.Progressions.Estimates.MixedPreciseSampledExchange (34s)
✔ [12284/13200] Built OAI.Combinatorics.Progressions.Polynomial.MixedBoxPolynomial (23s)
✔ [12285/13201] Built OAI.Combinatorics.Progressions.Estimates.PointwiseSymbolComparison (22s)
✔ [12286/13201] Built OAI.Combinatorics.Progressions.Geometry.PolarizedCoefficientCoordinates (21s)
✔ [12287/13209] Built OAI.Combinatorics.Progressions.Estimates.PolarizedLogPermutation (19s)
✔ [12288/13212] Built OAI.Combinatorics.Progressions.Estimates.CubicFrozenMiddleExpansion (20s)
✔ [12289/13213] Built OAI.Combinatorics.Progressions.Estimates.PositiveShiftAnchor (18s)
✔ [12290/13214] Built OAI.Combinatorics.Progressions.Estimates.PolarizedLogDiagonal (21s)
✔ [12291/13214] Built OAI.Combinatorics.Progressions.Geometry.MixedBoxFactorizationTransport (28s)
✔ [12292/13217] Built OAI.Combinatorics.Progressions.Estimates.PrincipalCoefficientComparison (24s)
✔ [12293/13220] Built OAI.Combinatorics.Progressions.Estimates.ProductOperatorInverse (10s)
✔ [12294/13221] Built OAI.Combinatorics.Progressions.Estimates.NativeAnchoredSquarePartition (50s)
✔ [12295/13221] Built OAI.Combinatorics.Progressions.Geometry.CubicBoxGlobalExpansion (33s)
✔ [12296/13221] Built OAI.Combinatorics.Progressions.Estimates.WeightedCoefficientSplit (32s)
✔ [12297/13221] Built OAI.Combinatorics.Progressions.Estimates.MixedPrimitiveGowers (46s)
✔ [12298/13221] Built OAI.Combinatorics.Progressions.Estimates.MixedFactoredCorrelation (22s)
✔ [12299/13221] Built OAI.Combinatorics.Progressions.Estimates.RetainedSliceAverages (20s)
✔ [12300/13221] Built OAI.Combinatorics.Progressions.Estimates.ProgressionSliceUniformMesh (19s)
✔ [12301/13221] Built OAI.Combinatorics.Progressions.Geometry.ProgressionGeometricApproximation (21s)
✔ [12302/13222] Built OAI.Combinatorics.Progressions.Estimates.QuadraticPairCorrelatingAnchor (20s)
✔ [12303/13223] Built OAI.Combinatorics.Progressions.Estimates.CubicApproximatedModel (22s)
✔ [12304/13223] Built OAI.Combinatorics.Progressions.Lattices.ResidueRefinementBudgets (19s)
✔ [12305/13225] Built OAI.Combinatorics.Progressions.Estimates.ProgressionSliceApproximation (18s)
✔ [12306/13225] Built OAI.Combinatorics.Progressions.Nilpotent.MixedPrimitiveNiltest (21s)
✔ [12307/13226] Built OAI.Combinatorics.Progressions.Nilpotent.NativeAnchoredSquareNiltests (30s)
✔ [12308/13230] Built OAI.Combinatorics.Progressions.Probability.ProductCoefficientSiteLaw (31s)
✔ [12309/13238] Built OAI.Combinatorics.Progressions.Estimates.NativeMixedDerivativeResiduals (19s)
✔ [12310/13238] Built OAI.Combinatorics.Progressions.Estimates.ProgressionRefinedConditioning (20s)
✔ [12311/13238] Built OAI.Combinatorics.Progressions.Estimates.QuarticCyclicDiagonalComparison (28s)
✔ [12312/13244] Built OAI.Combinatorics.Progressions.Dynamics.CubicCyclicErrorBudget (21s)
✔ [12313/13244] Built OAI.Combinatorics.Progressions.Estimates.QuarticCorrelatingVerticalPair (100s)
✔ [12314/13245] Built OAI.Combinatorics.Progressions.Estimates.AxisCompression (27s)
✔ [12315/13245] Built OAI.Combinatorics.Progressions.Estimates.CubicPermutedSeven (31s)
✔ [12316/13245] Built OAI.Combinatorics.Progressions.Estimates.CubicRootExchange (24s)
✔ [12317/13245] Built OAI.Combinatorics.Progressions.Polynomial.DegreeTwoCrossGowers (23s)
✔ [12318/13251] Built OAI.Combinatorics.Progressions.Estimates.ProductCoefficientMixedCenter (24s)
✔ [12319/13252] Built OAI.Combinatorics.Progressions.Lattices.NativeIntegerBoxInverse (20s)
✔ [12320/13253] Built OAI.Combinatorics.Progressions.Geometry.QuarticBoxStepDrop (27s)
✔ [12321/13253] Built OAI.Combinatorics.Progressions.Estimates.NativeAnchoredInputPartition (41s)
✔ [12322/13254] Built OAI.Combinatorics.Progressions.Polynomial.PolynomialAxisCompression (22s)
✔ [12323/13254] Built OAI.Combinatorics.Progressions.Dynamics.QuarticCyclicErrorBudget (19s)
✔ [12324/13254] Built OAI.Combinatorics.Progressions.Estimates.CubicFrozenLinearRows (20s)
✔ [12325/13257] Built OAI.Combinatorics.Progressions.Fourier.NativeCharacterCrossFamily (21s)
✔ [12326/13257] Built OAI.Combinatorics.Progressions.Estimates.QuarticFrozenRows (23s)
✔ [12327/13260] Built OAI.Combinatorics.Progressions.Estimates.RealCoefficientFourAnnihilators (21s)
✔ [12328/13262] Built OAI.Combinatorics.Progressions.Probability.CubeMixtureNativeDetection (26s)
✔ [12329/13262] Built OAI.Combinatorics.Progressions.Polynomial.QuarticBoxPolynomial (25s)
✔ [12330/13262] Built OAI.Combinatorics.Progressions.Estimates.SimultaneousAxisCompression (21s)
✔ [12331/13264] Built OAI.Combinatorics.Progressions.Estimates.RectangularPMFComparison (19s)
✔ [12332/13265] Built OAI.Combinatorics.Progressions.Estimates.CubicDerivativeModel (63s)
✔ [12333/13265] Built OAI.Combinatorics.Progressions.Dynamics.ExpandedCoverBudget (17s)
✔ [12334/13266] Built OAI.Combinatorics.Progressions.Sampling.MeasureExceptionalBufferedScore (18s)
✔ [12335/13266] Built OAI.Combinatorics.Progressions.Estimates.CubicResidualCrossGowers (29s)
✔ [12336/13267] Built OAI.Combinatorics.Progressions.Estimates.ShortConditionedCubeAxis (17s)
✔ [12337/13267] Built OAI.Combinatorics.Progressions.Estimates.PhysicalCubeNativeDetection (20s)
✔ [12338/13269] Built OAI.Combinatorics.Progressions.Estimates.SlicedOneCubeSiteExpansion (19s)
✔ [12339/13269] Built OAI.Combinatorics.Progressions.Geometry.QuarticBoxFactorizationTransport (22s)
✔ [12340/13270] Built OAI.Combinatorics.Progressions.Polynomial.PolynomialCyclicDetection (19s)
✔ [12341/13270] Built OAI.Combinatorics.Progressions.Probability.MeasureExceptionalModeledPatchTransfer (22s)
✔ [12342/13271] Built OAI.Combinatorics.Progressions.Estimates.CubicOriginalDiagonalComparison (28s)
✔ [12343/13272] Built OAI.Combinatorics.Progressions.Estimates.UniformPhysicalStackConstruction (24s)
✔ [12344/13272] Built OAI.Combinatorics.Progressions.Estimates.CubicPreciseDiagonalExchange (28s)
✔ [12345/13272] Built OAI.Combinatorics.Progressions.Probability.CubeMixtureVertex (21s)
✔ [12346/13272] Built OAI.Combinatorics.Progressions.Probability.WeightedFundamentalMass (18s)
✔ [12347/13276] Built OAI.Combinatorics.Progressions.Sampling.PositiveGridFamily (39s)
✔ [12348/13276] Built OAI.Combinatorics.Progressions.Estimates.WeightedTestComparison (9.3s)
✔ [12349/13276] Built OAI.Combinatorics.Progressions.Estimates.TranslatedCyclicDetection (16s)
✔ [12350/13280] Built OAI.Combinatorics.Progressions.Estimates.RecursiveExceptionalPatchTransfer (18s)
✔ [12351/13281] Built OAI.Combinatorics.Progressions.Fourier.BooleanBlockMajorArc (17s)
✔ [12352/13281] Built OAI.Combinatorics.Progressions.Estimates.WeightedFundamentalApproximation (20s)
✔ [12353/13283] Built OAI.Combinatorics.Progressions.Estimates.CubicPrimitiveRows (29s)
✔ [12354/13285] Built OAI.Combinatorics.Progressions.Polynomial.CubeMixtureAllDegrees (24s)
✔ [12355/13287] Built OAI.Combinatorics.Progressions.Fourier.ControlledTorusDecomposition (20s)
✔ [12356/13287] Built OAI.Combinatorics.Progressions.Estimates.PivotStageBoundary (25s)
✔ [12357/13287] Built OAI.Combinatorics.Progressions.Geometry.FiniteImageSupportTransport (18s)
✔ [12358/13287] Built OAI.Combinatorics.Progressions.Fourier.PositiveTorusMasks (17s)
✔ [12359/13287] Built OAI.Combinatorics.Progressions.Estimates.RelativeCoefficientGeometry (18s)
✔ [12360/13289] Built OAI.Combinatorics.Progressions.Estimates.RetainedCoefficientSlice (18s)
✔ [12361/13294] Built OAI.Combinatorics.Progressions.Fourier.CubicPrimitiveFourierRows (21s)
✔ [12362/13294] Built OAI.Combinatorics.Progressions.Estimates.WeightedCubeNativeDetection (19s)
✔ [12363/13294] Built OAI.Combinatorics.Progressions.Probability.RefinedSliceLaws (19s)
✔ [12364/13296] Built OAI.Combinatorics.Progressions.Probability.ExactPhysicalMixtureNativePartner (18s)
✔ [12365/13296] Built OAI.Combinatorics.Progressions.Estimates.ReconstructedCubeNativePartner (24s)
✔ [12366/13298] Built OAI.Combinatorics.Progressions.Probability.ScalarCubeWeightMassComparison (17s)
✔ [12367/13298] Built OAI.Combinatorics.Progressions.Fourier.ConfigurationCharacters (19s)
✔ [12368/13298] Built OAI.Combinatorics.Progressions.Estimates.BoundedWeightedSliceAxis (19s)
✔ [12369/13300] Built OAI.Combinatorics.Progressions.Probability.RawWeightCellMixture (19s)
✔ [12370/13300] Built OAI.Combinatorics.Progressions.Sampling.PivotGridBounds (21s)
✔ [12371/13300] Built OAI.Combinatorics.Progressions.Estimates.CubicPrimitiveGowers (19s)
✔ [12372/13300] Built OAI.Combinatorics.Progressions.Lattices.RetainedResidueSources (17s)
✔ [12373/13300] Built OAI.Combinatorics.Progressions.Geometry.SpatialSiteNativePartner (21s)
✔ [12374/13302] Built OAI.Combinatorics.Progressions.Fourier.SiteFourierPullbackBound (18s)
✔ [12375/13302] Built OAI.Combinatorics.Progressions.Fourier.SiteFourierRegularity (18s)
✔ [12376/13303] Built OAI.Combinatorics.Progressions.Fourier.MixedDiscreteFourier (18s)
✔ [12377/13304] Built OAI.Combinatorics.Progressions.Lattices.CubeResidueMixture (19s)
✔ [12378/13307] Built OAI.Combinatorics.Progressions.Lattices.CoefficientResidueMixture (20s)
✔ [12379/13310] Built OAI.Combinatorics.Progressions.Estimates.SmoothModerateBlockBounds (17s)
✔ [12380/13310] Built OAI.Combinatorics.Progressions.Dynamics.PivotNativeIteration (19s)
✔ [12381/13310] Built OAI.Combinatorics.Progressions.Nilpotent.CubicPrimitiveNiltest (24s)
✔ [12382/13310] Built OAI.Combinatorics.Progressions.Nilpotent.MajorTranslationRationalLiftNiltest (22s)
✔ [12383/13310] Built OAI.Combinatorics.Progressions.Fourier.UniformEmbeddedFourier (21s)
✔ [12384/13310] Built OAI.Combinatorics.Progressions.Estimates.RelativeRetainedCubeSource (24s)
✔ [12385/13310] Built OAI.Combinatorics.Progressions.Geometry.AllocatedNaturalAmbientCoordinates (23s)
✔ [12386/13312] Built OAI.Combinatorics.Progressions.Fourier.SmoothModerateFourierAxis (17s)
✔ [12387/13316] Built OAI.Combinatorics.Progressions.Estimates.DyadicCountingParameters (21s)
✔ [12388/13316] Built OAI.Combinatorics.Progressions.Estimates.QuarticNativeMixed (21s)
✔ [12389/13316] Built OAI.Combinatorics.Progressions.Fourier.TaggedMajorFourierNiltest (21s)
✔ [12390/13321] Built OAI.Combinatorics.Progressions.Estimates.AllocatedTrimmedNormalization (28s)
✔ [12391/13323] Built OAI.Combinatorics.Progressions.Probability.RelativeRetainedLawTransport (22s)
✔ [12392/13323] Built OAI.Combinatorics.Progressions.Estimates.AllocatedFixedPositiveComparison (44s)
✔ [12393/13324] Built OAI.Combinatorics.Progressions.Polynomial.AllocatedComparisonPolynomial (22s)
✔ [12394/13325] Built OAI.Combinatorics.Progressions.Linear.ProgressionKernelBound (17s)
✔ [12395/13325] Built OAI.Combinatorics.Progressions.Estimates.PrincipalRetainedIntegral (17s)
✔ [12396/13325] Built OAI.Combinatorics.Progressions.Fourier.QuarticExchangedFourier (19s)
✔ [12397/13325] Built OAI.Combinatorics.Progressions.Geometry.BoxNormalizationComparison (18s)
✔ [12398/13325] Built OAI.Combinatorics.Progressions.Fourier.RelativeModerateFourierAxis (20s)
✔ [12399/13328] Built OAI.Combinatorics.Progressions.Probability.PreparedModularGeneralCenteredLaw (188s)
✔ [12400/13328] Built OAI.Combinatorics.Progressions.Geometry.CoefficientJetChartHaar (26s)
✔ [12401/13328] Built OAI.Combinatorics.Progressions.Estimates.AllocatedComparisonScale (19s)
✔ [12402/13328] Built OAI.Combinatorics.Progressions.Geometry.PrincipalSpatialTestComparison (19s)
✔ [12403/13328] Built OAI.Combinatorics.Progressions.Geometry.MixedBoxOrbitFactors (21s)
✔ [12404/13328] Built OAI.Combinatorics.Progressions.Estimates.MaskedCenteredCounting (20s)
✔ [12405/13328] Built OAI.Combinatorics.Progressions.Dynamics.RelativeModerateUniformBudget (22s)
✔ [12406/13328] Built OAI.Combinatorics.Progressions.Dynamics.RelativeCubeUniformBudget (25s)
✔ [12407/13328] Built OAI.Combinatorics.Progressions.Probability.AllocatedSpatialMixture (39s)
✔ [12408/13328] Built OAI.Combinatorics.Progressions.Geometry.AllocatedNormalizedSpatialApproximation (70s)
✔ [12409/13328] Built OAI.Combinatorics.Progressions.Geometry.AntisymmetricBoxStepDrop (44s)
✔ [12410/13331] Built OAI.Combinatorics.Progressions.Estimates.QuarticCyclicPositiveCorrelation (54s)
✔ [12411/13332] Built OAI.Combinatorics.Progressions.Estimates.AllocatedSlicedOneCube (48s)
✔ [12412/13332] Built OAI.Combinatorics.Progressions.Geometry.AllocatedCenteredJointExcessTransport (46s)
✔ [12413/13332] Built OAI.Combinatorics.Progressions.Estimates.AllocatedCenteredNarrowAmplitudeNormalization (38s)
✔ [12414/13332] Built OAI.Combinatorics.Progressions.Estimates.AllocatedCenteredJointProductivity (31s)
✔ [12415/13332] Built OAI.Combinatorics.Progressions.Polynomial.AllocatedCenteredConditionalPolynomial (27s)
✔ [12416/13332] Built OAI.Combinatorics.Progressions.Fourier.RawModerateFourierBudget (20s)
✔ [12417/13333] Built OAI.Combinatorics.Progressions.Fourier.CharacterCenteredCounting (23s)
✔ [12418/13334] Built OAI.Combinatorics.Progressions.Estimates.AllocatedFixedScaleJointMarginal (47s)
✔ [12419/13335] Built OAI.Combinatorics.Progressions.Fourier.RawCubeFourierBudget (21s)
✔ [12420/13335] Built OAI.Combinatorics.Progressions.Estimates.AllocatedOriginalCubeSelection (43s)
✔ [12421/13336] Built OAI.Combinatorics.Progressions.Geometry.SmoothSpatialSiteExpansion (20s)
✔ [12422/13336] Built OAI.Combinatorics.Progressions.Geometry.VectorSpatialPartitionBudget (21s)
✔ [12423/13336] Built OAI.Combinatorics.Progressions.Geometry.QuarticBoxOrbitFactors (24s)
✔ [12424/13337] Built OAI.Combinatorics.Progressions.Estimates.ConfigurationCenteredCounting (21s)
✔ [12425/13337] Built OAI.Combinatorics.Progressions.Estimates.QuarticAntisymmetricModel (30s)
✔ [12426/13337] Built OAI.Combinatorics.Progressions.Lattices.AdaptiveResidueNormalization (18s)
✔ [12427/13338] Built OAI.Combinatorics.Progressions.Polynomial.AllocatedPolynomialSpatialTest (51s)
✔ [12428/13338] Built OAI.Combinatorics.Progressions.Lattices.AffineCoefficientApproximatedMean (18s)
✔ [12429/13338] Built OAI.Combinatorics.Progressions.Estimates.QuadraticAntisymmetricOrbit (52s)
✔ [12430/13339] Built OAI.Combinatorics.Progressions.Lattices.AffineCubeUniformRemoval (19s)
✔ [12431/13339] Built OAI.Combinatorics.Progressions.Dynamics.AllocatedNarrowPathMarginal (33s)
✔ [12432/13339] Built OAI.Combinatorics.Progressions.Fourier.FourierWeightedCounting (21s)
✔ [12433/13339] Built OAI.Combinatorics.Progressions.Estimates.QuarticFrozenMiddleExpansion (24s)
✔ [12434/13339] Built OAI.Combinatorics.Progressions.Lattices.AffineLayeredModeReduction (21s)
✔ [12435/13341] Built OAI.Combinatorics.Progressions.Geometry.QuarticAntisymmetricBox (23s)
✔ [12436/13341] Built OAI.Combinatorics.Progressions.Lattices.AffineSquareErrorAccuracy (9.1s)
✔ [12437/13342] Built OAI.Combinatorics.Progressions.Lattices.AffineObservedTransport (19s)
✔ [12438/13343] Built OAI.Combinatorics.Progressions.Geometry.QuadraticLocalBox (18s)
✔ [12439/13343] Built OAI.Combinatorics.Progressions.Estimates.AllocatedActualNormalizedTupleStatement (58s)
✔ [12440/13343] Built OAI.Combinatorics.Progressions.Lattices.AbsoluteCRTWindow (22s)
✔ [12441/13343] Built OAI.Combinatorics.Progressions.Geometry.QuarticBoxGlobalExpansion (25s)
✔ [12442/13343] Built OAI.Combinatorics.Progressions.Estimates.QuarticFactoredModel (23s)
✔ [12443/13346] Built OAI.Combinatorics.Progressions.Linear.QuarticKernelCorrelatedModel (21s)
✔ [12444/13347] Built OAI.Combinatorics.Progressions.Estimates.AllocatedProjectedAmbientLogBounds (27s)
✔ [12445/13348] Built OAI.Combinatorics.Progressions.Geometry.AllocatedPrescribedSpatialTest (54s)
✔ [12446/13349] Built OAI.Combinatorics.Progressions.Estimates.AllocatedCenteredNarrowPrescribedMarginal (42s)
✔ [12447/13349] Built OAI.Combinatorics.Progressions.Lattices.AllocatedAffineSmoothCoefficientLaw (19s)
✔ [12448/13351] Built OAI.Combinatorics.Progressions.Nilpotent.AllocatedNiltestSourceSelection (86s)
✔ [12449/13351] Built OAI.Combinatorics.Progressions.Polynomial.AbsoluteCRTPolynomialPatch (20s)
✔ [12450/13351] Built OAI.Combinatorics.Progressions.Estimates.QuarticPairPartitionedModel (28s)
✔ [12451/13352] Built OAI.Combinatorics.Progressions.Lattices.AllocatedJointResidueLaw (30s)
✔ [12452/13352] Built OAI.Combinatorics.Progressions.Fourier.AllocatedPointSpectrumCap (35s)
✔ [12453/13352] Built OAI.Combinatorics.Progressions.Lattices.AllocatedPhysicalResidueAverage (35s)
✔ [12454/13356] Built OAI.Combinatorics.Progressions.Lattices.ProductiveAbsoluteCRTPatches (22s)
✔ [12455/13357] Built OAI.Combinatorics.Progressions.Fourier.AllocatedResidueSpectrum (31s)
✔ [12456/13360] Built OAI.Combinatorics.Progressions.Sampling.AllocatedExternalCandidateSamplerFamily (51s)
✔ [12457/13360] Built OAI.Combinatorics.Progressions.Probability.SourceOrderImageLaw (9.9s)
✔ [12458/13361] Built OAI.Combinatorics.Progressions.Estimates.CoefficientAverageL1 (20s)
✔ [12459/13361] Built OAI.Combinatorics.Progressions.Estimates.QuarticAnchoredMixedModel (28s)
✔ [12460/13361] Built OAI.Combinatorics.Progressions.Nilpotent.AllocatedNiltestSupportedSlicedDetection (55s)
✔ [12461/13361] Built OAI.Combinatorics.Progressions.Estimates.QuarticPrimitiveGowers (37s)
✔ [12462/13362] Built OAI.Combinatorics.Progressions.Geometry.AveragedIdealSupport (20s)
✔ [12463/13363] Built OAI.Combinatorics.Progressions.Estimates.AllocatedActualNormalizedTupleComparison (80s)
✔ [12464/13363] Built OAI.Combinatorics.Progressions.Probability.AveragedJointImageLaw (19s)
✔ [12465/13363] Built OAI.Combinatorics.Progressions.Geometry.ActualCandidateSpatialCenter (21s)
✔ [12466/13364] Built OAI.Combinatorics.Progressions.Probability.RetainedGroupedDensity (17s)
✔ [12467/13364] Built OAI.Combinatorics.Progressions.Probability.AllocatedZeroLayerLaw (23s)
✔ [12468/13364] Built OAI.Combinatorics.Progressions.Probability.AllocatedEmptyLayerLaw (25s)
✔ [12469/13364] Built OAI.Combinatorics.Progressions.Probability.RetainedJointUnitLaw (19s)
✔ [12470/13366] Built OAI.Combinatorics.Progressions.Estimates.PreparedModularCanonicalDetectorThreshold (21s)
✔ [12471/13369] Built OAI.Combinatorics.Progressions.Lattices.BooleanJetResidueMask (21s)
✔ [12472/13369] Built OAI.Combinatorics.Progressions.Nilpotent.QuarticPrimitiveNiltest (25s)
✔ [12473/13369] Built OAI.Combinatorics.Progressions.Lattices.AllocatedResidueGridBudget (50s)
✔ [12474/13372] Built OAI.Combinatorics.Progressions.Lattices.ComparableResidueLocalization (22s)
✔ [12475/13372] Built OAI.Combinatorics.Progressions.Estimates.RetainedJointUnitOrder (21s)
✔ [12476/13372] Built OAI.Combinatorics.Progressions.Lattices.CanonicalResidueCoverLaw (34s)
✔ [12477/13376] Built OAI.Combinatorics.Progressions.Lattices.JointIntegerNormalization (20s)
✔ [12478/13377] Built OAI.Combinatorics.Progressions.Estimates.CanonicalEmptyLayerGeometry (34s)
✔ [12479/13378] Built OAI.Combinatorics.Progressions.Lattices.LocalLatticeChart (23s)
✔ [12480/13379] Built OAI.Combinatorics.Progressions.Estimates.AllocatedProjectedNormalizedComparison (43s)
✔ [12481/13379] Built OAI.Combinatorics.Progressions.Estimates.QuarticCyclicInverse (22s)
✔ [12482/13379] Built OAI.Combinatorics.Progressions.Geometry.NativeTranslatedBoxInverse (21s)
✔ [12483/13379] Built OAI.Combinatorics.Progressions.Lattices.NativeJointAffineGraphRecovery (20s)
✔ [12484/13379] Built OAI.Combinatorics.Progressions.Fourier.NativeRoundedBohrModel (21s)
✔ [12485/13379] Built OAI.Combinatorics.Progressions.Lattices.NativeSampleVerticalAffineExpansion (21s)
✔ [12486/13379] Built OAI.Combinatorics.Progressions.Lattices.ProductResidueCutoff (19s)
✔ [12487/13379] Built OAI.Combinatorics.Progressions.Lattices.AveragedAffineGrid (26s)
✔ [12488/13379] Built OAI.Combinatorics.Progressions.Dynamics.UnconditionedCollisionWidthLogBudget (21s)
✔ [12489/13379] Built OAI.Combinatorics.Progressions.Estimates.UnconditionedFixedPatchFamily (24s)
✔ [12490/13380] Built OAI.Combinatorics.Progressions.Estimates.UnconditionedAbsolutePatchFamily (21s)
✔ [12491/13380] Built OAI.Combinatorics.Progressions.Estimates.EmptyLayerPrescribedScale (25s)
✔ [12492/13380] Built OAI.Combinatorics.Progressions.Dynamics.AllocatedFixedScaleCollisionBudget (26s)
✔ [12493/13381] Built OAI.Combinatorics.Progressions.Dynamics.UnconditionedWidthExponentialBudget (28s)
✔ [12494/13381] Built OAI.Combinatorics.Progressions.Estimates.CanonicalUnconditionedScalarTransfer (36s)
✔ [12495/13381] Built OAI.Combinatorics.Progressions.Lattices.QuantitativeRealSubgroupLattice (25s)
✔ [12496/13381] Built OAI.Combinatorics.Progressions.Estimates.PreparedScalarStructuralBasePower (28s)
✔ [12497/13381] Built OAI.Combinatorics.Progressions.Lattices.ResidueCellPairCancellation (21s)
✔ [12498/13381] Built OAI.Combinatorics.Progressions.Lattices.NativeIntegerIntervalInverse (22s)
✔ [12499/13381] Built OAI.Combinatorics.Progressions.Estimates.NativeRoundedHomModel (23s)
✔ [12500/13381] Built OAI.Combinatorics.Progressions.Lattices.AveragedAffineMixedGrid (22s)
✔ [12501/13381] Built OAI.Combinatorics.Progressions.Lattices.InputQuantitativeAffineL1 (22s)
✔ [12502/13381] Built OAI.Combinatorics.Progressions.Lattices.AveragedAffineLogMixedGrid (24s)
✔ [12503/13383] Built OAI.Combinatorics.Progressions.Sampling.JointMeasureProductiveNarrowSampler (76s)
✔ [12504/13383] Built OAI.Combinatorics.Progressions.Lattices.ResidueEventOrAnchoredChild (21s)
✔ [12505/13384] Built OAI.Combinatorics.Progressions.Lattices.ResidueGoodKernelBound (16s)
✔ [12506/13384] Built OAI.Combinatorics.Progressions.Lattices.UnconditionedLatePrimeBudget (19s)
✔ [12507/13384] Built OAI.Combinatorics.Progressions.Geometry.AllocatedProjectedSpatialComparison (61s)
✔ [12508/13384] Built OAI.Combinatorics.Progressions.Estimates.UnconditionedTrimmedSliceFamily (21s)
✔ [12509/13384] Built OAI.Combinatorics.Progressions.Geometry.NormalizedCoordinateCutoff (19s)
✔ [12510/13384] Built OAI.Combinatorics.Progressions.Estimates.ComparableUnconditionedScalarTransfer (26s)
✔ [12511/13384] Built OAI.Combinatorics.Progressions.Geometry.AllocatedSlicedSupportedSite (27s)
✔ [12512/13384] Built OAI.Combinatorics.Progressions.Lattices.NativeRealAffineRecovery (21s)
✔ [12513/13384] Built OAI.Combinatorics.Progressions.Sampling.AllocatedFixedPathForecastErrorBudget (25s)
✔ [12514/13384] Built OAI.Combinatorics.Progressions.Estimates.SpectralCylinderDecomposition (19s)
✔ [12515/13387] Built OAI.Combinatorics.Progressions.Dynamics.PreparedJointPhysicalScalarBudget (21s)
✔ [12516/13387] Built OAI.Combinatorics.Progressions.Lattices.RetainedResidueModelLaws (21s)
✔ [12517/13387] Built OAI.Combinatorics.Progressions.Estimates.AllocatedNarrowJointCollision (38s)
✔ [12518/13388] Built OAI.Combinatorics.Progressions.Geometry.CanonicalScalarFullBoxDiscrepancy (19s)
✔ [12519/13388] Built OAI.Combinatorics.Progressions.Polynomial.AllocatedSpatialLogPolynomial (23s)
✔ [12520/13389] Built OAI.Combinatorics.Progressions.Sampling.RelativeSliceScalarMeshScore (19s)
✔ [12521/13389] Built OAI.Combinatorics.Progressions.Dynamics.AllocatedFixedPathAmbientUniformPrecision (22s)
✔ [12522/13389] Built OAI.Combinatorics.Progressions.Lattices.ResidueSpectralDecomposition (21s)
✔ [12523/13393] Built OAI.Combinatorics.Progressions.Polynomial.PolynomialResidueDescentSize (20s)
✔ [12524/13393] Built OAI.Combinatorics.Progressions.Linear.BufferedCoordinateProjection (29s)
✔ [12525/13394] Built OAI.Combinatorics.Progressions.Estimates.AllocatedSiteBufferLog (67s)
✔ [12526/13395] Built OAI.Combinatorics.Progressions.Estimates.ComparableUnconditionedScalarFamily (22s)
✔ [12527/13395] Built OAI.Combinatorics.Progressions.Sampling.AllocatedFixedScaleProductiveNarrowSampler (27s)
✔ [12528/13395] Built OAI.Combinatorics.Progressions.Lattices.UniformResidueDescentParameters (21s)
✔ [12529/13395] Built OAI.Combinatorics.Progressions.Estimates.AllocatedTupleSideThreshold (34s)
✔ [12530/13395] Built OAI.Combinatorics.Progressions.Lattices.DenseResidueScalarScoreNet (36s)
✔ [12531/13396] Built OAI.Combinatorics.Progressions.Geometry.AllocatedSiteTermSupport (31s)
✔ [12532/13397] Built OAI.Combinatorics.Progressions.Probability.AllocatedSiteEnvelopeMass (31s)
✔ [12533/13397] Built OAI.Combinatorics.Progressions.Linear.AllocatedGoodKernelCoveredComparison (49s)
✔ [12534/13397] Built OAI.Combinatorics.Progressions.Fourier.AllocatedSiteBufferFourier (32s)
✔ [12535/13397] Built OAI.Combinatorics.Progressions.Linear.AllocatedGoodKernelTupleSpatialDensity (50s)
✔ [12536/13398] Built OAI.Combinatorics.Progressions.Probability.ComparableUnconditionedScalarFamilyDensity (22s)
✔ [12537/13398] Built OAI.Combinatorics.Progressions.Linear.AllocatedKernelSpatialScaleBudget (22s)
✔ [12538/13402] Built OAI.Combinatorics.Progressions.Estimates.AllocatedCoveredHaarTransfer (73s)
✔ [12539/13403] Built OAI.Combinatorics.Progressions.Probability.AllocatedLongIntegralMass (57s)
✔ [12540/13404] Built OAI.Combinatorics.Progressions.Sampling.AllocatedUnifiedSamplingBudget (32s)
✔ [12541/13404] Built OAI.Combinatorics.Progressions.Dynamics.NormalizedTupleLargerBudget (42s)
✔ [12542/13404] Built OAI.Combinatorics.Progressions.Estimates.AllocatedFullSiteRadius (25s)
✔ [12543/13404] Built OAI.Combinatorics.Progressions.Dynamics.RelativeScalarNetPassageBudget (31s)
✔ [12544/13404] Built OAI.Combinatorics.Progressions.Linear.AllocatedUniformMixtureProjectionLaw (28s)
✔ [12545/13404] Built OAI.Combinatorics.Progressions.Fourier.ResidueFourierProjection (24s)
✔ [12546/13405] Built OAI.Combinatorics.Progressions.Estimates.AllocatedPrescribedCoveredComparison (54s)
✔ [12547/13405] Built OAI.Combinatorics.Progressions.Linear.CoveredJetProjection (33s)
✔ [12548/13406] Built OAI.Combinatorics.Progressions.Estimates.AllocatedMaskedProfileCap (37s)
✔ [12549/13406] Built OAI.Combinatorics.Progressions.Linear.AllocatedKernelSiteMask (34s)
✔ [12550/13406] Built OAI.Combinatorics.Progressions.Linear.FastKernelReabsorption (42s)
✔ [12551/13406] Built OAI.Combinatorics.Progressions.Sampling.AllocatedSiteSamplingBudget (28s)
✔ [12552/13406] Built OAI.Combinatorics.Progressions.Linear.FixedObservableFamilyKernelProjection (26s)
✔ [12553/13406] Built OAI.Combinatorics.Progressions.Estimates.AllocatedFiniteCoefficientL1 (66s)
✔ [12554/13407] Built OAI.Combinatorics.Progressions.Sampling.BudgetedGridProjection (26s)
✔ [12555/13407] Built OAI.Combinatorics.Progressions.Dynamics.AllocatedFullSiteRadiusBudget (33s)
✔ [12556/13407] Built OAI.Combinatorics.Progressions.Dynamics.AllocatedProjectedBudgetedComparison (58s)
✔ [12557/13407] Built OAI.Combinatorics.Progressions.Linear.FrozenKernelArrayBridge (46s)
✔ [12558/13407] Built OAI.Combinatorics.Progressions.Estimates.AllocatedSourceNormalization (36s)
✔ [12559/13407] Built OAI.Combinatorics.Progressions.Lattices.AllocatedResidueCoefficientL1WithCutoff (35s)
✔ [12560/13407] Built OAI.Combinatorics.Progressions.Linear.GoodKernelJetBudget (28s)
✔ [12561/13408] Built OAI.Combinatorics.Progressions.Lattices.AllocatedResidueCoefficientL1 (49s)
✔ [12562/13412] Built OAI.Combinatorics.Progressions.Linear.BudgetedProjectionAccuracy (42s)
✔ [12563/13420] Built OAI.Combinatorics.Progressions.Linear.AllocatedCanonicalProjectionBudget (44s)
✔ [12564/13420] Built OAI.Combinatorics.Progressions.Estimates.CappedNormalizedComparison (35s)
✔ [12565/13421] Built OAI.Combinatorics.Progressions.Estimates.AllocatedSlicedDiscreteIdeal (184s)
✔ [12566/13422] Built OAI.Combinatorics.Progressions.Probability.AllocatedAccuracyReferenceMass (155s)
✔ [12567/13428] Built OAI.Combinatorics.Progressions.Lattices.AnchoredResidueProjectionTransfer (30s)
✔ [12568/13430] Built OAI.Combinatorics.Progressions.Estimates.AnchoredCoefficientHaarApproximation (29s)
✔ [12569/13430] Built OAI.Combinatorics.Progressions.Estimates.AllocatedSlicedIdealTransferWithCutoff (58s)
✔ [12570/13431] Built OAI.Combinatorics.Progressions.Estimates.AnchoredTrimmedReference (21s)
✔ [12571/13431] Built OAI.Combinatorics.Progressions.Dynamics.SelectedParameterBudget (20s)
✔ [12572/13433] Built OAI.Combinatorics.Progressions.Estimates.ScaledFloorPerturbation (12s)
✔ [12573/13436] Built OAI.Combinatorics.Progressions.Estimates.RelativeWidthProfileScale (22s)
✔ [12574/13439] Built OAI.Combinatorics.Progressions.Probability.AnchoredOneSiteDensityComparison (22s)
✔ [12575/13439] Built OAI.Combinatorics.Progressions.Probability.AnchoredCoefficientDensityMass (23s)
✔ [12576/13439] Built OAI.Combinatorics.Progressions.Sampling.KernelSamplerThreshold (21s)
✔ [12577/13439] Built OAI.Combinatorics.Progressions.Geometry.PrincipalSpatialJointTest (25s)
✔ [12578/13443] Built OAI.Combinatorics.Progressions.Sampling.SmallKernelSamplerThreshold (21s)
✔ [12579/13447] Built OAI.Combinatorics.Progressions.Estimates.JointL1TupleQuadrature (21s)
✔ [12580/13447] Built OAI.Combinatorics.Progressions.Sampling.PrincipalCoefficientGridFamily (22s)
✔ [12581/13447] Built OAI.Combinatorics.Progressions.Polynomial.AnchoredPolynomialOneSiteComparison (23s)
✔ [12582/13447] Built OAI.Combinatorics.Progressions.Linear.KernelFamilyOutputBounds (22s)
✔ [12583/13450] Built OAI.Combinatorics.Progressions.Polynomial.AnchoredPolynomialDensityMass (22s)
✔ [12584/13451] Built OAI.Combinatorics.Progressions.Estimates.CommonWeightedExchange (25s)
✔ [12585/13451] Built OAI.Combinatorics.Progressions.Geometry.QuadraticBoxExpansion (23s)
✔ [12586/13452] Built OAI.Combinatorics.Progressions.Sampling.JointTupleGrid (22s)
✔ [12587/13452] Built OAI.Combinatorics.Progressions.Linear.AllocatedGoodKernelHaarComparison (208s)
✔ [12588/13453] Built OAI.Combinatorics.Progressions.Linear.RecursiveLayerRankBudget (21s)
✔ [12589/13453] Built OAI.Combinatorics.Progressions.Estimates.AnchoredSelectedOneSiteComparison (26s)
✔ [12590/13455] Built OAI.Combinatorics.Progressions.Estimates.AnchoredSelectedNormalization (27s)
✔ [12591/13455] Built OAI.Combinatorics.Progressions.Estimates.AnchoredTranslatedNormalization (28s)
✔ [12592/13456] Built OAI.Combinatorics.Progressions.Nilpotent.DiagramExternalPhysicalNiltests (28s)
✔ [12593/13456] Built OAI.Combinatorics.Progressions.Estimates.PrincipalJointL1Comparison (22s)
✔ [12594/13457] Built OAI.Combinatorics.Progressions.Nilpotent.FixedPatchNiltestFamily (30s)
✔ [12595/13458] Built OAI.Combinatorics.Progressions.Estimates.QuadraticWeightedSymmetry (28s)
✔ [12596/13459] Built OAI.Combinatorics.Progressions.Nilpotent.PositiveNiltestDiscretization (21s)
✔ [12597/13461] Built OAI.Combinatorics.Progressions.Nilpotent.QuotientSectionNiltests (23s)
✔ [12598/13462] Built OAI.Combinatorics.Progressions.Polynomial.AffineKernelPolynomialCutoff (19s)
✔ [12599/13463] Built OAI.Combinatorics.Progressions.Sampling.AnchoredSamplerGeometry (26s)
✔ [12600/13464] Built OAI.Combinatorics.Progressions.Polynomial.AffineMonomialDensity (22s)
✔ [12601/13464] Built OAI.Combinatorics.Progressions.Geometry.PrincipalSpatialL1Comparison (23s)
✔ [12602/13465] Built OAI.Combinatorics.Progressions.Linear.QuadraticMatrixSymmetry (23s)
✔ [12603/13465] Built OAI.Combinatorics.Progressions.Probability.BaseAndCenterMixedLaw (35s)
✔ [12604/13466] Built OAI.Combinatorics.Progressions.Estimates.AllocatedCoveredSiteExpansion (323s)
✔ [12605/13466] Built OAI.Combinatorics.Progressions.Polynomial.DegreeOnePatchReset (21s)
✔ [12606/13466] Built OAI.Combinatorics.Progressions.Polynomial.AllocatedSpatialPolynomialBudget (30s)
✔ [12607/13466] Built OAI.Combinatorics.Progressions.Polynomial.ControlledPolynomialSplitting (24s)
✔ [12608/13466] Built OAI.Combinatorics.Progressions.Polynomial.DetectedTranslationNormalizedDegreeDecomposition (23s)
✔ [12609/13466] Built OAI.Combinatorics.Progressions.Polynomial.MeanRowDegreeLowering (20s)
✔ [12610/13466] Built OAI.Combinatorics.Progressions.Polynomial.PolynomialBlockReduction (21s)
✔ [12611/13470] Built OAI.Combinatorics.Progressions.Estimates.CenteredFullParameterGeometry (33s)
✔ [12612/13471] Built OAI.Combinatorics.Progressions.Sampling.QuantitativeKernelJointGrid (26s)
✔ [12613/13471] Built OAI.Combinatorics.Progressions.Sampling.AnchoredSamplerDomination (28s)
✔ [12614/13471] Built OAI.Combinatorics.Progressions.Polynomial.PolynomialCyclicProductDetection (23s)
✔ [12615/13473] Built OAI.Combinatorics.Progressions.Polynomial.PolynomialPatchConversion (32s)
✔ [12616/13476] Built OAI.Combinatorics.Progressions.Polynomial.PolynomialPatchWeightedChartFiniteScore (34s)
✔ [12617/13476] Built OAI.Combinatorics.Progressions.Linear.KernelJointPrescribedError (37s)
✔ [12618/13477] Built OAI.Combinatorics.Progressions.Estimates.AnchoredFixedCenterDomination (27s)
✔ [12619/13477] Built OAI.Combinatorics.Progressions.Probability.MixedCoveredAbsoluteMass (61s)
✔ [12620/13477] Built OAI.Combinatorics.Progressions.Estimates.AllocatedProfileErrorMajorant (64s)
✔ [12621/13477] Built OAI.Combinatorics.Progressions.Sampling.PrincipalZeroRationalForecast (20s)
✔ [12622/13483] Built OAI.Combinatorics.Progressions.Geometry.AllocatedCanonicalSpatialProxy (29s)
✔ [12623/13486] Built OAI.Combinatorics.Progressions.Dynamics.AllocatedRecenteredErrorBudget (23s)
✔ [12624/13487] Built OAI.Combinatorics.Progressions.Polynomial.PrincipalZeroJetPolynomial (23s)
✔ [12625/13487] Built OAI.Combinatorics.Progressions.Geometry.AllocatedFullSiteSupport (102s)
✔ [12626/13489] Built OAI.Combinatorics.Progressions.Estimates.AllocatedActualHaarComparison (119s)
✔ [12627/13489] Built OAI.Combinatorics.Progressions.Probability.ConstantDensityBudget (23s)
✔ [12628/13489] Built OAI.Combinatorics.Progressions.Probability.ComparableUnconditionedScalarProductiveFamilyDensity (30s)
✔ [12629/13489] Built OAI.Combinatorics.Progressions.Probability.AllocatedTailDensityComparison (38s)
✔ [12630/13489] Built OAI.Combinatorics.Progressions.Linear.SmallKernelAllSites (64s)
✔ [12631/13489] Built OAI.Combinatorics.Progressions.Probability.AllocatedCenteredReferenceMassTransfer (75s)
✔ [12632/13490] Built OAI.Combinatorics.Progressions.Estimates.AllocatedBufferedAmbientCutoff (37s)
✔ [12633/13490] Built OAI.Combinatorics.Progressions.Probability.AllocatedProfileErrorSampledMass (99s)
✔ [12634/13490] Built OAI.Combinatorics.Progressions.Estimates.AllocatedNaturalFullSiteScale (42s)
✔ [12635/13490] Built OAI.Combinatorics.Progressions.Estimates.AllocatedFullAmbientSiteFactor (45s)
✔ [12636/13490] Built OAI.Combinatorics.Progressions.Estimates.AllocatedCoveredActualProfile (34s)
✔ [12637/13491] Built OAI.Combinatorics.Progressions.Estimates.AllocatedSlicedLongReference (44s)
✔ [12638/13491] Built OAI.Combinatorics.Progressions.Probability.AllocatedAnisotropicDensityComparison (129s)
✔ [12639/13491] Built OAI.Combinatorics.Progressions.Estimates.PhysicalSingleSiteCommonCover (97s)
✔ [12640/13492] Built OAI.Combinatorics.Progressions.Sampling.ForecastNativePullbackBudget (97s)
✔ [12641/13492] Built OAI.Combinatorics.Progressions.Lattices.AffineCubeCoveredProjection (20s)
✔ [12642/13492] Built OAI.Combinatorics.Progressions.Probability.FiniteFiberDensity (20s)
✔ [12643/13493] Built OAI.Combinatorics.Progressions.Linear.KernelFullParameterGeometry (30s)
✔ [12644/13493] Built OAI.Combinatorics.Progressions.Estimates.AllocatedWeightedProfileError (35s)
✔ [12645/13493] Built OAI.Combinatorics.Progressions.Probability.MixedMassLogBudget (24s)
✔ [12646/13493] Built OAI.Combinatorics.Progressions.Estimates.AllocatedActualProfileAccuracy (43s)
✔ [12647/13493] Built OAI.Combinatorics.Progressions.Sampling.AllocatedFullGridSiteFactors (34s)
✔ [12648/13493] Built OAI.Combinatorics.Progressions.Lattices.AffineSiteCoverTilt (39s)
✔ [12649/13493] Built OAI.Combinatorics.Progressions.Estimates.AllocatedIdealComparisonAssembly (109s)
✔ [12650/13493] Built OAI.Combinatorics.Progressions.Dynamics.CoefficientAmbientRootBudget (28s)
✔ [12651/13493] Built OAI.Combinatorics.Progressions.Lattices.NormalizedTwistAffineCells (27s)
✔ [12652/13494] Built OAI.Combinatorics.Progressions.Lattices.NormalizedResidueSpatialHaarBudget (31s)
✔ [12653/13494] Built OAI.Combinatorics.Progressions.Fourier.NormalizedTwistSingleSiteFourierHaar (42s)
✔ [12654/13495] Built OAI.Combinatorics.Progressions.Probability.NormalizedJetDensityL1 (27s)
✔ [12655/13495] Built OAI.Combinatorics.Progressions.Polynomial.ConstantPolynomialSingleSiteRealization (29s)
✔ [12656/13495] Built OAI.Combinatorics.Progressions.Probability.CoveredPhysicalDensityComparison (29s)
✔ [12657/13495] Built OAI.Combinatorics.Progressions.Estimates.AllocatedActiveContainedTupleMap (56s)
✔ [12658/13495] Built OAI.Combinatorics.Progressions.Estimates.AllocatedBufferedPhysicalFactorization (213s)
✔ [12659/13495] Built OAI.Combinatorics.Progressions.Probability.OneSiteDensityTestedError (41s)
✔ [12660/13495] Built OAI.Combinatorics.Progressions.Sampling.ForecastActiveGridIntegralComparison (67s)
✔ [12661/13498] Built OAI.Combinatorics.Progressions.Estimates.ShiftedSiteCoverTilt (44s)
✔ [12662/13498] Built OAI.Combinatorics.Progressions.Linear.AllocatedGoodKernelIdealComparison (42s)
✔ [12663/13500] Built OAI.Combinatorics.Progressions.Probability.RawSourceDensityTransfer (21s)
✔ [12664/13500] Built OAI.Combinatorics.Progressions.Estimates.NormalizedTwistSliceVariationPairCorrelation (31s)
✔ [12665/13500] Built OAI.Combinatorics.Progressions.Probability.PrincipalSupportedJointLaw (25s)
✔ [12666/13500] Built OAI.Combinatorics.Progressions.Estimates.AllocatedSlicedOriginalLongComparison (196s)
✔ [12667/13500] Built OAI.Combinatorics.Progressions.Lattices.SmoothSpatialResidueMixture (32s)
✔ [12668/13500] Built OAI.Combinatorics.Progressions.Lattices.ResidueSpatialSiteExpansion (28s)
✔ [12669/13501] Built OAI.Combinatorics.Progressions.Dynamics.NativeTwistedSliceBudget (26s)
✔ [12670/13508] Built OAI.Combinatorics.Progressions.Estimates.NormalizedTwistTrimmedOuterCells (27s)
✔ [12671/13520] Built OAI.Combinatorics.Progressions.Probability.SelectedDensityNormalizedTwistRoot (42s)
✔ [12672/13522] Built OAI.Combinatorics.Progressions.Probability.CandidateFrontFactorMassBlockBudget (30s)
✔ [12673/13541] Built OAI.Combinatorics.Progressions.Probability.ScalarTupleSpatialMixture (32s)
✔ [12674/13541] Built OAI.Combinatorics.Progressions.Probability.SmoothSpatialSiteMixture (31s)
✔ [12675/13542] Built OAI.Combinatorics.Progressions.Estimates.NativeTrimmedTwistedSliceStepDrop (35s)
✔ [12676/13542] Built OAI.Combinatorics.Progressions.Estimates.NativePhysicalHaarExpansion (78s)
✔ [12677/13543] Built OAI.Combinatorics.Progressions.Estimates.RetainedPatchCutoffChoice (17s)
✔ [12678/13543] Built OAI.Combinatorics.Progressions.Dynamics.NativeAdaptedOrdinaryResetGeometry (43s)
✔ [12679/13543] Built OAI.Combinatorics.Progressions.Polynomial.OrdinaryPolynomialPhaseCanonicalTopology (24s)
✔ [12680/13543] Built OAI.Combinatorics.Progressions.Linear.RelativeActualRankBudget (22s)
✔ [12681/13544] Built OAI.Combinatorics.Progressions.Estimates.ExternalUnitFamilyVerticalExpansion (43s)
✔ [12682/13553] Built OAI.Combinatorics.Progressions.Dynamics.CoefficientAmbientModelBudget (25s)
✔ [12683/13553] Built OAI.Combinatorics.Progressions.Polynomial.CoefficientPolynomialIdentity (35s)
✔ [12684/13559] Built OAI.Combinatorics.Progressions.Probability.AllocatedSlicedCoveredExpectation (118s)
✔ [12685/13559] Built OAI.Combinatorics.Progressions.Dynamics.NormalizedTwistProductBudget (63s)
✔ [12686/13560] Built OAI.Combinatorics.Progressions.Sampling.PhysicalRowsCoveredL1Sampling (65s)
✔ [12687/13563] Built OAI.Combinatorics.Progressions.Geometry.PhysicalRowsStandardCoordinates (65s)
✔ [12688/13563] Built OAI.Combinatorics.Progressions.Linear.DeterminingMatrixDilation (56s)
✔ [12689/13564] Built OAI.Combinatorics.Progressions.Estimates.CoefficientSignedExpansion (58s)
✔ [12690/13568] Built OAI.Combinatorics.Progressions.Linear.ExternalFamilyKernelProjectionQuantitative (59s)
✔ [12691/13571] Built OAI.Combinatorics.Progressions.Lattices.ScalarLatePrimeCutoffPowerBudget (37s)
✔ [12692/13571] Built OAI.Combinatorics.Progressions.Estimates.CommonSideExponentialAbsorption (11s)
✔ [12693/13572] Built OAI.Combinatorics.Progressions.Probability.AllocatedZeroLayerInitializationMassLoss (11s)
✔ [12694/13574] Built OAI.Combinatorics.Progressions.Geometry.UnconditionedCommonSideSupport (24s)
✔ [12695/13575] Built OAI.Combinatorics.Progressions.Sampling.ActualForecastDataNativeProductBudget (33s)
✔ [12696/13575] Built OAI.Combinatorics.Progressions.Estimates.PhysicalRowsCoveredL1Perturbation (35s)
✔ [12697/13576] Built OAI.Combinatorics.Progressions.FixedDensity.BundleCountingRecurrence (18s)
✔ [12698/13583] Built OAI.Combinatorics.Progressions.Dynamics.AmplificationSourceResourceBudget (28s)
✔ [12699/13600] Built OAI.Combinatorics.Progressions.Dynamics.ScalarEndpointScalePowerBudget (29s)
✔ [12700/13600] Built OAI.Combinatorics.Progressions.Estimates.RelativeAmplificationDiscount (26s)
✔ [12701/13615] Built OAI.Combinatorics.Progressions.Geometry.PreparedScalarSpatialWidthPower (32s)
✔ [12702/13616] Built OAI.Combinatorics.Progressions.Results.LinearFormsBasic (12s)
✔ [12703/13617] Built OAI.Combinatorics.Progressions.FixedDensity.PolynomialApproximation (15s)
✔ [12704/13617] Built OAI.Combinatorics.Progressions.FixedDensity.OrderedPattern (13s)
✔ [12705/13617] Built OAI.Combinatorics.Progressions.FixedDensity.CountExtraction (12s)
✔ [12706/13618] Built OAI.Combinatorics.Progressions.FixedDensity.HypergraphBundleFiltration (15s)
✔ [12707/13621] Built OAI.Combinatorics.Progressions.Probability.PhysicalRowsDensityTransport (61s)
✔ [12708/13621] Built OAI.Combinatorics.Progressions.Dynamics.PhysicalRowsBudgetedL1Perturbation (39s)
✔ [12709/13622] Built OAI.Combinatorics.Progressions.FixedDensity.ShortInterval (10s)
✔ [12710/13622] Built OAI.Combinatorics.Progressions.FixedDensity.SimplexTelescoping (13s)
✔ [12711/13622] Built OAI.Combinatorics.Progressions.FixedDensity.HypergraphBundleEnvelopeSelection (15s)
✔ [12712/13624] Built OAI.Combinatorics.Progressions.Linear.AmplificationSourceRankBudget (24s)
✔ [12713/13624] Built OAI.Combinatorics.Progressions.Linear.RelativeRankZeroSource (22s)
✔ [12714/13637] Built OAI.Combinatorics.Progressions.Estimates.AllocatedIdealReferenceInsertion (294s)
✔ [12715/13637] Built OAI.Combinatorics.Progressions.FixedDensity.BooleanCutReduction (14s)
✔ [12716/13637] Built OAI.Combinatorics.Progressions.FixedDensity.RankwiseBundleEnvelopeSelection (13s)
✔ [12717/13637] Built OAI.Combinatorics.Progressions.Results.Reciprocal (22s)
✔ [12718/13637] Built OAI.Combinatorics.Progressions.Linear.SubquadraticRankPayment (22s)
✔ [12719/13638] Built OAI.Combinatorics.Progressions.FixedDensity.HypergraphBundleRelativeCounting (14s)
✔ [12720/13638] Built OAI.Combinatorics.Progressions.FixedDensity.OrderedRemoval (15s)
✔ [12721/13639] Built OAI.Combinatorics.Progressions.Estimates.MonotoneWeightLayer (22s)
✔ [12722/13640] Built OAI.Combinatorics.Progressions.FixedDensity.GeneratorCells (16s)
✔ [12723/13640] Built OAI.Combinatorics.Progressions.Geometry.UniformCoordinatePartition (22s)
✔ [12724/13641] Built OAI.Combinatorics.Progressions.Probability.AllocatedReferenceCoefficientMass (30s)
✔ [12725/13643] Built OAI.Combinatorics.Progressions.FixedDensity.OrderedCounting (15s)
✔ [12726/13644] Built OAI.Combinatorics.Progressions.Results.Statements (23s)
✔ [12727/13645] Built OAI.Combinatorics.Progressions.Sampling.ActualMarkedFiniteScoreComparison (41s)
✔ [12728/13645] Built OAI.Combinatorics.Progressions.Sampling.AllocatedOriginalSampleForecastMeasurable (38s)
✔ [12729/13645] Built OAI.Combinatorics.Progressions.FixedDensity.StructuredCleaning (14s)
✔ [12730/13648] Built OAI.Combinatorics.Progressions.Sampling.AllocatedReferenceIdealSampling (45s)
✔ [12731/13650] Built OAI.Combinatorics.Progressions.Probability.AllocatedReferenceBufferMass (51s)
✔ [12732/13651] Built OAI.Combinatorics.Progressions.FixedDensity.OrderedRegularizedCells (17s)
✔ [12733/13651] Built OAI.Combinatorics.Progressions.Linear.AllocatedKernelRootBudget (36s)
✔ [12734/13652] Built OAI.Combinatorics.Progressions.Estimates.AllocatedRowsAmbientProjectedFamilyMultiple (104s)
✔ [12735/13653] Built OAI.Combinatorics.Progressions.Estimates.AllocatedNarrowPrincipalMeanComparison (48s)
✔ [12736/13654] Built OAI.Combinatorics.Progressions.Estimates.AllocatedReferenceUniformError (51s)
✔ [12737/13657] Built OAI.Combinatorics.Progressions.Sampling.AllocatedSlicedMixedGrid (39s)
✔ [12738/13659] Built OAI.Combinatorics.Progressions.Sampling.BooleanSamplerPerturbation (25s)
✔ [12739/13659] Built OAI.Combinatorics.Progressions.FixedDensity.OrderedBoundaryPartition (29s)
✔ [12740/13659] Built OAI.Combinatorics.Progressions.Sampling.CenteredNormalizedTwistForecastJointModel (25s)
✔ [12741/13663] Built OAI.Combinatorics.Progressions.Sampling.AllocatedProxyMixedGrid (58s)
✔ [12742/13664] Built OAI.Combinatorics.Progressions.Lattices.AllocatedSupportedResidueGrid (46s)
✔ [12743/13664] Built OAI.Combinatorics.Progressions.FixedDensity.OrderedAtomEnergy (11s)
✔ [12744/13666] Built OAI.Combinatorics.Progressions.Sampling.ForecastInactiveSmoothSupport (26s)
✔ [12745/13666] Built OAI.Combinatorics.Progressions.Sampling.ForecastPrimitiveEnvelopes (19s)
✔ [12746/13666] Built OAI.Combinatorics.Progressions.Sampling.ForecastRetainedTermCount (21s)
✔ [12747/13666] Built OAI.Combinatorics.Progressions.FixedDensity.OrderedGoodAtoms (15s)
✔ [12748/13667] Built OAI.Combinatorics.Progressions.Sampling.JointBooleanRetainedGrid (22s)
✔ [12749/13668] Built OAI.Combinatorics.Progressions.FixedDensity.BoundaryBernoulli (15s)
✔ [12750/13670] Built OAI.Combinatorics.Progressions.Sampling.TranslatedSamplerDomination (27s)
✔ [12751/13670] Built OAI.Combinatorics.Progressions.Sampling.ExplicitCollisionSampler (61s)
✔ [12752/13678] Built OAI.Combinatorics.Progressions.Sampling.JointCoefficientGridComparison (22s)
✔ [12753/13679] Built OAI.Combinatorics.Progressions.Sampling.AllocatedSupportedGridMixture (26s)
✔ [12754/13682] Built OAI.Combinatorics.Progressions.FixedDensity.OrderedPatternPartition (12s)
✔ [12755/13682] Built OAI.Combinatorics.Progressions.Sampling.KernelControlledGrid (22s)
✔ [12756/13682] Built OAI.Combinatorics.Progressions.Sampling.RecursivePatchScore (24s)
✔ [12757/13683] Built OAI.Combinatorics.Progressions.Sampling.NormalizedTwistRationalForecast (30s)
✔ [12758/13688] Built OAI.Combinatorics.Progressions.Sampling.PhysicalCoveredL1Sampling (33s)
✔ [12759/13690] Built OAI.Combinatorics.Progressions.FixedDensity.StrongFullOrderedRegularity (15s)
✔ [12760/13692] Built OAI.Combinatorics.Progressions.FixedDensity.CoarseAtomBridge (13s)
✔ [12761/13694] Built OAI.Combinatorics.Progressions.Geometry.FixedCenterBoxDomination (39s)
✔ [12762/13695] Built OAI.Combinatorics.Progressions.Sampling.ProductiveCanonicalSampler (38s)
✔ [12764/13697] Built OAI.Combinatorics.Progressions.Estimates.AllocatedCoveredSiteBuffer (125s)
✔ [12765/13697] Built OAI.Combinatorics.Progressions.Sampling.SpatialSamplingSize (31s)
✔ [12766/13697] Built OAI.Combinatorics.Progressions.Sampling.AllocatedAllGridScale (22s)
✔ [12767/13697] Built OAI.Combinatorics.Progressions.Sampling.ExternalCandidateStepZeroScores (20s)
✔ [12768/13697] Built OAI.Combinatorics.Progressions.FixedDensity.CoarseOrderedRemoval (13s)
✔ [12769/13697] Built OAI.Combinatorics.Progressions.Sampling.ForecastInactiveShortAxis (22s)
✔ [12770/13697] Built OAI.Combinatorics.Progressions.Sampling.RelativePatchScoreObstruction (22s)
✔ [12771/13697] Built OAI.Combinatorics.Progressions.Sampling.SamplingLowTaggedSamplingRank (22s)
✔ [12772/13697] Built OAI.Combinatorics.Progressions.FixedDensity.StrongOrderedComplexRegularity (14s)
✔ [12773/13697] Built OAI.Combinatorics.Progressions.FixedDensity.OrderedConfigurationCounting (13s)
✔ [12774/13697] Built OAI.Combinatorics.Progressions.Probability.AllocatedSiteBufferSampledMass (29s)
✔ [12775/13697] Built OAI.Combinatorics.Progressions.FixedDensity.CoarseTargetRegularity (13s)
✔ [12776/13697] Built OAI.Combinatorics.Progressions.FixedDensity.ConfigurationWeightedDefect (13s)
✔ [12777/13697] Built OAI.Combinatorics.Progressions.FixedDensity.AdaptiveCoarseTargetRegularity (17s)
✔ [12778/13697] Built OAI.Combinatorics.Progressions.FixedDensity.HypergraphBundleFrozenUniformity (16s)
✔ [12779/13697] Built OAI.Combinatorics.Progressions.Geometry.AllocatedSupportedPhysicalSiteFactorization (68s)
✔ [12780/13697] Built OAI.Combinatorics.Progressions.FixedDensity.OrderedFullBoundary (25s)
✔ [12781/13697] Built OAI.Combinatorics.Progressions.Estimates.AllocatedSiteEnvelopeControlled (37s)
✔ [12782/13697] Built OAI.Combinatorics.Progressions.Geometry.AllocatedSupportedBufferedPhysicalFactorization (68s)
✔ [12783/13697] Built OAI.Combinatorics.Progressions.Sampling.FullParameterJointSampler (83s)
✔ [12784/13697] Built OAI.Combinatorics.Progressions.FixedDensity.HypergraphBundleSourceGoodnessBridge (11s)
✔ [12785/13697] Built OAI.Combinatorics.Progressions.FixedDensity.SourceFullOrderedRemoval (11s)
✔ [12786/13697] Built OAI.Combinatorics.Progressions.Dynamics.AllocatedUnitSiteEarlyBudget (16s)
✔ [12787/13697] Built OAI.Combinatorics.Progressions.FixedDensity.OrderedRemovalAssembly (10s)
✔ [12788/13697] Built OAI.Combinatorics.Progressions.FixedDensity.TowerDominatingGrowth (7.0s)
✔ [12789/13697] Built OAI.Combinatorics.Progressions.FixedDensity.SourceFullCoarseTargetRegularity (32s)
✔ [12790/13697] Built OAI.Combinatorics.Progressions.FixedDensity.SourceFullBundleRemovalParameters (7.6s)
✔ [12791/13697] Built OAI.Combinatorics.Progressions.FixedDensity.Conclusions (9.6s)
✔ [12792/13697] Built OAI.Combinatorics.Progressions.Estimates.AllocatedUnitSiteFactors (87s)
✔ [12793/13697] Built OAI.Combinatorics.Progressions.Probability.RelativeSourceDensityParameter (14s)
✔ [12794/13697] Built OAI.Combinatorics.Progressions.Dynamics.AmbientSiteExpansionBudget (13s)
✔ [12795/13697] Built OAI.Combinatorics.Progressions.Estimates.ZeroBasedExtremalSet (10s)
✔ [12796/13697] Built OAI.Combinatorics.Progressions.Probability.DensityBoundFromInvariant (10s)
✔ [12797/13697] Built OAI.Combinatorics.Progressions.Sampling.AllocatedGridlessProfileBound (182s)
✔ [12798/13697] Built OAI.Combinatorics.Progressions.Fourier.AllocatedGridFourierApproximation (20s)
✔ [12799/13697] Built OAI.Combinatorics.Progressions.Lattices.AllocatedGridlessMeasurableResidue (24s)
✔ [12800/13697] Built OAI.Combinatorics.Progressions.Sampling.AllocatedGridlessEnvelopeCap (35s)
✔ [12801/13697] Built OAI.Combinatorics.Progressions.Sampling.AllocatedGridlessWindowMajorant (41s)
✔ [12802/13697] Built OAI.Combinatorics.Progressions.Fourier.BooleanCharacterReferenceError (44s)
✔ [12803/13697] Built OAI.Combinatorics.Progressions.Probability.AllocatedNormalizedConditionalHaar (112s)
✔ [12804/13697] Built OAI.Combinatorics.Progressions.Lattices.AllocatedLongResidueProfile (24s)
✔ [12805/13697] Built OAI.Combinatorics.Progressions.Sampling.AllocatedPhysicalGridMask (29s)
✔ [12806/13697] Built OAI.Combinatorics.Progressions.Estimates.AllocatedWholeProfileRowReindex (33s)
✔ [12807/13697] Built OAI.Combinatorics.Progressions.Estimates.AllocatedRefinedWholeReference (34s)
✔ [12808/13697] Built OAI.Combinatorics.Progressions.Lattices.AllocatedLocalResidueReconstruction (45s)
✔ [12809/13697] Built OAI.Combinatorics.Progressions.Linear.AllocatedSpatialKernelShift (9.8s)
✔ [12810/13697] Built OAI.Combinatorics.Progressions.Geometry.AllocatedSupportedReference (11s)
✔ [12811/13697] Built OAI.Combinatorics.Progressions.Geometry.AllocatedSpatialTermSupport (9.2s)
✔ [12812/13697] Built OAI.Combinatorics.Progressions.Estimates.AllocatedSlicedCoarseSource (43s)
✔ [12813/13697] Built OAI.Combinatorics.Progressions.Dynamics.AllocatedProductCoarseBudget (13s)
✔ [12814/13697] Built OAI.Combinatorics.Progressions.Geometry.AllocatedSupportedRecentering (25s)
✔ [12815/13697] Built OAI.Combinatorics.Progressions.Probability.AllocatedRecenteredDensityMass (27s)
✔ [12816/13697] Built OAI.Combinatorics.Progressions.Estimates.AllocatedSeparatedGeometry (13s)
✔ [12817/13697] Built OAI.Combinatorics.Progressions.Probability.AllocatedSupportedRecenteringLaw (30s)
✔ [12818/13697] Built OAI.Combinatorics.Progressions.Estimates.AllocatedRecenteredProfileError (29s)
✔ [12819/13697] Built OAI.Combinatorics.Progressions.Estimates.AllocatedCoverLogBounds (36s)
✔ [12820/13697] Built OAI.Combinatorics.Progressions.Estimates.AllocatedRecenteredProfileComparison (36s)
✔ [12821/13697] Built OAI.Combinatorics.Progressions.Polynomial.AllocatedIdealScalePolynomial (15s)
✔ [12822/13697] Built OAI.Combinatorics.Progressions.Polynomial.AllocatedNormalizedScalePolynomial (15s)
✔ [12823/13697] Built OAI.Combinatorics.Progressions.Dynamics.AllocatedRecenteredActualBudget (16s)
✔ [12824/13697] Built OAI.Combinatorics.Progressions.Probability.AllocatedRecenteredSampledMass (24s)
✔ [12825/13697] Built OAI.Combinatorics.Progressions.Estimates.AllocatedChosenIdealComparison (13s)
✔ [12826/13697] Built OAI.Combinatorics.Progressions.Dynamics.AllocatedIdealSourceBudget (14s)
✔ [12827/13697] Built OAI.Combinatorics.Progressions.Estimates.AllocatedNormalizedRefinedData (16s)
✔ [12828/13697] Built OAI.Combinatorics.Progressions.Dynamics.AllocatedChosenScaleBudget (11s)
✔ [12829/13697] Built OAI.Combinatorics.Progressions.Sampling.AllocatedRecenteredSamplingData (19s)
✔ [12830/13697] Built OAI.Combinatorics.Progressions.Probability.AllocatedIdealDensitySourceFamily (17s)
✔ [12831/13697] Built OAI.Combinatorics.Progressions.Linear.AllocatedOriginalProjectionBudget (12s)
✔ [12832/13697] Built OAI.Combinatorics.Progressions.Estimates.AllocatedProjectedChosenComparison (36s)
✔ [12833/13697] Built OAI.Combinatorics.Progressions.Probability.AllocatedRecenteredActualMass (46s)
✔ [12834/13697] Built OAI.Combinatorics.Progressions.Linear.AllocatedChosenDensityProjection (18s)
✔ [12835/13697] Built OAI.Combinatorics.Progressions.Estimates.AllocatedChosenOriginalIdealAt (51s)
✔ [12836/13697] Built OAI.Combinatorics.Progressions.Estimates.AllocatedCenteredJointStatement (33s)
✔ [12837/13697] Built OAI.Combinatorics.Progressions.Estimates.AllocatedCenteredJointComparison (25s)
✔ [12838/13697] Built OAI.Combinatorics.Progressions.Estimates.AllocatedChosenFunctionalCoarsening (67s)
✔ [12839/13697] Built OAI.Combinatorics.Progressions.Estimates.AllocatedTestUniformCoarseJointStatement (25s)
✔ [12840/13697] Built OAI.Combinatorics.Progressions.Estimates.AllocatedTestUniformNormalizedComparison (15s)
✔ [12841/13697] Built OAI.Combinatorics.Progressions.Geometry.AllocatedTestUniformSpatialComparison (10s)
✔ [12842/13697] Built OAI.Combinatorics.Progressions.Dynamics.AllocatedTestUniformBudgetedComparison (9.2s)
✔ [12843/13697] Built OAI.Combinatorics.Progressions.Estimates.AllocatedTestUniformCoarseJointComparison (43s)
✔ [12844/13697] Built OAI.Combinatorics.Progressions.Linear.AllocatedAveragedCoarseKernelComparison (24s)
✔ [12845/13697] Built OAI.Combinatorics.Progressions.Polynomial.AllocatedKernelScalePolynomial (11s)
✔ [12846/13697] Built OAI.Combinatorics.Progressions.Lattices.AllocatedIdealResidueData (14s)
✔ [12847/13697] Built OAI.Combinatorics.Progressions.Estimates.CanonicalSiteBlocks (15s)
✔ [12848/13697] Built OAI.Combinatorics.Progressions.Dynamics.AllocatedCommonScaleBudget (14s)
✔ [12849/13697] Built OAI.Combinatorics.Progressions.Linear.AllocatedAveragedKernelComparison (31s)
✔ [12850/13697] Built OAI.Combinatorics.Progressions.Polynomial.AllocatedCommonScalePolynomial (16s)
✔ [12851/13697] Built OAI.Combinatorics.Progressions.Estimates.AllocatedReferencePrescribeData (33s)
✔ [12852/13697] Built OAI.Combinatorics.Progressions.Linear.AllocatedKernelSiteReferenceData (36s)
✔ [12853/13697] Built OAI.Combinatorics.Progressions.Estimates.AllocatedUniformReferencePrescribed (16s)
✔ [12854/13697] Built OAI.Combinatorics.Progressions.Estimates.AllocatedSlicedRowsProjectedSource (68s)
✔ [12855/13697] Built OAI.Combinatorics.Progressions.Linear.AllocatedSlicedDenseKernelSource (35s)
✔ [12856/13697] Built OAI.Combinatorics.Progressions.Estimates.AllocatedOriginalPrescribedMesh (54s)
✔ [12857/13697] Built OAI.Combinatorics.Progressions.Linear.AllocatedCanonicalSlicedConstructedProjection (37s)
✔ [12858/13697] Built OAI.Combinatorics.Progressions.Estimates.AllocatedDetectedCanonicalPeriod (32s)
✔ [12859/13697] Built OAI.Combinatorics.Progressions.Sampling.AllocatedSlicedGridGeometryBudget (11s)
✔ [12860/13697] Built OAI.Combinatorics.Progressions.Dynamics.PreparedModularCanonicalDetectorResourceBudget (11s)
✔ [12861/13697] Built OAI.Combinatorics.Progressions.Sampling.PreparedModularCanonicalDetectorSamplingBounds (13s)
✔ [12862/13697] Built OAI.Combinatorics.Progressions.Estimates.PreparedModularGeneralDetectorNativeBounds (17s)
✔ [12863/13697] Built OAI.Combinatorics.Progressions.Dynamics.PreparedFiniteStageNativeBudget (8.6s)
✔ [12864/13697] Built OAI.Combinatorics.Progressions.Geometry.AllocatedSupportedSlicedNaturalCap (45s)
✔ [12865/13697] Built OAI.Combinatorics.Progressions.Estimates.PreparedFiniteForwardTreeStorage (9.1s)
✔ [12866/13697] Built OAI.Combinatorics.Progressions.Polynomial.PreparedFiniteForwardPolynomialCap (10s)
✔ [12867/13697] Built OAI.Combinatorics.Progressions.Dynamics.PreparedFiniteForwardMaskBudget (10s)
✔ [12868/13697] Built OAI.Combinatorics.Progressions.Dynamics.PreparedFiniteForwardStageBudget (10s)
✔ [12869/13697] Built OAI.Combinatorics.Progressions.Estimates.PreparedFiniteForwardFixedCenterThreshold (9.5s)
✔ [12870/13697] Built OAI.Combinatorics.Progressions.Dynamics.PreparedFiniteForwardPairedResourceBudget (10s)
✔ [12871/13697] Built OAI.Combinatorics.Progressions.Dynamics.PreparedFiniteForwardLaterWorkBudget (10s)
✔ [12872/13697] Built OAI.Combinatorics.Progressions.Polynomial.OrdinaryPolynomialPhaseAffineInverse (14s)
✔ [12873/13697] Built OAI.Combinatorics.Progressions.Fourier.NormalizedTwistHighFrequencyRemoval (10s)
✔ [12874/13697] Built OAI.Combinatorics.Progressions.Fourier.MajorPhaseLowFourierExtraction (13s)
✔ [12875/13697] Built OAI.Combinatorics.Progressions.Estimates.NativeMajorCorrelationFamily (10s)
✔ [12876/13697] Built OAI.Combinatorics.Progressions.Geometry.NormalizedTwistUniformBoxHaar (11s)
✔ [12877/13697] Built OAI.Combinatorics.Progressions.Polynomial.MajorPhaseDetectedDecomposition (14s)
✔ [12878/13697] Built OAI.Combinatorics.Progressions.Sampling.ForecastInactiveSlicedFixedAxisCap (66s)
✔ [12879/13697] Built OAI.Combinatorics.Progressions.Estimates.NormalizedTwistUniformAmbientHaar (10s)
✔ [12880/13697] Built OAI.Combinatorics.Progressions.Estimates.RestrictedGradeMajorMatching (15s)
✔ [12881/13697] Built OAI.Combinatorics.Progressions.Dynamics.NormalizedTwistUniformAmbientBudget (9.7s)
✔ [12882/13697] Built OAI.Combinatorics.Progressions.Sampling.ForecastInactiveSlicedFixedProduct (22s)
✔ [12883/13697] Built OAI.Combinatorics.Progressions.Geometry.NormalizedTwistUniformSpatialHaar (10s)
✔ [12884/13697] Built OAI.Combinatorics.Progressions.Estimates.RationalTaggedConstraintHistory (27s)
✔ [12885/13697] Built OAI.Combinatorics.Progressions.Estimates.AllocatedJointPointApproximation (22s)
✔ [12886/13697] Built OAI.Combinatorics.Progressions.Estimates.FullRestrictedGradeMajorMatching (28s)
✔ [12887/13697] Built OAI.Combinatorics.Progressions.Geometry.FullTaggedChartCoefficientRange (28s)
✔ [12888/13697] Built OAI.Combinatorics.Progressions.Polynomial.BufferedSampledCurrentGradePhase (29s)
✔ [12889/13697] Built OAI.Combinatorics.Progressions.Lattices.AllocatedJointResidueAverage (31s)
✔ [12890/13697] Built OAI.Combinatorics.Progressions.Lattices.IntegerFrozenChart (18s)
✔ [12891/13697] Built OAI.Combinatorics.Progressions.Polynomial.PolynomialTagRestrictionBudget (20s)
✔ [12892/13697] Built OAI.Combinatorics.Progressions.Estimates.AllocatedPeriodicAmbientSiteExpansion (91s)
✔ [12893/13697] Built OAI.Combinatorics.Progressions.Geometry.NativePairChartSymbol (26s)
✔ [12894/13697] Built OAI.Combinatorics.Progressions.Estimates.VectorSubspaceCorrectionRepresentatives (26s)
✔ [12895/13697] Built OAI.Combinatorics.Progressions.Lattices.AllocatedOriginalSampleResidueMixtureForecast (97s)
✔ [12896/13697] Built OAI.Combinatorics.Progressions.Estimates.ProductiveFrozenLocalMajorFamily (32s)
✔ [12897/13697] Built OAI.Combinatorics.Progressions.Estimates.AllocatedJointWindowIntegral (98s)
✔ [12898/13697] Built OAI.Combinatorics.Progressions.Sampling.ContainedProgressionForecastDisintegration (32s)
✔ [12899/13697] Built OAI.Combinatorics.Progressions.Dynamics.ProductivePathwiseFrozenLocalMajorFamily (32s)
✔ [12900/13697] Built OAI.Combinatorics.Progressions.Lattices.AllocatedSlicedPhysicalResidueIdentity (34s)
✔ [12901/13697] Built OAI.Combinatorics.Progressions.Lattices.AllocatedJointPlateauResidue (40s)
✔ [12902/13697] Built OAI.Combinatorics.Progressions.Dynamics.AllocatedActiveBudgetedSite (48s)
✔ [12903/13697] Built OAI.Combinatorics.Progressions.Geometry.FullChartHomogeneousCorrection (102s)
✔ [12904/13697] Built OAI.Combinatorics.Progressions.Geometry.BoundedFullChartGradeMajorMatching (19s)
✔ [12905/13697] Built OAI.Combinatorics.Progressions.Sampling.AllocatedOriginalSampleJointNarrowForecast (76s)
✔ [12906/13697] Built OAI.Combinatorics.Progressions.Estimates.AllocatedInactiveJointSite (36s)
✔ [12907/13697] Built OAI.Combinatorics.Progressions.Geometry.CertifiedFullChartDecompositionSource (30s)
✔ [12908/13697] Built OAI.Combinatorics.Progressions.Polynomial.FullChartPolynomialLiftControl (23s)
✔ [12909/13697] Built OAI.Combinatorics.Progressions.Dynamics.AllocatedMixedSiteBudget (35s)
✔ [12910/13697] Built OAI.Combinatorics.Progressions.Estimates.RealSymbolGradedCoefficientBound (24s)
✔ [12911/13697] Built OAI.Combinatorics.Progressions.Geometry.InhomogeneousFullChartLift (33s)
✔ [12912/13697] Built OAI.Combinatorics.Progressions.Geometry.BoundedCertifiedFullChartMajorIteration (60s)
✔ [12913/13697] Built OAI.Combinatorics.Progressions.Estimates.AllocatedMixedJointSite (26s)
✔ [12914/13697] Built OAI.Combinatorics.Progressions.Geometry.SymbolCoordinateFreezeBounds (16s)
✔ [12915/13697] Built OAI.Combinatorics.Progressions.Geometry.AllocatedMixedFixedSupport (36s)
✔ [12916/13697] Built OAI.Combinatorics.Progressions.Polynomial.FullChartPrescribedPolynomialLifts (15s)
✔ [12917/13697] Built OAI.Combinatorics.Progressions.Polynomial.PolynomialCoordinateFreezeBounds (16s)
✔ [12918/13697] Built OAI.Combinatorics.Progressions.Sampling.ForecastInactiveProduct (17s)
✔ [12919/13697] Built OAI.Combinatorics.Progressions.Sampling.ForecastInactiveFixedProduct (98s)
✔ [12920/13697] Built OAI.Combinatorics.Progressions.Lattices.ForecastInactiveResidueApproximation (16s)
✔ [12921/13697] Built OAI.Combinatorics.Progressions.Geometry.CommonRefilteredFactorsSymbolTransport (27s)
✔ [12922/13697] Built OAI.Combinatorics.Progressions.Lattices.ForecastInactiveAffineIntervalFixedResidueSite (25s)
✔ [12923/13697] Built OAI.Combinatorics.Progressions.Estimates.EmptyVariableCommonFactors (23s)
✔ [12924/13697] Built OAI.Combinatorics.Progressions.Nilpotent.NativeIntegerChartNiltest (24s)
✔ [12925/13697] Built OAI.Combinatorics.Progressions.Estimates.CommonRefilteredFactorsNestedFreeze (28s)
✔ [12926/13697] Built OAI.Combinatorics.Progressions.Geometry.TerminalChartSlowEvaluation (65s)
✔ [12927/13697] Built OAI.Combinatorics.Progressions.Sampling.ForecastInactiveSlicedFixedGridCap (19s)
✔ [12928/13697] Built OAI.Combinatorics.Progressions.Geometry.NativeChartPairSymbolCompatibility (16s)
✔ [12929/13697] Built OAI.Combinatorics.Progressions.Sampling.ForecastInactiveFixedPhysical (28s)
✔ [12930/13697] Built OAI.Combinatorics.Progressions.Lattices.CertifiedFullChartAffineTerminal (19s)
✔ [12931/13697] Built OAI.Combinatorics.Progressions.Polynomial.FullTaggedProjectionPolynomial (19s)
✔ [12932/13697] Built OAI.Combinatorics.Progressions.Geometry.GlobalMarkedNativeChartResetConditions (21s)
✔ [12933/13697] Built OAI.Combinatorics.Progressions.Fourier.ForecastInactiveCharacterSite (33s)
✔ [12934/13697] Built OAI.Combinatorics.Progressions.Estimates.FullTaggedRationalRetraction (31s)
✔ [12935/13697] Built OAI.Combinatorics.Progressions.Dynamics.CommonRefilteredGlobalMarkedFamilyReset (28s)
✔ [12936/13697] Built OAI.Combinatorics.Progressions.Sampling.FullTaggedRationalChartGrid (18s)
✔ [12937/13697] Built OAI.Combinatorics.Progressions.Linear.RationalTagProjectionComplement (19s)
✔ [12938/13697] Built OAI.Combinatorics.Progressions.Geometry.CertifiedFullChartRationalTerminal (20s)
✔ [12939/13697] Built OAI.Combinatorics.Progressions.Geometry.CertifiedFullChartBudgetedTreeBounds (81s)
✔ [12940/13697] Built OAI.Combinatorics.Progressions.Lattices.FullTaggedAffineComplementAgreement (11s)
✔ [12941/13697] Built OAI.Combinatorics.Progressions.Estimates.AllocatedActivePlateauAverage (308s)
✔ [12942/13697] Built OAI.Combinatorics.Progressions.Geometry.CertifiedFullChartBudgetedTreeTerminal (15s)
✔ [12943/13697] Built OAI.Combinatorics.Progressions.Geometry.CertifiedFullChartBudgetedTreeBudget (18s)
✔ [12944/13697] Built OAI.Combinatorics.Progressions.Geometry.CertifiedFullChartForwardEarlyTree (31s)
✔ [12945/13697] Built OAI.Combinatorics.Progressions.Geometry.AllocatedActiveSiteChartValues (29s)
✔ [12946/13697] Built OAI.Combinatorics.Progressions.Probability.AllocatedConditionalSampledError (44s)
✔ [12947/13697] Built OAI.Combinatorics.Progressions.Estimates.AllocatedWindowPrefactor (26s)
✔ [12948/13697] Built OAI.Combinatorics.Progressions.Sampling.AllocatedBooleanRowsSampling (29s)
✔ [12949/13697] Built OAI.Combinatorics.Progressions.Estimates.AllocatedActiveSiteAverage (77s)
✔ [12950/13697] Built OAI.Combinatorics.Progressions.Geometry.AllocatedWindowMixedSupport (28s)
✔ [12951/13697] Built OAI.Combinatorics.Progressions.Estimates.AllocatedWholeProfileUniformCap (44s)
✔ [12952/13697] Built OAI.Combinatorics.Progressions.Sampling.AllocatedClippedFullGridGlobal (94s)
✔ [12953/13697] Built OAI.Combinatorics.Progressions.Geometry.AllocatedSupportedSlicedNaturalSiteError (15s)
✔ [12954/13697] Built OAI.Combinatorics.Progressions.Estimates.AllocatedWholeProfileEnvelope (85s)
✔ [12955/13697] Built OAI.Combinatorics.Progressions.Estimates.AllocatedIdealPhysicalCover (94s)
✔ [12956/13697] Built OAI.Combinatorics.Progressions.Geometry.AllocatedIdealRowTransport (24s)
✔ [12957/13697] Built OAI.Combinatorics.Progressions.Probability.AllocatedRecenteredSeparatedMass (46s)
✔ [12958/13697] Built OAI.Combinatorics.Progressions.Sampling.AllocatedSupportedSlicedFullGridSite (75s)
✔ [12959/13697] Built OAI.Combinatorics.Progressions.Sampling.AllocatedClippedFullGridIdealCover (58s)
✔ [12960/13697] Built OAI.Combinatorics.Progressions.Estimates.AllocatedPrimitiveProfileCoarsening (20s)
✔ [12961/13697] Built OAI.Combinatorics.Progressions.Sampling.ForecastInactiveSlicedFixedScalarCapBudget (43s)
✔ [12962/13697] Built OAI.Combinatorics.Progressions.Estimates.AllocatedProductIdealCutoff (42s)
✔ [12963/13697] Built OAI.Combinatorics.Progressions.Estimates.AllocatedNormalizedIdealCover (57s)
✔ [12964/13697] Built OAI.Combinatorics.Progressions.Dynamics.AllocatedProductRadiusBudget (19s)
✔ [12965/13697] Built OAI.Combinatorics.Progressions.Lattices.AllocatedResidueSitePrimitiveAverage (124s)
✔ [12966/13697] Built OAI.Combinatorics.Progressions.Sampling.ForecastInactiveSlicedCappedContinuousSource (37s)
✔ [12967/13697] Built OAI.Combinatorics.Progressions.Geometry.AllocatedRowSlicedIdealCoordinates (35s)
✔ [12968/13697] Built OAI.Combinatorics.Progressions.Geometry.AllocatedProductChartRadius (26s)
✔ [12969/13697] Built OAI.Combinatorics.Progressions.Geometry.AllocatedProductSiteSupport (48s)
✔ [12970/13697] Built OAI.Combinatorics.Progressions.Sampling.AllocatedSpatialWeightedSampling (30s)
✔ [12971/13697] Built OAI.Combinatorics.Progressions.Probability.AllocatedProbabilityWindowMesh (154s)
✔ [12972/13697] Built OAI.Combinatorics.Progressions.Sampling.AllocatedReferenceEnvelopeSampling (35s)
✔ [12973/13697] Built OAI.Combinatorics.Progressions.Sampling.ForecastSlicedPrimitiveCutoffBudget (28s)
✔ [12974/13697] Built OAI.Combinatorics.Progressions.Lattices.AllocatedFullGridResidueWitness (48s)
✔ [12975/13697] Built OAI.Combinatorics.Progressions.Sampling.AllocatedPrimitiveSiteSampling (62s)
✔ [12976/13697] Built OAI.Combinatorics.Progressions.Estimates.AllocatedRowSlicedIdealApproximation (32s)
✔ [12977/13697] Built OAI.Combinatorics.Progressions.Lattices.AllocatedPointwiseResidueCover (67s)
✔ [12978/13697] Built OAI.Combinatorics.Progressions.Estimates.PreparedUniformEarlyRadiusWithCutoff (34s)
✔ [12979/13697] Built OAI.Combinatorics.Progressions.Dynamics.AllocatedEarlyWindowSelectionBudget (30s)
✔ [12980/13697] Built OAI.Combinatorics.Progressions.Estimates.AllocatedRefinedCoverError (64s)
✔ [12981/13697] Built OAI.Combinatorics.Progressions.Estimates.PreparedFiniteForwardResidualAllowance (24s)
✔ [12982/13697] Built OAI.Combinatorics.Progressions.Dynamics.PreparedNestedEndpointDimensionBudget (25s)
✔ [12983/13697] Built OAI.Combinatorics.Progressions.Polynomial.ForecastSlicedEarlyUnrestrictedPolynomialBudget (33s)
✔ [12984/13697] Built OAI.Combinatorics.Progressions.Sampling.AllocatedSlicedGridResourceBudget (20s)
✔ [12985/13697] Built OAI.Combinatorics.Progressions.Probability.AllocatedRefinedCoverMixture (39s)
✔ [12986/13697] Built OAI.Combinatorics.Progressions.Sampling.AllocatedFullGridRefinedMixture (59s)
✔ [12987/13697] Built OAI.Combinatorics.Progressions.Sampling.AllocatedFullGridChartModelMeasurable (97s)
✔ [12988/13697] Built OAI.Combinatorics.Progressions.Estimates.AllocatedScaledIdealCover (115s)
✔ [12989/13697] Built OAI.Combinatorics.Progressions.Estimates.AllocatedProductPrefactorMeasurable (37s)
✔ [12990/13697] Built OAI.Combinatorics.Progressions.Estimates.AllocatedGlobalProfileMajorant (132s)
✔ [12991/13697] Built OAI.Combinatorics.Progressions.Estimates.AllocatedNormalizedProductCover (41s)
✔ [12992/13697] Built OAI.Combinatorics.Progressions.Estimates.AllocatedProductPrefactorMasks (52s)
✔ [12993/13697] Built OAI.Combinatorics.Progressions.Linear.AllocatedGoodKernelIdealCoverError (31s)
✔ [12994/13697] Built OAI.Combinatorics.Progressions.Sampling.AllocatedFixedSamplingCover (34s)
✔ [12995/13697] Built OAI.Combinatorics.Progressions.Estimates.AllocatedOriginalExponentialCover (104s)
✔ [12996/13697] Built OAI.Combinatorics.Progressions.Estimates.AllocatedInitializedIdealCover (41s)
✔ [12997/13697] Built OAI.Combinatorics.Progressions.Estimates.AllocatedFixedInitializedCover (42s)
✔ [12998/13697] Built OAI.Combinatorics.Progressions.Estimates.AllocatedCommonCover (50s)
✔ [12999/13697] Built OAI.Combinatorics.Progressions.Estimates.AllocatedRecenteredL1Source (55s)
✔ [13000/13697] Built OAI.Combinatorics.Progressions.Linear.AllocatedCommonKernelLaw (36s)
✔ [13001/13697] Built OAI.Combinatorics.Progressions.Geometry.AllocatedSlicedSpatialToCoarse (87s)
✔ [13002/13697] Built OAI.Combinatorics.Progressions.Dynamics.AllocatedCompatibleSourceBudget (40s)
✔ [13003/13697] Built OAI.Combinatorics.Progressions.Estimates.AllocatedFlexibleOriginalMesh (70s)
✔ [13004/13697] Built OAI.Combinatorics.Progressions.Sampling.AllocatedCommonUniformSampling (72s)
✔ [13005/13697] Built OAI.Combinatorics.Progressions.Dynamics.AllocatedCommonCoarseBudget (52s)
✔ [13006/13697] Built OAI.Combinatorics.Progressions.Estimates.AllocatedRecenteredSquarePerturbation (33s)
✔ [13007/13697] Built OAI.Combinatorics.Progressions.Sampling.AllocatedFullGridRecenteredCover (140s)
✔ [13008/13697] Built OAI.Combinatorics.Progressions.Estimates.AllocatedCompatibleSourceGrowth (24s)
✔ [13009/13697] Built OAI.Combinatorics.Progressions.Sampling.PhysicalRowsProbabilityMassSampling (46s)
✔ [13010/13697] Built OAI.Combinatorics.Progressions.Linear.AllocatedRecenteredRankL1Source (66s)
✔ [13011/13697] Built OAI.Combinatorics.Progressions.Estimates.AllocatedRecenteredSampledSource (57s)
✔ [13012/13697] Built OAI.Combinatorics.Progressions.Geometry.AllocatedGeometricInputBudget (145s)
✔ [13013/13697] Built OAI.Combinatorics.Progressions.Polynomial.AllocatedCommonCoarseLogPolynomial (31s)
✔ [13014/13697] Built OAI.Combinatorics.Progressions.Estimates.AllocatedUniformPeriodSizes (42s)
✔ [13015/13697] Built OAI.Combinatorics.Progressions.Estimates.AllocatedCanonicalNormalizer (220s)
✔ [13016/13697] Built OAI.Combinatorics.Progressions.Estimates.AllocatedCommonCoarsePartition (38s)
✔ [13017/13697] Built OAI.Combinatorics.Progressions.Linear.GeometricKernelLaw (20s)
✔ [13018/13697] Built OAI.Combinatorics.Progressions.Sampling.AllocatedFullGridSeparatedRecentered (49s)
✔ [13019/13697] Built OAI.Combinatorics.Progressions.Linear.RankPreparationProjectedAxisBudget (41s)
✔ [13020/13697] Built OAI.Combinatorics.Progressions.Sampling.AllocatedOriginalCommonSampling (48s)
✔ [13021/13697] Built OAI.Combinatorics.Progressions.Sampling.AllocatedFullGridSpatialWeighted (82s)
✔ [13022/13697] Built OAI.Combinatorics.Progressions.Sampling.AllocatedUniformGeometricSampling (82s)
✔ [13023/13697] Built OAI.Combinatorics.Progressions.Fourier.PreparedCoefficientTorusCompact (31s)
✔ [13024/13697] Built OAI.Combinatorics.Progressions.Estimates.AllocatedCommonWeightedOriginal (163s)
✔ [13025/13697] Built OAI.Combinatorics.Progressions.Geometry.PreparedDeterminingCoordinates (54s)
✔ [13026/13697] Built OAI.Combinatorics.Progressions.Fourier.AllocatedNormalizedTorusCutoff (107s)
✔ [13027/13697] Built OAI.Combinatorics.Progressions.Estimates.AllocatedProductCutoffEnvelope (105s)
✔ [13028/13697] Built OAI.Combinatorics.Progressions.Probability.GeometricSelectedMass (32s)
✔ [13029/13697] Built OAI.Combinatorics.Progressions.Estimates.AllocatedCutoffMaskedIdeal (110s)
✔ [13030/13697] Built OAI.Combinatorics.Progressions.Probability.AllocatedCanonicalSlicedProbabilitySource (170s)
✔ [13031/13697] Built OAI.Combinatorics.Progressions.Sampling.ForecastPhysicalQuarterRecovery (38s)
✔ [13032/13697] Built OAI.Combinatorics.Progressions.Estimates.AllocatedOriginalSelected (50s)
✔ [13033/13697] Built OAI.Combinatorics.Progressions.Estimates.AllocatedFittingCoverFamily (107s)
✔ [13034/13697] Built OAI.Combinatorics.Progressions.Geometry.AllocatedMaskedChartProduct (57s)
✔ [13035/13697] Built OAI.Combinatorics.Progressions.Estimates.AllocatedGoodPartCoverAverage (62s)
✔ [13036/13697] Built OAI.Combinatorics.Progressions.Estimates.AllocatedOriginalAmbientSelectedAt (102s)
✔ [13037/13697] Built OAI.Combinatorics.Progressions.Lattices.AllocatedNormalizedProductResidueCover (150s)
✔ [13038/13697] Built OAI.Combinatorics.Progressions.Estimates.AllocatedMaskedFactorBounds (60s)
✔ [13039/13697] Built OAI.Combinatorics.Progressions.Estimates.AllocatedOriginalAmbientSelected (50s)
✔ [13040/13697] Built OAI.Combinatorics.Progressions.Sampling.AllocatedFullGridCoefficientBudget (46s)
✔ [13041/13697] Built OAI.Combinatorics.Progressions.Sampling.AllocatedUniformGridVolumeCap (150s)
✔ [13042/13697] Built OAI.Combinatorics.Progressions.Estimates.AllocatedConstructedCommonModulus (30s)
✔ [13043/13697] Built OAI.Combinatorics.Progressions.Lattices.AllocatedResidueAmbientFactor (44s)
✔ [13044/13697] Built OAI.Combinatorics.Progressions.Estimates.AllocatedGenuineCoverFromRaw (142s)
✔ [13045/13697] Built OAI.Combinatorics.Progressions.Probability.AllocatedProductCutoffMass (44s)
✔ [13046/13697] Built OAI.Combinatorics.Progressions.Estimates.AllocatedOriginalWholeSiteSelected (63s)
✔ [13047/13697] Built OAI.Combinatorics.Progressions.Dynamics.AllocatedActualCoarseBudget (20s)
✔ [13048/13697] Built OAI.Combinatorics.Progressions.Geometry.AllocatedSupportedMaskedAmbientFactor (39s)
✔ [13049/13697] Built OAI.Combinatorics.Progressions.Geometry.AllocatedCommonSupportedMesh (34s)
✔ [13050/13697] Built OAI.Combinatorics.Progressions.Estimates.AllocatedProductSourceCover (142s)
✔ [13051/13697] Built OAI.Combinatorics.Progressions.Dynamics.AllocatedCanonicalBudget (38s)
✔ [13052/13697] Built OAI.Combinatorics.Progressions.Estimates.AllocatedProductRawCoverData (35s)
✔ [13053/13697] Built OAI.Combinatorics.Progressions.Dynamics.AllocatedCutoffWindowBudget (24s)
✔ [13054/13697] Built OAI.Combinatorics.Progressions.Estimates.AllocatedProductEarlyCoarsening (37s)
✔ [13055/13697] Built OAI.Combinatorics.Progressions.Dynamics.AllocatedCutoffLipschitzBudget (29s)
✔ [13056/13697] Built OAI.Combinatorics.Progressions.Lattices.AllocatedAffineSourceAccuracy (33s)
✔ [13057/13697] Built OAI.Combinatorics.Progressions.Fourier.AllocatedCutoffFourierBudget (21s)
✔ [13058/13697] Built OAI.Combinatorics.Progressions.Geometry.PreparedModularCanonicalDetectorGeometricBounds (20s)
✔ [13059/13697] Built OAI.Combinatorics.Progressions.Geometry.PreparedModularCanonicalDetectorGeometricBoundsGeneral (20s)
✔ [13060/13697] Built OAI.Combinatorics.Progressions.Estimates.AllocatedCutoffCoveredEnvelope (168s)
✔ [13061/13697] Built OAI.Combinatorics.Progressions.Sampling.PreparedModularGeneralDetectorSamplingBounds (16s)
✔ [13062/13697] Built OAI.Combinatorics.Progressions.Geometry.PreparedModularGeneralDetectorFreeSpatialBounds (14s)
✔ [13063/13697] Built OAI.Combinatorics.Progressions.Probability.AllocatedNormalizedCutoffMass (46s)
✔ [13064/13697] Built OAI.Combinatorics.Progressions.Estimates.AllocatedProductSeparatedRawData (103s)
✔ [13065/13697] Built OAI.Combinatorics.Progressions.Estimates.AllocatedCanonicalUniformCoarseSource (371s)
✔ [13066/13697] Built OAI.Combinatorics.Progressions.Probability.AllocatedMixedIdealErrorMass (86s)
✔ [13067/13697] Built OAI.Combinatorics.Progressions.Linear.AllocatedProductNormalizedKernel (36s)
✔ [13068/13697] Built OAI.Combinatorics.Progressions.Sampling.AllocatedTranslatedCutoffSampling (65s)
✔ [13069/13697] Built OAI.Combinatorics.Progressions.Estimates.PhysicalAmbientDifferenceWindow (20s)
✔ [13070/13697] Built OAI.Combinatorics.Progressions.Lattices.AllocatedProductBoxAffine (36s)
✔ [13071/13697] Built OAI.Combinatorics.Progressions.Estimates.AllocatedProductSourceAssembly (16s)
✔ [13072/13697] Built OAI.Combinatorics.Progressions.Estimates.AllocatedFixedCommonCover (90s)
✔ [13073/13697] Built OAI.Combinatorics.Progressions.Estimates.AllocatedCutoffReferenceEnvelope (41s)
✔ [13074/13697] Built OAI.Combinatorics.Progressions.Probability.AllocatedReconstructedCutoffMass (46s)
✔ [13075/13697] Built OAI.Combinatorics.Progressions.Estimates.AllocatedUniformCommonCover (22s)
✔ [13076/13697] Built OAI.Combinatorics.Progressions.Estimates.AllocatedProductUniformContract (27s)
✔ [13077/13697] Built OAI.Combinatorics.Progressions.Linear.AllocatedConstructedKernelMixture (39s)
✔ [13078/13697] Built OAI.Combinatorics.Progressions.Dynamics.AllocatedBudgetedCutoffReference (50s)
✔ [13079/13697] Built OAI.Combinatorics.Progressions.Estimates.AllocatedOriginalEarlyRawCover (59s)
✔ [13080/13697] Built OAI.Combinatorics.Progressions.Geometry.AllocatedCanonicalSpatialCoarseSource (154s)
✔ [13081/13697] Built OAI.Combinatorics.Progressions.Lattices.AllocatedCommonPrimitiveAffine (53s)
✔ [13082/13697] Built OAI.Combinatorics.Progressions.Lattices.AllocatedProductGeometricAffine (9.8s)
✔ [13083/13697] Built OAI.Combinatorics.Progressions.Estimates.AllocatedRecenteredIdealError (124s)
✔ [13084/13697] Built OAI.Combinatorics.Progressions.Probability.SampledWeightedMixtureError (27s)
✔ [13085/13697] Built OAI.Combinatorics.Progressions.Geometry.AllocatedChartIdealModelBound (32s)
✔ [13086/13697] Built OAI.Combinatorics.Progressions.Sampling.AllocatedFiniteModelGridCover (45s)
✔ [13087/13697] Built OAI.Combinatorics.Progressions.Sampling.AllocatedReconstructedCutoffSampling (55s)
✔ [13088/13697] Built OAI.Combinatorics.Progressions.Probability.AllocatedPhysicalExpansionMass (58s)
✔ [13089/13697] Built OAI.Combinatorics.Progressions.Estimates.AllocatedFiniteModelNativePartner (62s)
✔ [13090/13697] Built OAI.Combinatorics.Progressions.Estimates.AllocatedIntegratedGlobalIdeal (73s)
✔ [13091/13697] Built OAI.Combinatorics.Progressions.Linear.AllocatedGoodKernelIdealFamily (47s)
✔ [13092/13697] Built OAI.Combinatorics.Progressions.Estimates.AllocatedSampledPrincipalIdeal (34s)
✔ [13093/13697] Built OAI.Combinatorics.Progressions.Estimates.AllocatedSampledCoverIdeal (56s)
✔ [13094/13697] Built OAI.Combinatorics.Progressions.Probability.AllocatedGlobalMaskedDensity (102s)
✔ [13095/13697] Built OAI.Combinatorics.Progressions.Dynamics.AllocatedFiniteIdealMaskBudget (27s)
✔ [13096/13697] Built OAI.Combinatorics.Progressions.Linear.AllocatedGenuineKernelBudget (17s)
✔ [13097/13697] Built OAI.Combinatorics.Progressions.Lattices.AllocatedAffineAnalyticBudget (28s)
✔ [13098/13697] Built OAI.Combinatorics.Progressions.Lattices.AllocatedAffineJointSamplingBudget (31s)
✔ [13099/13697] Built OAI.Combinatorics.Progressions.Sampling.AllocatedBufferedGridIdeal (41s)
✔ [13100/13697] Built OAI.Combinatorics.Progressions.Dynamics.PreparedModularCanonicalDetectorPeriodBudget (22s)
✔ [13101/13697] Built OAI.Combinatorics.Progressions.Lattices.AllocatedGridResidueRefinement (13s)
✔ [13102/13697] Built OAI.Combinatorics.Progressions.Estimates.AllocatedFiniteModelPhysicalExpansion (109s)
✔ [13103/13697] Built OAI.Combinatorics.Progressions.Dynamics.PreparedModularGeneralNativeBudget (28s)
✔ [13104/13697] Built OAI.Combinatorics.Progressions.Estimates.AllocatedNormalizedSiteTwist (27s)
✔ [13105/13697] Built OAI.Combinatorics.Progressions.Lattices.AllocatedCommonResidueMask (18s)
✔ [13106/13697] Built OAI.Combinatorics.Progressions.Sampling.ActualForecastModelPrecision (39s)
✔ [13107/13697] Built OAI.Combinatorics.Progressions.Geometry.PhysicalSpatialAnalyticFactor (19s)
✔ [13108/13697] Built OAI.Combinatorics.Progressions.Geometry.AllocatedChartIdealAmbientLift (40s)
✔ [13109/13697] Built OAI.Combinatorics.Progressions.Polynomial.AllocatedPolynomialUniformModel (42s)
✔ [13110/13697] Built OAI.Combinatorics.Progressions.Dynamics.AllocatedSlicedFactorBudget (22s)
✔ [13111/13697] Built OAI.Combinatorics.Progressions.Geometry.ActualFixedSpatialPreparedCertificate (22s)
✔ [13112/13697] Built OAI.Combinatorics.Progressions.Sampling.PreparedForecastPrimitiveParameters (22s)
✔ [13113/13697] Built OAI.Combinatorics.Progressions.Estimates.AllocatedSlicedProductPrefactorCap (125s)
✔ [13114/13697] Built OAI.Combinatorics.Progressions.Lattices.ForecastBufferedIntegerDeckFactor (24s)
✔ [13115/13697] Built OAI.Combinatorics.Progressions.Estimates.AllocatedBufferedSiteTwist (45s)
✔ [13116/13697] Built OAI.Combinatorics.Progressions.Estimates.AllocatedModelCoefficientCover (41s)
✔ [13117/13697] Built OAI.Combinatorics.Progressions.Geometry.AllocatedSlicedOneCubeRowTransport (25s)
✔ [13118/13697] Built OAI.Combinatorics.Progressions.Sampling.AllocatedFiniteModelSquareSampling (32s)
✔ [13119/13697] Built OAI.Combinatorics.Progressions.Estimates.AllocatedProjectedFiniteModelSource (44s)
✔ [13120/13697] Built OAI.Combinatorics.Progressions.Geometry.AllocatedSlicedRowIdealSupport (106s)
✔ [13121/13697] Built OAI.Combinatorics.Progressions.Estimates.AllocatedSlicedIdealCutoff (26s)
✔ [13122/13697] Built OAI.Combinatorics.Progressions.Lattices.AllocatedAffineProfileMeanTransport (46s)
✔ [13123/13697] Built OAI.Combinatorics.Progressions.Geometry.AllocatedAmbientBoxTests (239s)
✔ [13124/13697] Built OAI.Combinatorics.Progressions.Geometry.AllocatedSpatialIdealCoverExpansion (45s)
✔ [13125/13697] Built OAI.Combinatorics.Progressions.Probability.AllocatedRefinedCoefficientMass (84s)
✔ [13126/13697] Built OAI.Combinatorics.Progressions.Geometry.AllocatedGenuineSpatialReindex (117s)
✔ [13127/13697] Built OAI.Combinatorics.Progressions.Probability.AllocatedEarlyCoverCoefficientMass (77s)
✔ [13128/13697] Built OAI.Combinatorics.Progressions.Estimates.AllocatedSlicedFiniteModelComparison (292s)
✔ [13129/13697] Built OAI.Combinatorics.Progressions.Linear.PhysicalJetTentKernel (57s)
✔ [13130/13697] Built OAI.Combinatorics.Progressions.Estimates.AllocatedEarlyCoarseWindowSelection (58s)
✔ [13131/13697] Built OAI.Combinatorics.Progressions.Sampling.PhysicalJetTentSampling (39s)
✔ [13132/13697] Built OAI.Combinatorics.Progressions.Estimates.AllocatedGenuineNativePartner (161s)
✔ [13133/13697] Built OAI.Combinatorics.Progressions.Linear.PhysicalJetKernelTransfer (64s)
✔ [13134/13697] Built OAI.Combinatorics.Progressions.Lattices.AllocatedAffineWholeProfileComparison (178s)
✔ [13135/13697] Built OAI.Combinatorics.Progressions.Estimates.AllocatedSlicedNormalizedNativeModel (370s)
✔ [13136/13697] Built OAI.Combinatorics.Progressions.Lattices.QuantitativeEarlyAffineCoveredSource (62s)
✔ [13137/13697] Built OAI.Combinatorics.Progressions.Lattices.EarlyAllocatedAffineL1Scales (62s)
✔ [13138/13697] Built OAI.Combinatorics.Progressions.Lattices.EarlyAllocatedAffineCoveredSourceWithCutoff (64s)
✔ [13139/13697] Built OAI.Combinatorics.Progressions.Probability.AllocatedScaledSpatialMixture (395s)
✔ [13140/13697] Built OAI.Combinatorics.Progressions.Polynomial.PolynomialEarlyAffineCoveredSource (19s)
✔ [13141/13697] Built OAI.Combinatorics.Progressions.Estimates.InitializedEarlyCanonicalSliceScales (21s)
✔ [13142/13697] Built OAI.Combinatorics.Progressions.Geometry.AllocatedSupportedSlicedUniformPhysicalSource (314s)
✔ [13143/13697] Built OAI.Combinatorics.Progressions.Geometry.AllocatedConstructedSpatialIdeal (77s)
✔ [13144/13697] Built OAI.Combinatorics.Progressions.Linear.AllocatedSupportedSlicedGoodKernelSource (52s)
✔ [13145/13697] Built OAI.Combinatorics.Progressions.Sampling.AllocatedSupportedSlicedAmbientGrid (53s)
✔ [13146/13697] Built OAI.Combinatorics.Progressions.Probability.AllocatedNormalizedConstructedMixture (79s)
✔ [13147/13697] Built OAI.Combinatorics.Progressions.Probability.AllocatedEarlyScaledMixture (158s)
✔ [13148/13697] Built OAI.Combinatorics.Progressions.Geometry.AllocatedSupportedSlicedAccurateSource (52s)
✔ [13149/13697] Built OAI.Combinatorics.Progressions.Estimates.AllocatedNormalizedSourceComparison (80s)
✔ [13150/13697] Built OAI.Combinatorics.Progressions.Estimates.AllocatedGenuineSourceComparison (80s)
✔ [13151/13697] Built OAI.Combinatorics.Progressions.Estimates.AllocatedEarlyConstructedIdeal (79s)
✔ [13152/13697] Built OAI.Combinatorics.Progressions.Lattices.AllocatedAffineFiniteModelL2 (319s)
✔ [13153/13697] Built OAI.Combinatorics.Progressions.Probability.AllocatedEarlyNormalizedMixture (62s)
✔ [13154/13697] Built OAI.Combinatorics.Progressions.Estimates.AllocatedEarlyGenuineSource (63s)
✔ [13155/13697] Built OAI.Combinatorics.Progressions.Dynamics.AllocatedBudgetedGenuineSource (70s)
✔ [13156/13697] Built OAI.Combinatorics.Progressions.Lattices.AllocatedSupportedAffineAccurateSource (204s)
✔ [13157/13697] Built OAI.Combinatorics.Progressions.Estimates.AllocatedCoarseGenuineSource (115s)
✔ [13158/13697] Built OAI.Combinatorics.Progressions.Lattices.AllocatedSupportedAffineBoundedAmbient (117s)
✔ [13159/13697] Built OAI.Combinatorics.Progressions.Lattices.AllocatedAffineRecenteredSource (332s)
✔ [13160/13697] Built OAI.Combinatorics.Progressions.Linear.AllocatedProductCoarseNormalizedKernel (27s)
✔ [13161/13697] Built OAI.Combinatorics.Progressions.Dynamics.AllocatedCoarseContinuousBudget (34s)
✔ [13162/13697] Built OAI.Combinatorics.Progressions.Lattices.AllocatedOriginalGenuineAffine (36s)
✔ [13163/13697] Built OAI.Combinatorics.Progressions.Estimates.AllocatedProductCoarseSourceAssembly (12s)
✔ [13164/13697] Built OAI.Combinatorics.Progressions.Estimates.AllocatedCanonicalSliceHaar (64s)
✔ [13165/13697] Built OAI.Combinatorics.Progressions.Geometry.AllocatedOriginalCoarseBoxSource (22s)
✔ [13166/13697] Built OAI.Combinatorics.Progressions.Estimates.AllocatedOriginalCommonGenuine (23s)
✔ [13167/13697] Built OAI.Combinatorics.Progressions.Estimates.AllocatedCanonicalSliceConstructedModelSource (144s)
✔ [13168/13697] Built OAI.Combinatorics.Progressions.Estimates.AllocatedOriginalCommonResources (87s)
✔ [13169/13697] Built OAI.Combinatorics.Progressions.Dynamics.AllocatedCoarseNativeBudget (16s)
✔ [13170/13697] Built OAI.Combinatorics.Progressions.Estimates.AllocatedCanonicalSourceExistence (35s)
✔ [13171/13697] Built OAI.Combinatorics.Progressions.Sampling.ForecastPreparedScaleBudget (10s)
✔ [13172/13697] Built OAI.Combinatorics.Progressions.Dynamics.PreparedBadProductInputBudget (32s)
✔ [13173/13697] Built OAI.Combinatorics.Progressions.Estimates.PreparedFamilyCanonicalGeometry (32s)
✔ [13174/13697] Built OAI.Combinatorics.Progressions.Probability.PreparedCommonRadiusDensityCapNested (33s)
✔ [13175/13697] Built OAI.Combinatorics.Progressions.Linear.PreparedSpatialKernelBlocks (33s)
✔ [13176/13697] Built OAI.Combinatorics.Progressions.Linear.AllocatedModularRankCongruenceOutput (34s)
✔ [13177/13697] Built OAI.Combinatorics.Progressions.Estimates.AllocatedCanonicalSliceConstructedFiniteSource (99s)
✔ [13178/13697] Built OAI.Combinatorics.Progressions.Linear.PreparedDeterminingRank (34s)
✔ [13179/13697] Built OAI.Combinatorics.Progressions.Estimates.ModularHalfExponentExceptions (34s)
✔ [13180/13697] Built OAI.Combinatorics.Progressions.Geometry.SpatialTwoBlockEquiv (33s)
✔ [13181/13697] Built OAI.Combinatorics.Progressions.Estimates.ModularDesignatedCoefficientMarkov (34s)
✔ [13182/13697] Built OAI.Combinatorics.Progressions.Linear.AllocatedModularRankPreparedBlocks (32s)
✔ [13183/13697] Built OAI.Combinatorics.Progressions.Dynamics.PreparedCanonicalFreezeBudget (34s)
✔ [13184/13697] Built OAI.Combinatorics.Progressions.Polynomial.FrozenPolynomialAffineRange (33s)
✔ [13185/13697] Built OAI.Combinatorics.Progressions.Dynamics.PreparedEarlyStructuralPowerBudget (39s)
✔ [13186/13697] Built OAI.Combinatorics.Progressions.Linear.ModularVectorCoefficientRank (39s)
✔ [13187/13697] Built OAI.Combinatorics.Progressions.Sampling.SamplerSeparatedVariables (40s)
✔ [13188/13697] Built OAI.Combinatorics.Progressions.Linear.AllocatedModularRankUniformRow (40s)
✔ [13189/13697] Built OAI.Combinatorics.Progressions.Estimates.PreparedOldPatchFreezePower (34s)
✔ [13190/13697] Built OAI.Combinatorics.Progressions.Fourier.ForecastSpatialCharacterSplit (40s)
✔ [13191/13697] Built OAI.Combinatorics.Progressions.Linear.SpatialMatrixBlockWideProbability (51s)
✔ [13192/13697] Built OAI.Combinatorics.Progressions.Estimates.ModularVectorCoefficientExceptions (43s)
✔ [13193/13697] Built OAI.Combinatorics.Progressions.Linear.RankPreparationIteration (43s)
✔ [13194/13697] Built OAI.Combinatorics.Progressions.Estimates.PreparedRelativeInitializerScalarInputs (43s)
✔ [13195/13697] Built OAI.Combinatorics.Progressions.Lattices.ForecastNativeResidueTest (40s)
✔ [13196/13697] Built OAI.Combinatorics.Progressions.Lattices.ForecastOriginalSampleResidueFactor (62s)
✔ [13197/13697] Built OAI.Combinatorics.Progressions.Geometry.CenteredFiniteSpatialModularGoodSet (40s)
✔ [13198/13697] Built OAI.Combinatorics.Progressions.Sampling.PreparedCenteredForecastSpatialBounds (48s)
✔ [13199/13697] Built OAI.Combinatorics.Progressions.Geometry.JointExceptionalSpatialWidthBudget (48s)
✔ [13200/13697] Built OAI.Combinatorics.Progressions.Lattices.ForecastJointNativeResidue (49s)
✔ [13201/13697] Built OAI.Combinatorics.Progressions.Estimates.NormalizedDeterminantCutoff (44s)
✔ [13202/13697] Built OAI.Combinatorics.Progressions.Estimates.PreparedCanonicalNativeSource (219s)
✔ [13203/13697] Built OAI.Combinatorics.Progressions.Polynomial.PreparedPolynomialLayer (40s)
✔ [13204/13697] Built OAI.Combinatorics.Progressions.Lattices.ModularCoefficientBadPrimeProduct (40s)
✔ [13205/13697] Built OAI.Combinatorics.Progressions.Linear.AllocatedModularRankMixedUniform (42s)
✔ [13206/13697] Built OAI.Combinatorics.Progressions.Linear.AllocatedCenteredSpatialMatrixExceptional (27s)
✔ [13207/13697] Built OAI.Combinatorics.Progressions.Estimates.AllocatedOriginalSampleNormalizedTwist (58s)
✔ [13208/13697] Built OAI.Combinatorics.Progressions.Linear.SpatialMatrixCutoffBudget (48s)
✔ [13209/13697] Built OAI.Combinatorics.Progressions.Dynamics.AllocatedSynchronizedBudgets (27s)
✔ [13210/13697] Built OAI.Combinatorics.Progressions.Linear.SmoothCoefficientRankBadProduct (25s)
✔ [13211/13697] Built OAI.Combinatorics.Progressions.Estimates.PreparationLogCost (28s)
✔ [13212/13697] Built OAI.Combinatorics.Progressions.Nilpotent.AllocatedNiltestNativeDetection (58s)
✔ [13213/13697] Built OAI.Combinatorics.Progressions.Polynomial.JointExceptionalPolynomialBudget (41s)
✔ [13214/13697] Built OAI.Combinatorics.Progressions.Linear.AllocatedModularRankSmoothWidthBudget (43s)
✔ [13215/13697] Built OAI.Combinatorics.Progressions.Polynomial.AllocatedModularRankTaggedPolynomials (43s)
✔ [13216/13697] Built OAI.Combinatorics.Progressions.Estimates.AllocatedOriginalSampleInactiveRead (52s)
✔ [13217/13697] Built OAI.Combinatorics.Progressions.Linear.AllocatedModularRankFullProductLaw (46s)
✔ [13218/13697] Built OAI.Combinatorics.Progressions.Sampling.ForecastActualPhysicalSourceContinuous (207s)
✔ [13219/13697] Built OAI.Combinatorics.Progressions.Dynamics.JointExceptionalGainBudget (35s)
✔ [13220/13697] Built OAI.Combinatorics.Progressions.Estimates.PreparedEarlyCanonicalSource (48s)
✔ [13221/13697] Built OAI.Combinatorics.Progressions.Linear.AllocatedModularRankActualRead (33s)
✔ [13222/13697] Built OAI.Combinatorics.Progressions.Estimates.PreparedEnlargedModularAllocation (35s)
✔ [13223/13697] Built OAI.Combinatorics.Progressions.Polynomial.PreparedPolynomialIdentity (36s)
✔ [13224/13697] Built OAI.Combinatorics.Progressions.Sampling.ForecastNativeJointTestBudget (76s)
✔ [13225/13697] Built OAI.Combinatorics.Progressions.Sampling.PreparedCenteredForecastPathLogEnvelope (51s)
✔ [13226/13697] Built OAI.Combinatorics.Progressions.Estimates.AllocatedControlledApproximation (90s)
✔ [13227/13697] Built OAI.Combinatorics.Progressions.Sampling.ForecastPhysicalTargetSpatialSplit (87s)
✔ [13228/13697] Built OAI.Combinatorics.Progressions.Sampling.ForecastPhysicalTargetReal (87s)
✔ [13229/13697] Built OAI.Combinatorics.Progressions.Sampling.ForecastDensityPhysicalApproximation (92s)
✔ [13230/13697] Built OAI.Combinatorics.Progressions.Estimates.OldLayerPreparation (50s)
✔ [13231/13697] Built OAI.Combinatorics.Progressions.Lattices.PreparedIntegerRemainder (47s)
✔ [13232/13697] Built OAI.Combinatorics.Progressions.Linear.AllocatedModularRankBadProduct (65s)
✔ [13233/13697] Built OAI.Combinatorics.Progressions.Polynomial.PreparedPolynomialPullback (22s)
✔ [13234/13697] Built OAI.Combinatorics.Progressions.Estimates.PreparedLayerFreezing (23s)
✔ [13235/13697] Built OAI.Combinatorics.Progressions.Lattices.AllocatedModularRankIntegerDecay (37s)
✔ [13236/13697] Built OAI.Combinatorics.Progressions.Lattices.AllocatedModularRankAffineProbability (38s)
✔ [13237/13697] Built OAI.Combinatorics.Progressions.Estimates.AllocatedCanonicalProjectedNativeSource (429s)
✔ [13238/13697] Built OAI.Combinatorics.Progressions.Sampling.PreparedLayerScore (44s)
✔ [13239/13697] Built OAI.Combinatorics.Progressions.Sampling.NormalizedLayerScoreStep (44s)
✔ [13240/13697] Built OAI.Combinatorics.Progressions.Lattices.SpatialAffineFullMass (45s)
✔ [13241/13697] Built OAI.Combinatorics.Progressions.Linear.AllocatedModularRankRationalDecay (23s)
✔ [13242/13697] Built OAI.Combinatorics.Progressions.Polynomial.AllocatedSeparatedCongruencePolynomial (23s)
✔ [13243/13697] Built OAI.Combinatorics.Progressions.Sampling.ForecastNativeRawSpatialFamily (176s)
✔ [13244/13697] Built OAI.Combinatorics.Progressions.Linear.AllocatedModularRankActualRefreshBad (28s)
✔ [13245/13697] Built OAI.Combinatorics.Progressions.Sampling.ForecastActualBufferedNativeExpansion (92s)
✔ [13246/13697] Built OAI.Combinatorics.Progressions.Dynamics.ConstructLayerResetScales (21s)
✔ [13247/13697] Built OAI.Combinatorics.Progressions.Lattices.AllocatedModularRankAffineFullWitness (17s)
✔ [13248/13697] Built OAI.Combinatorics.Progressions.Sampling.AllocatedForecastShortRawDependence (30s)
✔ [13249/13697] Built OAI.Combinatorics.Progressions.Polynomial.PolynomialPatchDensityIncrement (17s)
✔ [13250/13697] Built OAI.Combinatorics.Progressions.Geometry.FixedSpatialNativeRawSupport (36s)
✔ [13251/13697] Built OAI.Combinatorics.Progressions.Linear.AllocatedModularRankFullWitness (21s)
✔ [13252/13697] Built OAI.Combinatorics.Progressions.Estimates.AllocatedShortRationalMarginal (36s)
✔ [13253/13697] Built OAI.Combinatorics.Progressions.Linear.AllocatedShortRankWitnessWidth (43s)
✔ [13254/13697] Built OAI.Combinatorics.Progressions.Sampling.AllocatedSlicedModularForecastContinuousSource (49s)
✔ [13255/13697] Built OAI.Combinatorics.Progressions.Estimates.AllocatedActualRationalMarginal (44s)
✔ [13256/13697] Built OAI.Combinatorics.Progressions.Dynamics.PatchResetBudget (38s)
✔ [13257/13697] Built OAI.Combinatorics.Progressions.Lattices.AllocatedAffineFixedPathRationalReference (58s)
✔ [13258/13697] Built OAI.Combinatorics.Progressions.Polynomial.PolynomialProductReset (16s)
✔ [13259/13697] Built OAI.Combinatorics.Progressions.Lattices.AllocatedActualCRTRationalMarginal (30s)
✔ [13260/13697] Built OAI.Combinatorics.Progressions.Lattices.AllocatedPhysicalIntegerRankLaw (46s)
✔ [13261/13697] Built OAI.Combinatorics.Progressions.Dynamics.PatchIterationBudget (31s)
✔ [13262/13697] Built OAI.Combinatorics.Progressions.Estimates.AllocatedOriginalSampleCongruenceOutput (32s)
✔ [13263/13697] Built OAI.Combinatorics.Progressions.Probability.AllocatedFiberSlicedSourceLaw (35s)
✔ [13264/13697] Built OAI.Combinatorics.Progressions.Linear.AllocatedPhysicalRankWitnessLaw (44s)
✔ [13265/13697] Built OAI.Combinatorics.Progressions.Estimates.AllocatedJointRationalReference (50s)
✔ [13266/13697] Built OAI.Combinatorics.Progressions.Probability.AllocatedFixedPathSlicedRationalDensityComparison (72s)
✔ [13267/13697] Built OAI.Combinatorics.Progressions.Polynomial.SlicedPolynomialPatchReset (42s)
✔ [13268/13697] Built OAI.Combinatorics.Progressions.Linear.AllocatedPhysicalCertifiedRankWitnessLaw (47s)
✔ [13269/13697] Built OAI.Combinatorics.Progressions.Dynamics.ResourceControlledPatchReset (18s)
✔ [13270/13697] Built OAI.Combinatorics.Progressions.Estimates.AllocatedAnchoredRecoveredSource (72s)
✔ [13271/13697] Built OAI.Combinatorics.Progressions.Geometry.AllocatedDetectedSpatialNativeSource (214s)
✔ [13272/13697] Built OAI.Combinatorics.Progressions.Sampling.ScoredPatchDensityStep (19s)
✔ [13273/13697] Built OAI.Combinatorics.Progressions.Dynamics.AllocatedFixedPathRationalComparison (55s)
✔ [13274/13697] Built OAI.Combinatorics.Progressions.Geometry.AllocatedRecoveredSampleSiteChart (24s)
✔ [13275/13697] Built OAI.Combinatorics.Progressions.Lattices.AllocatedCenteredBadPrimeSurrogate (26s)
✔ [13276/13697] Built OAI.Combinatorics.Progressions.Estimates.PreparedCertifiedPhysicalBadProduct (67s)
✔ [13277/13697] Built OAI.Combinatorics.Progressions.Sampling.FixedSpatialKernelNativeForecastSource (233s)
✔ [13278/13697] Built OAI.Combinatorics.Progressions.Estimates.AllocatedCenteredMeasurableBadTail (33s)
✔ [13279/13697] Built OAI.Combinatorics.Progressions.Probability.AllocatedFixedPathSlicedPhysicalDensityComparison (64s)
✔ [13280/13697] Built OAI.Combinatorics.Progressions.Linear.AllocatedFixedPathKernelFrameBounds (19s)
✔ [13281/13697] Built OAI.Combinatorics.Progressions.Sampling.AllocatedModularForecastRationalSource (45s)
✔ [13282/13697] Built OAI.Combinatorics.Progressions.Sampling.AllocatedRecoveredForecastDecay (49s)
✔ [13283/13697] Built OAI.Combinatorics.Progressions.Linear.AllocatedCenteredMeasurableFramedBadTail (58s)
✔ [13284/13697] Built OAI.Combinatorics.Progressions.Geometry.SharedWidthAllocatedCanonicalSpatialNativeSource (111s)
✔ [13285/13697] Built OAI.Combinatorics.Progressions.Sampling.AllocatedPhysicalDensityNativeForecastSource (47s)
✔ [13286/13697] Built OAI.Combinatorics.Progressions.Sampling.AllocatedAnchoredDensityNativeForecastSource (48s)
✔ [13287/13697] Built OAI.Combinatorics.Progressions.Estimates.AllocatedRecoveredPreparedFreeze (42s)
✔ [13288/13697] Built OAI.Combinatorics.Progressions.Sampling.AllocatedScoredFreezing (20s)
✔ [13289/13697] Built OAI.Combinatorics.Progressions.Lattices.AllocatedRecoveredIntegerFullChart (24s)
✔ [13290/13697] Built OAI.Combinatorics.Progressions.Probability.AllocatedMixedLiftNormalizedMass (25s)
✔ [13291/13697] Built OAI.Combinatorics.Progressions.Dynamics.AllocatedFixedPathAnchoredNativeComparison (127s)
✔ [13292/13697] Built OAI.Combinatorics.Progressions.Polynomial.NormalizedFrozenPolynomialMass (35s)
✔ [13293/13697] Built OAI.Combinatorics.Progressions.Estimates.EstimatesProductiveAllocatedFreezing (40s)
✔ [13294/13697] Built OAI.Combinatorics.Progressions.Estimates.ProductiveAllocatedFreezing (40s)
✔ [13295/13697] Built OAI.Combinatorics.Progressions.Geometry.AllocatedRecoveredNormalizedTopChart (41s)
✔ [13296/13697] Built OAI.Combinatorics.Progressions.Geometry.CertifiedFullChartFrozenTerminal (55s)
✔ [13297/13697] Built OAI.Combinatorics.Progressions.Geometry.SharedWidthAllocatedDetectedSpatialNativeSourceGeneral (151s)
✔ [13298/13697] Built OAI.Combinatorics.Progressions.Probability.FullFrozenChartMass (38s)
✔ [13299/13697] Built OAI.Combinatorics.Progressions.Sampling.AllocatedSamplerRelativeInduction (47s)
✔ [13300/13697] Built OAI.Combinatorics.Progressions.Probability.AllocatedRecoveredChartMass (48s)
✔ [13301/13697] Built OAI.Combinatorics.Progressions.Geometry.AllocatedParameterBoxEarlyFreeze (51s)
✔ [13302/13697] Built OAI.Combinatorics.Progressions.Geometry.CertifiedFullChartRecoveredTerminal (59s)
✔ [13303/13697] Built OAI.Combinatorics.Progressions.Sampling.AllocatedForecastPrimitiveCapBound (197s)
✔ [13304/13697] Built OAI.Combinatorics.Progressions.Probability.AllocatedFullBoxPositiveLaw (43s)
✔ [13305/13697] Built OAI.Combinatorics.Progressions.Fourier.AllocatedRecoveredTagTorusVariation (35s)
✔ [13306/13697] Built OAI.Combinatorics.Progressions.Estimates.PreparedModularGeneralDetectorThreshold (22s)
✔ [13307/13697] Built OAI.Combinatorics.Progressions.Estimates.AllocatedCommonFrozenSymbolFactors (35s)
✔ [13308/13697] Built OAI.Combinatorics.Progressions.Geometry.AllocatedRecoveredChartSlow (26s)
✔ [13309/13697] Built OAI.Combinatorics.Progressions.Estimates.AllocatedRecoveredRelativeChild (25s)
✔ [13310/13697] Built OAI.Combinatorics.Progressions.Estimates.AllocatedFrozenTaggedTwistStepDrop (27s)
✔ [13311/13697] Built OAI.Combinatorics.Progressions.Estimates.AllocatedControlledFrozenPullbacks (17s)
✔ [13312/13697] Built OAI.Combinatorics.Progressions.Linear.AllocatedFrozenTaggedTwistFixedBasisStepDrop (16s)
✔ [13313/13697] Built OAI.Combinatorics.Progressions.Sampling.AllocatedFixedPathRecoveredJointGridComparison (181s)
✔ [13314/13697] Built OAI.Combinatorics.Progressions.Estimates.AllocatedExternalCandidateOptionJointConclusion (105s)
✔ [13315/13697] Built OAI.Combinatorics.Progressions.Sampling.AllocatedRecoveredNativeJointGridComparison (44s)
✔ [13316/13697] Built OAI.Combinatorics.Progressions.Estimates.AllocatedExternalCandidateStepZero (38s)
✔ [13317/13697] Built OAI.Combinatorics.Progressions.Geometry.AllocatedExternalLocalChartOrbitValues (41s)
✔ [13318/13697] Built OAI.Combinatorics.Progressions.Sampling.FixedSpatialSliceNativeJointGridDetComparison (58s)
✔ [13319/13697] Built OAI.Combinatorics.Progressions.Estimates.AllocatedExternalLocalFiniteFreezing (54s)
✔ [13320/13697] Built OAI.Combinatorics.Progressions.Probability.AllocatedExternalLocalSliceLaw (55s)
✔ [13321/13697] Built OAI.Combinatorics.Progressions.Sampling.ForecastOriginalNativeHaarJointMean (91s)
✔ [13322/13697] Built OAI.Combinatorics.Progressions.Estimates.AllocatedExternalCandidateRefinementLabels (74s)
✔ [13323/13697] Built OAI.Combinatorics.Progressions.Estimates.AllocatedExternalLocalGlobalMarkedCandidate (122s)
✔ [13324/13697] Built OAI.Combinatorics.Progressions.Linear.FixedSpatialKernelNativeHaarJointMean (59s)
✔ [13325/13697] Built OAI.Combinatorics.Progressions.Geometry.AllocatedExternalLocalChartKeepBounds (44s)
✔ [13326/13697] Built OAI.Combinatorics.Progressions.Estimates.AllocatedExternalCandidateAxisFreezingConclusion (101s)
✔ [13327/13697] Built OAI.Combinatorics.Progressions.Sampling.AllocatedExternalLocalGoodForecastPath (128s)
✔ [13328/13697] Built OAI.Combinatorics.Progressions.Probability.AllocatedExternalCandidateFrozenStageDensity (31s)
✔ [13329/13697] Built OAI.Combinatorics.Progressions.Sampling.AllocatedExternalCandidateSamplerFacts (33s)
✔ [13330/13697] Built OAI.Combinatorics.Progressions.Geometry.AllocatedExternalCandidateAxisChartOrbit (34s)
✔ [13331/13697] Built OAI.Combinatorics.Progressions.Estimates.AllocatedExternalCandidateKeptSymbolFactors (59s)
✔ [13332/13697] Built OAI.Combinatorics.Progressions.Estimates.AllocatedExternalCandidateRealThreshold (51s)
✔ [13333/13697] Built OAI.Combinatorics.Progressions.Sampling.ForecastLawNativeRawJointMean (147s)
✔ [13334/13697] Built OAI.Combinatorics.Progressions.Geometry.ActualFixedSpatialSlicedSourceLog (49s)
✔ [13335/13697] Built OAI.Combinatorics.Progressions.Estimates.AllocatedExternalCandidateFrozenNativeFactors (83s)
✔ [13336/13697] Built OAI.Combinatorics.Progressions.Polynomial.ActualFixedSpatialPhysicalPolynomialRange (41s)
✔ [13337/13697] Built OAI.Combinatorics.Progressions.Geometry.ActualFixedSpatialSlicedPrimitiveGeometry (44s)
✔ [13338/13697] Built OAI.Combinatorics.Progressions.Sampling.PreparedActualForecastSetup (72s)
✔ [13339/13697] Built OAI.Combinatorics.Progressions.Estimates.AllocatedExternalCandidateTaggedPairFamily (163s)
✔ [13340/13697] Built OAI.Combinatorics.Progressions.Sampling.ActualFixedSpatialSlicedForecastSourceLaw (83s)
✔ [13341/13697] Built OAI.Combinatorics.Progressions.Sampling.ActualFixedSpatialCenteredForecastModel (141s)
✔ [13342/13697] Built OAI.Combinatorics.Progressions.Sampling.ForecastInactiveSlicedNativeSource (72s)
✔ [13343/13697] Built OAI.Combinatorics.Progressions.Lattices.CertifiedAffineCutoffCost (107s)
✔ [13344/13697] Built OAI.Combinatorics.Progressions.Sampling.ForecastLawPhysicalTargetReal (95s)
✔ [13345/13697] Built OAI.Combinatorics.Progressions.Probability.NativeSliceLawVerticalPartners (30s)
✔ [13346/13697] Built OAI.Combinatorics.Progressions.Nilpotent.ZeroLayerPhysicalNiltestBudget (39s)
✔ [13347/13697] Built OAI.Combinatorics.Progressions.Sampling.AllocatedExternalCandidatePhysicalScore (39s)
✔ [13348/13697] Built OAI.Combinatorics.Progressions.Lattices.ActualFixedSpatialSlicedForecastFromResidueBox (34s)
✔ [13349/13697] Built OAI.Combinatorics.Progressions.Probability.ActualFixedSpatialSlicedDensityBounds (35s)
✔ [13350/13697] Built OAI.Combinatorics.Progressions.Sampling.PreparedActualSlicedForecastSetup (69s)
✔ [13351/13697] Built OAI.Combinatorics.Progressions.Sampling.ForecastLawPhysicalAmbientHaarComparison (191s)
✔ [13352/13697] Built OAI.Combinatorics.Progressions.Geometry.NativeSampleSliceChartVerticalPartners (62s)
✔ [13353/13697] Built OAI.Combinatorics.Progressions.Linear.ActualCandidateSlowProjectionMass (76s)
✔ [13354/13697] Built OAI.Combinatorics.Progressions.Sampling.ForecastLawRecoveredRationalCardinalityCap (182s)
✔ [13355/13697] Built OAI.Combinatorics.Progressions.Estimates.AllocatedFrozenMarkedPhysicalBounds (58s)
✔ [13356/13697] Built OAI.Combinatorics.Progressions.Sampling.PreparedSlicedForecastComparisonLogs (39s)
✔ [13357/13697] Built OAI.Combinatorics.Progressions.Dynamics.ActualSlicedNumericsRecoveredBudget (42s)
✔ [13358/13697] Built OAI.Combinatorics.Progressions.Probability.AllocatedExternalCandidateRetainedSliceLaw (83s)
✔ [13359/13697] Built OAI.Combinatorics.Progressions.Geometry.FullTaggedSlowChartCenterDependence (58s)
✔ [13360/13697] Built OAI.Combinatorics.Progressions.Geometry.FixedSpatialNativeAmbientComparison (79s)
✔ [13361/13697] Built OAI.Combinatorics.Progressions.Sampling.ActualFixedSpatialSlicedInactiveGridCap (89s)
✔ [13362/13697] Built OAI.Combinatorics.Progressions.Estimates.GlobalMarkedPhysicalValueBounds (49s)
✔ [13363/13697] Built OAI.Combinatorics.Progressions.Estimates.InheritedTaggedQuotientPrecenterMasks (136s)
✔ [13364/13697] Built OAI.Combinatorics.Progressions.Sampling.ForecastLawCenteredRecoveredKernel (59s)
✔ [13365/13697] Built OAI.Combinatorics.Progressions.Estimates.AllocatedExternalCandidateObservableRestriction (30s)
✔ [13366/13697] Built OAI.Combinatorics.Progressions.Sampling.PreparedConcreteSlicedForecastPrecision (64s)
✔ [13367/13697] Built OAI.Combinatorics.Progressions.Geometry.AllocatedExternalCandidateBufferedCoordinates (37s)
✔ [13368/13697] Built OAI.Combinatorics.Progressions.Sampling.ForecastLawOriginalNativeHaarJointMean (258s)
✔ [13369/13697] Built OAI.Combinatorics.Progressions.Nilpotent.AllocatedExternalCandidateQuotientNiltests (48s)
✔ [13370/13697] Built OAI.Combinatorics.Progressions.Nilpotent.AllocatedOriginalDegreeQuotientBinNiltest (59s)
✔ [13371/13697] Built OAI.Combinatorics.Progressions.Dynamics.AllocatedFixedPathRecoveredAmbientComparison (81s)
✔ [13372/13697] Built OAI.Combinatorics.Progressions.Linear.RankPreparationPaddedFreezingLifts (50s)
✔ [13373/13697] Built OAI.Combinatorics.Progressions.Sampling.PreparedConcreteSlicedForecastModelLogs (59s)
✔ [13374/13697] Built OAI.Combinatorics.Progressions.Polynomial.PolynomialPatchTaggedBufferedScore (36s)
✔ [13375/13697] Built OAI.Combinatorics.Progressions.Estimates.PreparedCenteredDeterminingSlots (47s)
✔ [13376/13697] Built OAI.Combinatorics.Progressions.Estimates.AllocatedPaddedRecoveredPreparedFreeze (32s)
✔ [13377/13697] Built OAI.Combinatorics.Progressions.Sampling.ActualSlicedForecastLateData (126s)
✔ [13378/13697] Built OAI.Combinatorics.Progressions.Sampling.AllocatedExternalCandidateShearBufferedScore (49s)
✔ [13379/13697] Built OAI.Combinatorics.Progressions.Sampling.PreparedSlicedForecastScalarEnvelope (51s)
✔ [13380/13697] Built OAI.Combinatorics.Progressions.Linear.PreparedDeterminingMatrixBudget (33s)
✔ [13381/13697] Built OAI.Combinatorics.Progressions.Sampling.PreparedConcreteSlicedForecastPrimitiveCapBudget (54s)
✔ [13382/13697] Built OAI.Combinatorics.Progressions.Sampling.AllocatedExternalCandidateNativeFrozenScore (128s)
✔ [13383/13697] Built OAI.Combinatorics.Progressions.Geometry.AllocatedPaddedParameterBoxEarlyFreeze (41s)
✔ [13384/13697] Built OAI.Combinatorics.Progressions.Sampling.PreparedEarlyLateSamplerGeometry (32s)
✔ [13385/13697] Built OAI.Combinatorics.Progressions.Estimates.PreparedDilatedDeterminingSlots (32s)
✔ [13386/13697] Built OAI.Combinatorics.Progressions.Geometry.ActualFixedSpatialDenseSliceCenter (55s)
✔ [13387/13697] Built OAI.Combinatorics.Progressions.Geometry.FixedSpatialSliceNativeAmbientRationalComparison (117s)
✔ [13388/13697] Built OAI.Combinatorics.Progressions.Estimates.AllocatedSlicedModularSeparateTailContinuousSource (58s)
✔ [13389/13697] Built OAI.Combinatorics.Progressions.Dynamics.PreparedLateGeometryPowerBudget (26s)
✔ [13390/13697] Built OAI.Combinatorics.Progressions.Geometry.AllocatedExternalCandidateNativeMiddleCoordinates (45s)
✔ [13391/13697] Built OAI.Combinatorics.Progressions.Linear.PreparedDeterminingMatrixColumns (31s)
✔ [13392/13697] Built OAI.Combinatorics.Progressions.Geometry.ActualFixedSpatialSlicedTargetReal (75s)
✔ [13393/13697] Built OAI.Combinatorics.Progressions.Sampling.ActualFixedSpatialSlicedNumericalGridCap (32s)
✔ [13394/13697] Built OAI.Combinatorics.Progressions.Estimates.AllocatedExternalCandidateDenseSliceInput (44s)
✔ [13395/13697] Built OAI.Combinatorics.Progressions.Estimates.AllocatedExternalCandidateFiniteFreezingDictionaryProducer (103s)
✔ [13396/13697] Built OAI.Combinatorics.Progressions.Geometry.AllocatedExternalCandidateRefilteredSupportedStep (80s)
✔ [13397/13697] Built OAI.Combinatorics.Progressions.Lattices.ActualFixedSpatialSlicedCRTIdentification (49s)
✔ [13398/13697] Built OAI.Combinatorics.Progressions.Probability.ActualFixedSpatialUnchargedDensity (50s)
✔ [13399/13697] Built OAI.Combinatorics.Progressions.Probability.ActualFixedSpatialSlicedNumericalDensity (47s)
✔ [13400/13697] Built OAI.Combinatorics.Progressions.Sampling.AllocatedRetainedActualForecastFactory (55s)
✔ [13401/13697] Built OAI.Combinatorics.Progressions.Sampling.AllocatedExternalCandidateDenseForecastData (49s)
✔ [13402/13697] Built OAI.Combinatorics.Progressions.Estimates.AllocatedExternalCandidateRefinedQuotientAssembly (39s)
✔ [13403/13697] Built OAI.Combinatorics.Progressions.Estimates.AllocatedExternalCandidateTaggedSourceEvaluation (35s)
✔ [13404/13697] Built OAI.Combinatorics.Progressions.Dynamics.AllocatedExternalCandidateExponentialFreezingBudget (57s)
✔ [13405/13697] Built OAI.Combinatorics.Progressions.Estimates.AllocatedExternalCandidatePrecenterNativePartners (45s)
✔ [13406/13697] Built OAI.Combinatorics.Progressions.Sampling.AllocatedExternalCandidateFreezingScoreBudget (19s)
✔ [13407/13697] Built OAI.Combinatorics.Progressions.Lattices.ActualFixedSpatialGoodPrimeDeletion (33s)
✔ [13408/13697] Built OAI.Combinatorics.Progressions.Linear.AllocatedExternalCandidateNormalizedKernelRestoration (28s)
✔ [13409/13697] Built OAI.Combinatorics.Progressions.Dynamics.AllocatedExternalCandidateCoveredBudget (17s)
✔ [13410/13697] Built OAI.Combinatorics.Progressions.Estimates.AllocatedExternalCandidateAdaptedOptionQuotientFactors (86s)
✔ [13411/13697] Built OAI.Combinatorics.Progressions.Geometry.ActualFixedSpatialRetainedModulusBudget (29s)
✔ [13412/13697] Built OAI.Combinatorics.Progressions.Geometry.AllocatedExternalLocalCandidateOptionQuotientChart (19s)
✔ [13413/13697] Built OAI.Combinatorics.Progressions.Estimates.AllocatedExternalRetainedResidual (108s)
✔ [13414/13697] Built OAI.Combinatorics.Progressions.Dynamics.AllocatedExternalCandidateReturnedModulusBudget (53s)
✔ [13415/13697] Built OAI.Combinatorics.Progressions.Probability.AllocatedExternalCandidateAllSiteLaw (43s)
✔ [13416/13697] Built OAI.Combinatorics.Progressions.Estimates.AllocatedExternalCandidateUniformSuccessor (78s)
✔ [13417/13697] Built OAI.Combinatorics.Progressions.Estimates.AllocatedExternalCandidateFixedCenterExcess (28s)
✔ [13418/13697] Built OAI.Combinatorics.Progressions.Geometry.AllocatedExternalCandidateSpatialNativeBudget (80s)
✔ [13419/13697] Built OAI.Combinatorics.Progressions.Linear.ActualFixedSpatialSlicedRetainedKernelComparison (101s)
✔ [13420/13697] Built OAI.Combinatorics.Progressions.Estimates.AllocatedExternalCandidateRecursiveParameter (68s)
✔ [13421/13697] Built OAI.Combinatorics.Progressions.Polynomial.AllocatedExternalCandidateDictionaryDegreeOne (68s)
✔ [13422/13697] Built OAI.Combinatorics.Progressions.Probability.AllocatedExternalCandidateFixedLawSpatialFamily (43s)
✔ [13423/13697] Built OAI.Combinatorics.Progressions.Geometry.AllocatedExternalCandidateSpatialNativeReindex (75s)
✔ [13424/13697] Built OAI.Combinatorics.Progressions.Fourier.AllocatedExternalCandidateSpatialNativeFrequencyTransport (74s)
✔ [13425/13697] Built OAI.Combinatorics.Progressions.Estimates.AllocatedExternalCandidateTaggedPairUniformFactors (108s)
✔ [13426/13697] Built OAI.Combinatorics.Progressions.Sampling.ActualFixedSpatialBufferedScore (77s)
✔ [13427/13697] Built OAI.Combinatorics.Progressions.Dynamics.AllocatedExternalCandidateResetSuccessor (153s)
✔ [13428/13697] Built OAI.Combinatorics.Progressions.Polynomial.AllocatedExternalCandidateDegreeOne (85s)
✔ [13429/13697] Built OAI.Combinatorics.Progressions.Dynamics.AllocatedExternalCandidatePrecenterPaths (59s)
✔ [13430/13697] Built OAI.Combinatorics.Progressions.Sampling.ActualFixedSpatialSlicedRetainedKernelGridCap (108s)
✔ [13431/13697] Built OAI.Combinatorics.Progressions.Polynomial.CandidateFrontFactorPolynomialBudget (50s)
✔ [13432/13697] Built OAI.Combinatorics.Progressions.Geometry.ActualFixedSpatialRetainedPatchEndpoint (46s)
✔ [13433/13697] Built OAI.Combinatorics.Progressions.Lattices.AllocatedCertifiedAffinePhysicalSlowBound (77s)
✔ [13434/13697] Built OAI.Combinatorics.Progressions.Estimates.AllocatedExternalCandidateTaggedPairLongUniformFactors (102s)
✔ [13435/13697] Built OAI.Combinatorics.Progressions.Linear.AllocatedExternalCandidateCommonKeepPositiveKernelPreparation (80s)
✔ [13436/13697] Built OAI.Combinatorics.Progressions.Linear.RecoveredKernelScalarBudget (67s)
✔ [13437/13697] Built OAI.Combinatorics.Progressions.Linear.ActualFixedSpatialScaledRetainedKernelBounds (68s)
✔ [13438/13697] Built OAI.Combinatorics.Progressions.Dynamics.CandidateFrontActualPowerBudget (74s)
✔ [13439/13697] Built OAI.Combinatorics.Progressions.Dynamics.PreparedFiniteForwardFrontProfileBudget (25s)
✔ [13440/13697] Built OAI.Combinatorics.Progressions.Estimates.AllocatedExternalCandidateSelectedDescentRegularity (30s)
✔ [13441/13697] Built OAI.Combinatorics.Progressions.Dynamics.PreparedFinalScalarPowerBudget (19s)
✔ [13442/13697] Built OAI.Combinatorics.Progressions.Geometry.AllocatedExternalCandidateSpatialNativeLongCommonFactors (41s)
✔ [13443/13697] Built OAI.Combinatorics.Progressions.Geometry.ActualFixedSpatialNumericalPatchEndpoint (29s)
✔ [13444/13697] Built OAI.Combinatorics.Progressions.Linear.NativeExternalKernelQuotientTransfer (16s)
✔ [13445/13697] Built OAI.Combinatorics.Progressions.Estimates.PreparedRelativeFinalPower (22s)
✔ [13446/13697] Built OAI.Combinatorics.Progressions.Estimates.PreparedActualShearPatchEndpoint (38s)
✔ [13447/13697] Built OAI.Combinatorics.Progressions.Probability.AllocatedExternalCandidateAllKeptSliceLaw (30s)
✔ [13448/13697] Built OAI.Combinatorics.Progressions.Dynamics.AllocatedNormalizationPrimitiveBudget (36s)
✔ [13449/13697] Built OAI.Combinatorics.Progressions.Sampling.PreparedShearForecastScoreBridge (30s)
✔ [13450/13697] Built OAI.Combinatorics.Progressions.Dynamics.AllocatedFixedPathSlicedNativeAmbientComparison (604s)
✔ [13451/13697] Built OAI.Combinatorics.Progressions.Geometry.AllocatedExternalCandidateSpatialNativeAutomaticLongGeometry (105s)
✔ [13452/13697] Built OAI.Combinatorics.Progressions.Polynomial.ForecastComparisonFloorPolynomialBudget (14s)
✔ [13453/13697] Built OAI.Combinatorics.Progressions.Geometry.ActualFixedSpatialSlicedAnalyticIdentification (21s)
✔ [13454/13697] Built OAI.Combinatorics.Progressions.Geometry.AllocatedExternalCandidateSpatialNativeAutomaticGeometry (24s)
✔ [13455/13697] Built OAI.Combinatorics.Progressions.Geometry.AllocatedExternalCandidateSpatialNativeAdaptedConclusion (27s)
✔ [13456/13697] Built OAI.Combinatorics.Progressions.Probability.ActualFixedSpatialSlicedDensityIdentification (14s)
✔ [13457/13697] Built OAI.Combinatorics.Progressions.Fourier.ControlledFrequencyExternalTransfer (136s)
✔ [13458/13697] Built OAI.Combinatorics.Progressions.Estimates.NativePresentPivotQuotientModel (8.5s)
✔ [13459/13697] Built OAI.Combinatorics.Progressions.Linear.PositiveKernelNativeDescentBudget (8.3s)
✔ [13460/13697] Built OAI.Combinatorics.Progressions.Geometry.ActualFixedSpatialSlicedDataComparison (75s)
✔ [13461/13697] Built OAI.Combinatorics.Progressions.Sampling.ActualFixedSpatialSlicedGridErrorIdentification (7.1s)
✔ [13462/13697] Built OAI.Combinatorics.Progressions.Geometry.ActualFixedSpatialSlicedModelPrecision (32s)
✔ [13463/13697] Built OAI.Combinatorics.Progressions.Polynomial.PreparedComparisonGridPolynomialBudget (8.2s)
✔ [13464/13697] Built OAI.Combinatorics.Progressions.Sampling.PreparedConcreteComparisonGridBudget (10s)
✔ [13465/13697] Built OAI.Combinatorics.Progressions.Dynamics.PreparedComparisonPrecisionLogBudget (10s)
✔ [13466/13697] Built OAI.Combinatorics.Progressions.Estimates.PreparedRelativeEndpointSourceBounds (11s)
✔ [13467/13697] Built OAI.Combinatorics.Progressions.Estimates.PreparedFiniteNestedSourceRelativeInitializerBounds (10s)
✔ [13468/13697] Built OAI.Combinatorics.Progressions.Lattices.PreparedAffineDensityEighthRemainder (18s)
✔ [13469/13697] Built OAI.Combinatorics.Progressions.Dynamics.PreparedSameScaleBadProductBudget (19s)
✔ [13470/13697] Built OAI.Combinatorics.Progressions.Dynamics.PreparedFiniteScheduleGeometryBudget (28s)
✔ [13471/13697] Built OAI.Combinatorics.Progressions.Estimates.PreparedPhysicalBadProductSource (43s)
✔ [13472/13697] Built OAI.Combinatorics.Progressions.Polynomial.PreparedUniformDegreePrecisionBudget (18s)
✔ [13473/13697] Built OAI.Combinatorics.Progressions.Estimates.PreparedDetectedCanonicalGeometry (21s)
✔ [13474/13697] Built OAI.Combinatorics.Progressions.Sampling.ForecastEarlyBufferRadius (13s)
✔ [13475/13697] Built OAI.Combinatorics.Progressions.Polynomial.PreparedPolynomialPhysicalBadProductSource (21s)
✔ [13476/13697] Built OAI.Combinatorics.Progressions.Dynamics.PreparedDetectedCanonicalNativeSourceScaleBudget (15s)
✔ [13477/13697] Built OAI.Combinatorics.Progressions.Estimates.PreparedDetectedCanonicalNativeSourceGeometry (18s)
✔ [13478/13697] Built OAI.Combinatorics.Progressions.Estimates.PreparedCenteredShortJointBadProduct (31s)
✔ [13479/13697] Built OAI.Combinatorics.Progressions.Sampling.PreparedShortForecastCertificateSpecialization (15s)
✔ [13480/13697] Built OAI.Combinatorics.Progressions.Probability.PreparedCenteredShortProbabilityBadProduct (21s)
✔ [13481/13697] Built OAI.Combinatorics.Progressions.Estimates.PreparedShortLateFloorCertifiedBadProduct (27s)
✔ [13482/13697] Built OAI.Combinatorics.Progressions.Estimates.PreparedCenteredShortMeasurableBadProduct (18s)
✔ [13483/13697] Built OAI.Combinatorics.Progressions.Estimates.PreparedShortLateToleranceCertifiedAttachment (15s)
✔ [13484/13697] Built OAI.Combinatorics.Progressions.Probability.PreparedCenteredProbabilityBadProduct (20s)
✔ [13485/13697] Built OAI.Combinatorics.Progressions.Estimates.PreparedModularWitnessCanonicalGeometry (83s)
✔ [13486/13697] Built OAI.Combinatorics.Progressions.Estimates.PreparedCenteredShortJointGoodData (29s)
✔ [13487/13697] Built OAI.Combinatorics.Progressions.Polynomial.PreparedCenteredShortJointGoodPolynomial (23s)
✔ [13488/13697] Built OAI.Combinatorics.Progressions.Polynomial.PreparedCenteredJointGoodPolynomial (23s)
✔ [13489/13697] Built OAI.Combinatorics.Progressions.Estimates.PreparedDetectedCanonicalNativeSource (65s)
✔ [13490/13697] Built OAI.Combinatorics.Progressions.Estimates.ActualFiberSlicedBoundedTwistPrecision (272s)
✔ [13491/13697] Built OAI.Combinatorics.Progressions.Estimates.PreparedModularCanonicalNativeSource (14s)
✔ [13492/13697] Built OAI.Combinatorics.Progressions.Estimates.PreparedModularCanonicalDetectorPositiveBounds (16s)
✔ [13493/13697] Built OAI.Combinatorics.Progressions.Geometry.PreparedModularCanonicalDetectorFullBoxConsumer (55s)
✔ [13494/13697] Built OAI.Combinatorics.Progressions.Estimates.PreparedModularGeneralProductivityEarlyGain (88s)
✔ [13495/13697] Built OAI.Combinatorics.Progressions.Dynamics.PreparedFinalToleranceBudgets (14s)
✔ [13496/13697] Built OAI.Combinatorics.Progressions.Estimates.DetectedCanonicalEarlyRadiusLateFloorSource (18s)
✔ [13497/13697] Built OAI.Combinatorics.Progressions.Estimates.PreparedModularCanonicalDetectorAmbientConsumer (57s)
✔ [13498/13697] Built OAI.Combinatorics.Progressions.Geometry.PreparedModularCanonicalDetectorFullBoxConsumerGeneral (51s)
✔ [13499/13697] Built OAI.Combinatorics.Progressions.Dynamics.PreparedModularCanonicalDetectorBudgetedConsumer (48s)
✔ [13500/13697] Built OAI.Combinatorics.Progressions.Estimates.PreparedModularGeneralDetectorLateCoarseConsumer (82s)
✔ [13501/13697] Built OAI.Combinatorics.Progressions.Dynamics.PreparedModularGeneralUniformResourceBudget (12s)
✔ [13502/13697] Built OAI.Combinatorics.Progressions.Linear.PreparedCenteredMarginalProjectionBounds (13s)
✔ [13503/13697] Built OAI.Combinatorics.Progressions.Dynamics.PreparedModularGeneralDetectorBudgetedConsumer (46s)
✔ [13504/13697] Built OAI.Combinatorics.Progressions.Estimates.PreparedModularCanonicalDetectorPositive (117s)
✔ [13505/13697] Built OAI.Combinatorics.Progressions.Estimates.PreparedModularDetectorBadProduct (75s)
✔ [13506/13697] Built OAI.Combinatorics.Progressions.Dynamics.PreparedLateScalarPowerBudget (9.9s)
✔ [13507/13697] Built OAI.Combinatorics.Progressions.Estimates.PreparedModularGeneralDetectorLateFloor (59s)
✔ [13508/13697] Built OAI.Combinatorics.Progressions.Estimates.PreparedModularDetectorCertifiedBadProduct (71s)
✔ [13509/13697] Built OAI.Combinatorics.Progressions.Estimates.PreparedModularGeneralDetectorProductive (82s)
✔ [13510/13697] Built OAI.Combinatorics.Progressions.Geometry.PreparedModularGeneralProductivityFreeSpatialBounds (10s)
✔ [13511/13697] Built OAI.Combinatorics.Progressions.Estimates.PreparedModularGeneralDirectDetectionLateFloor (114s)
✔ [13512/13697] Built OAI.Combinatorics.Progressions.Estimates.PreparedModularGeneralCenteredDetection (31s)
✔ [13513/13697] Built OAI.Combinatorics.Progressions.Estimates.DetectedCanonicalEarlyRadiusFreeTrimDetection (104s)
✔ [13514/13697] Built OAI.Combinatorics.Progressions.Estimates.SharedWidthPreparedModularGeneralDirectDetectionFreeTrim (112s)
✔ [13515/13697] Built OAI.Combinatorics.Progressions.Estimates.PreparedCenteredModelMarginalData (38s)
✔ [13516/13697] Built OAI.Combinatorics.Progressions.Sampling.PreparedForecastRequiredPowerBudget (41s)
✔ [13517/13697] Built OAI.Combinatorics.Progressions.Geometry.PreparedFullChartNativeDetection (54s)
✔ [13518/13697] Built OAI.Combinatorics.Progressions.Estimates.SampledNativeDetectionEmptyTags (13s)
✔ [13519/13697] Built OAI.Combinatorics.Progressions.Estimates.PreparedDetectionFixedNativePartners (14s)
✔ [13520/13697] Built OAI.Combinatorics.Progressions.Estimates.PreparedLateToleranceCertifiedSource (70s)
✔ [13521/13697] Built OAI.Combinatorics.Progressions.Estimates.PreparedPerturbativeCertifiedSource (30s)
✔ [13522/13697] Built OAI.Combinatorics.Progressions.Sampling.PreparedCenteredForecastEarlyWidth (114s)
✔ [13523/13697] Built OAI.Combinatorics.Progressions.Estimates.AllocatedZeroLayerFixedCenterExcess (19s)
✔ [13524/13697] Built OAI.Combinatorics.Progressions.Dynamics.AllocatedNativeDetectionBudgetMonotonicity (52s)
✔ [13525/13697] Built OAI.Combinatorics.Progressions.Geometry.AllocatedZeroLayerDetectionTransport (52s)
✔ [13526/13697] Built OAI.Combinatorics.Progressions.Geometry.Erdos3AllocatedZeroLayerDetectionTransport (52s)
✔ [13527/13697] Built OAI.Combinatorics.Progressions.Polynomial.AllocatedExternalCandidateFixedCenterDegreeModel (52s)
✔ [13528/13697] Built OAI.Combinatorics.Progressions.Geometry.ScalarReferenceNativeDetectionCoordinateEquiv (53s)
✔ [13529/13697] Built OAI.Combinatorics.Progressions.Estimates.AllocatedProductiveFrozenMajorDetection (44s)
✔ [13530/13697] Built OAI.Combinatorics.Progressions.Sampling.AllocatedExternalRetainedForecastModel (44s)
✔ [13531/13697] Built OAI.Combinatorics.Progressions.Estimates.AllocatedZeroLayerDetectorReturn (46s)
✔ [13532/13697] Built OAI.Combinatorics.Progressions.Estimates.SharedWidthPreparedLateToleranceFreeTrimSource (186s)
✔ [13533/13697] Built OAI.Combinatorics.Progressions.Sampling.AllocatedExternalCandidateForecastComparisonSource (125s)
✔ [13534/13697] Built OAI.Combinatorics.Progressions.Sampling.AllocatedScalarEmptyLayerSampler (53s)
✔ [13535/13697] Built OAI.Combinatorics.Progressions.Sampling.AllocatedZeroLayerDetectionFromEmptySampler (53s)
✔ [13536/13697] Built OAI.Combinatorics.Progressions.Dynamics.AllocatedPathwiseFrozenMajorDetection (56s)
✔ [13537/13697] Built OAI.Combinatorics.Progressions.Estimates.AllocatedExternalCandidateShearBufferedModel (57s)
✔ [13538/13697] Built OAI.Combinatorics.Progressions.Nilpotent.AllocatedKeptCommonCurrentGradeLocalNiltest (88s)
✔ [13539/13697] Built OAI.Combinatorics.Progressions.Polynomial.PreparedUniformDegreeDirectMasterBudget (102s)
✔ [13540/13697] Built OAI.Combinatorics.Progressions.Geometry.SharedWidthPreparedFullChartNativeDetection (110s)
✔ [13541/13697] Built OAI.Combinatorics.Progressions.Nilpotent.AllocatedPathwiseFrozenNiltestMajorWitness (90s)
✔ [13542/13697] Built OAI.Combinatorics.Progressions.Estimates.AllocatedExternalCandidateBoundedTwistComparison (125s)
✔ [13543/13697] Built OAI.Combinatorics.Progressions.Sampling.PreparedCenteredForecastModelExtensionAnd (299s)
✔ [13544/13697] Built OAI.Combinatorics.Progressions.Estimates.SharedWidthPreparedPerturbativeCertifiedSource (160s)
✔ [13545/13697] Built OAI.Combinatorics.Progressions.Dynamics.ActualPathBufferedLocalMajorPacket (35s)
✔ [13546/13697] Built OAI.Combinatorics.Progressions.Probability.PreparedGeometryConditionalExcess (26s)
✔ [13547/13697] Built OAI.Combinatorics.Progressions.Nilpotent.AllocatedCandidateHistoryLocalNiltests (117s)
✔ [13548/13697] Built OAI.Combinatorics.Progressions.Probability.PreparedFullChartConditionalNativeDetectionSharedWidth (153s)
✔ [13549/13697] Built OAI.Combinatorics.Progressions.Sampling.PreparedSourceSlicedForecastNumerics (70s)
✔ [13550/13697] Built OAI.Combinatorics.Progressions.Sampling.PreparedActualSlicedForecastModelExtension (112s)
✔ [13551/13697] Built OAI.Combinatorics.Progressions.Sampling.PreparedFiniteUniversalSlicedForecastModelExtension (143s)
✔ [13552/13697] Built OAI.Combinatorics.Progressions.Sampling.PreparedCenteredForecastGoodModel (152s)
✔ [13553/13697] Built OAI.Combinatorics.Progressions.Sampling.PreparedCenteredShortForecastGoodInterface (171s)
✔ [13554/13697] Built OAI.Combinatorics.Progressions.Estimates.PreparedFiniteScheduleCandidateDetection (170s)
✔ [13555/13697] Built OAI.Combinatorics.Progressions.Dynamics.AllocatedCandidateStageScalarBudget (366s)
✔ [13556/13697] Built OAI.Combinatorics.Progressions.Linear.PreparedUniformShortSourceRankBudget (144s)
✔ [13557/13697] Built OAI.Combinatorics.Progressions.Sampling.PreparedCenteredShortForecastProductiveGoodModel (145s)
✔ [13558/13697] Built OAI.Combinatorics.Progressions.Geometry.PreparedGeometryDecidableTransport (138s)
✔ [13559/13697] Built OAI.Combinatorics.Progressions.Estimates.PreparedFiniteScheduleLocalScalarConstruction (142s)
✔ [13560/13697] Built OAI.Combinatorics.Progressions.Estimates.RelativePatchPositivePowerInduction (57s)
✔ [13561/13697] Built OAI.Combinatorics.Progressions.Estimates.PreparedCenteredStagedModelProductiveGood (56s)
✔ [13562/13697] Built OAI.Combinatorics.Progressions.Polynomial.PreparedFiniteScheduleLocalResourceBudgetWithDegree (44s)
✔ [13563/13697] Built OAI.Combinatorics.Progressions.Estimates.PreparedEmptyLayerFiniteScheduleLocalDirectSource (45s)
✔ [13564/13697] Built OAI.Combinatorics.Progressions.Dynamics.PreparedFiniteScheduleLatePowerBudget (35s)
✔ [13565/13697] Built OAI.Combinatorics.Progressions.Dynamics.PreparedFiniteScheduleLocalMasterBudget (46s)
✔ [13566/13697] Built OAI.Combinatorics.Progressions.Dynamics.PreparedFiniteForwardActualNativeBudget (47s)
✔ [13567/13697] Built OAI.Combinatorics.Progressions.Polynomial.PreparedFiniteScheduleLocalScalarConstructionWithDegree (81s)
✔ [13568/13697] Built OAI.Combinatorics.Progressions.Estimates.UnconditionedArbitraryFixedPatchFamily (62s)
✔ [13569/13697] Built OAI.Combinatorics.Progressions.Sampling.PreparedShortForecastRawSourceBounds (281s)
✔ [13570/13697] Built OAI.Combinatorics.Progressions.Dynamics.RelativePatchAmplificationIteration (55s)
✔ [13571/13697] Built OAI.Combinatorics.Progressions.Lattices.IntervalIntegerVectorAPFree (56s)
✔ [13572/13697] Built OAI.Combinatorics.Progressions.Dynamics.UnconditionedRootBudgetAbsoluteFamily (55s)
✔ [13573/13697] Built OAI.Combinatorics.Progressions.Linear.LowestWeightEarlyRankNormalizedPreparation (35s)
✔ [13574/13697] Built OAI.Combinatorics.Progressions.Estimates.ComparableScalarPhysicalFamilyPatch (79s)
✔ [13575/13697] Built OAI.Combinatorics.Progressions.Estimates.AllocatedCandidateStageDataConstruction (195s)
✔ [13576/13697] Built OAI.Combinatorics.Progressions.Dynamics.PreparedFiniteScheduleUniformLocalResourceBudgetWithCutoff (37s)
✔ [13577/13697] Built OAI.Combinatorics.Progressions.Estimates.LowestWeightSourceReadyPreparation (61s)
✔ [13578/13697] Built OAI.Combinatorics.Progressions.Dynamics.AllocatedProductivePathPullback (38s)
✔ [13579/13697] Built OAI.Combinatorics.Progressions.Sampling.AllocatedProductiveRelativeScore (40s)
✔ [13580/13697] Built OAI.Combinatorics.Progressions.Estimates.UnconditionedArbitraryNormalizedBase (33s)
✔ [13581/13697] Built OAI.Combinatorics.Progressions.Sampling.AllocatedZeroLayerPhysicalPatchScore (29s)
✔ [13582/13697] Built OAI.Combinatorics.Progressions.Nilpotent.UnconditionedScalarScaleNiltestBase (77s)
✔ [13583/13697] Built OAI.Combinatorics.Progressions.Estimates.UniformRelativePatchSource (47s)
✔ [13584/13697] Built OAI.Combinatorics.Progressions.Estimates.AllocatedZeroLayerCommonSideInitializationUniform (71s)
✔ [13585/13697] Built OAI.Combinatorics.Progressions.Polynomial.PreparedFiniteForwardDegreeModelAttachment (399s)
✔ [13586/13697] Built OAI.Combinatorics.Progressions.Dynamics.AllocatedCandidateBudgetedTreeTerminal (92s)
✔ [13587/13697] Built OAI.Combinatorics.Progressions.Estimates.AllocatedZeroLayerScalarPassage (65s)
✔ [13588/13697] Built OAI.Combinatorics.Progressions.Nilpotent.UnconditionedArbitraryNiltestBase (77s)
✔ [13589/13697] Built OAI.Combinatorics.Progressions.Sampling.PreparedProductiveGoodForecastSource (133s)
✔ [13590/13697] Built OAI.Combinatorics.Progressions.Estimates.AllocatedProductivePaddedRelativeInitialization (115s)
✔ [13591/13697] Built OAI.Combinatorics.Progressions.Estimates.PreparedReadyPaddedRelativeInitialization (43s)
✔ [13592/13697] Built OAI.Combinatorics.Progressions.Polynomial.AllocatedZeroLayerDegreeScalarConclusion (74s)
✔ [13593/13697] Built OAI.Combinatorics.Progressions.Estimates.AllocatedCandidateForwardControlledTerminal (79s)
✔ [13594/13697] Built OAI.Combinatorics.Progressions.Estimates.AllocatedFrozenPrefixStageData (84s)
✔ [13595/13697] Built OAI.Combinatorics.Progressions.Sampling.PreparedShortGoodForecastSource (70s)
✔ [13596/13697] Built OAI.Combinatorics.Progressions.Polynomial.PreparedFiniteForwardPrescribedDegreeModelAttachment (121s)
✔ [13597/13697] Built OAI.Combinatorics.Progressions.Dynamics.CanonicalZeroLayerBudgetedInitialization (40s)
✔ [13598/13697] Built OAI.Combinatorics.Progressions.Estimates.UnconditionedCommonSideScalarRatioBounds (14s)
✔ [13599/13697] Built OAI.Combinatorics.Progressions.Estimates.AllocatedExternalCandidateCoveredFamilySuccessor (62s)
✔ [13600/13697] Built OAI.Combinatorics.Progressions.Sampling.PreparedProductiveShortGoodForecastSource (53s)
✔ [13601/13697] Built OAI.Combinatorics.Progressions.Polynomial.CandidateNestedDegreeNetSchedule (14s)
✔ [13602/13697] Built OAI.Combinatorics.Progressions.Dynamics.PreparedNestedEndpointReturnBudget (12s)
✔ [13603/13697] Built OAI.Combinatorics.Progressions.Estimates.AllocatedExternalCandidateGeneratedFreezingSuccessor (32s)
✔ [13604/13697] Built OAI.Combinatorics.Progressions.Estimates.AllocatedCandidateGeneratedFastTerminal (102s)
✔ [13605/13697] Built OAI.Combinatorics.Progressions.Dynamics.AllocatedExternalCandidatePrimitivePhysicalBudget (18s)
✔ [13606/13697] Built OAI.Combinatorics.Progressions.Polynomial.AllocatedExternalCandidateGeneratedFreezingDegreeOne (24s)
✔ [13607/13697] Built OAI.Combinatorics.Progressions.Polynomial.AllocatedExternalCandidateGeneratedCoveredDegreeOne (25s)
✔ [13608/13697] Built OAI.Combinatorics.Progressions.Estimates.AllocatedExternalCandidateGeneratedCoveredFamilySuccessor (29s)
✔ [13609/13697] Built OAI.Combinatorics.Progressions.Estimates.AllocatedExternalCandidateThresholdSuccessor (22s)
✔ [13610/13697] Built OAI.Combinatorics.Progressions.Estimates.AllocatedExternalCandidateRoundedThresholdSuccessor (20s)
✔ [13611/13697] Built OAI.Combinatorics.Progressions.Polynomial.AllocatedExternalCandidateThresholdDegreeOne (21s)
✔ [13612/13697] Built OAI.Combinatorics.Progressions.Polynomial.AllocatedExternalCandidatePrimitiveDegreeOne (21s)
✔ [13613/13697] Built OAI.Combinatorics.Progressions.Estimates.AllocatedCandidateZeroRestrictedNativeCommonTerminal (74s)
✔ [13614/13697] Built OAI.Combinatorics.Progressions.Sampling.SharedWidthPreparedShortForecastSourceModelAttachment (398s)
✔ [13615/13697] Built OAI.Combinatorics.Progressions.Lattices.CertifiedAffineNormalizedBudget (28s)
✔ [13616/13697] Built OAI.Combinatorics.Progressions.Sampling.SharedWidthPreparedShortForecastProductiveModelAttachment (17s)
✔ [13617/13697] Built OAI.Combinatorics.Progressions.Polynomial.PreparedUniformDegreeProductiveSourceModel (68s)
✔ [13618/13697] Built OAI.Combinatorics.Progressions.Sampling.SharedWidthPreparedProductiveShortGoodForecastSource (74s)
✔ [13619/13697] Built OAI.Combinatorics.Progressions.Polynomial.PreparedUniformDegreeProductiveSource (24s)
✔ [13620/13697] Built OAI.Combinatorics.Progressions.Estimates.PreparedFiniteScheduleModelAttachment (45s)
✔ [13621/13697] Built OAI.Combinatorics.Progressions.Sampling.SharedWidthPreparedFiniteSlicedForecastModelFromPrepared (114s)
✔ [13622/13697] Built OAI.Combinatorics.Progressions.Estimates.PreparedFiniteScheduleLocalProductiveSource (17s)
✔ [13623/13697] Built OAI.Combinatorics.Progressions.Estimates.PreparedFiniteForwardProductiveSource (17s)
✔ [13624/13697] Built OAI.Combinatorics.Progressions.Polynomial.PreparedFiniteForwardPrescribedDegreeProductiveSource (21s)
✔ [13625/13697] Built OAI.Combinatorics.Progressions.Sampling.AllocatedExternalCandidateActualShearForecastScore (56s)
✔ [13626/13697] Built OAI.Combinatorics.Progressions.Lattices.AllocatedAffinePhysicalTerminalReset (190s)
✔ [13627/13697] Built OAI.Combinatorics.Progressions.Estimates.PreparedFiniteForwardLocalProductiveSource (47s)
✔ [13628/13697] Built OAI.Combinatorics.Progressions.Estimates.PreparedFiniteForwardSeededIndexedProductiveSource (47s)
✔ [13629/13697] Built OAI.Combinatorics.Progressions.Estimates.PreparedFiniteForwardIndexedAnchoredProductiveSource (47s)
✔ [13630/13697] Built OAI.Combinatorics.Progressions.Estimates.PreparedFiniteForwardPaddedProductiveSource (47s)
✔ [13631/13697] Built OAI.Combinatorics.Progressions.Estimates.PreparedFiniteForwardPairedLocalProductiveSource (47s)
✔ [13632/13697] Built OAI.Combinatorics.Progressions.Estimates.PreparedFiniteForwardDescendingAnchoredPaddedSource (48s)
✔ [13633/13697] Built OAI.Combinatorics.Progressions.Estimates.PreparedFiniteForwardDescendingPaddedSource (48s)
✔ [13634/13697] Built OAI.Combinatorics.Progressions.Estimates.PreparedFiniteScheduleActualModelFamily (48s)
✔ [13635/13697] Built OAI.Combinatorics.Progressions.Polynomial.PreparedFiniteForwardAllDegreePaddedSource (48s)
✔ [13636/13697] Built OAI.Combinatorics.Progressions.Lattices.AllocatedAffineCanonicalBackendBudget (49s)
✔ [13637/13697] Built OAI.Combinatorics.Progressions.Sampling.PreparedRelativeEndpointForecastBudget (61s)
✔ [13638/13697] Built OAI.Combinatorics.Progressions.Lattices.AllocatedCandidateEarlyAffinePhysicalTerminal (62s)
✔ [13639/13697] Built OAI.Combinatorics.Progressions.Polynomial.PreparedFiniteScheduleUniversalDegreeModel (73s)
✔ [13640/13697] Built OAI.Combinatorics.Progressions.Sampling.PreparedConcreteSlicedForecastModelPacket (79s)
✔ [13641/13697] Built OAI.Combinatorics.Progressions.Dynamics.PreparedFiniteForwardActualPrimitivePacketBudget (31s)
✔ [13642/13697] Built OAI.Combinatorics.Progressions.Dynamics.CandidatePhysicalOrdinaryBudget (45s)
✔ [13643/13697] Built OAI.Combinatorics.Progressions.Polynomial.PreparedFiniteNestedForwardAllDegreePaddedSource (46s)
✔ [13644/13697] Built OAI.Combinatorics.Progressions.Estimates.PreparedRelativeEndpointNumericalBounds (36s)
✔ [13645/13697] Built OAI.Combinatorics.Progressions.Dynamics.PreparedFiniteForwardActualPacketBudget (41s)
✔ [13646/13697] Built OAI.Combinatorics.Progressions.Nilpotent.PreparedFiniteScheduleAllNilmanifoldModel (37s)
✔ [13647/13697] Built OAI.Combinatorics.Progressions.Estimates.AllocatedCandidateTerminalNextWork (27s)
✔ [13648/13697] Built OAI.Combinatorics.Progressions.Estimates.AllocatedCandidateZeroRestrictedNativeCommonPhysicalTerminal (48s)
✔ [13649/13697] Built OAI.Combinatorics.Progressions.Dynamics.PreparedFiniteNestedSourceLatePowerBudget (52s)
✔ [13650/13697] Built OAI.Combinatorics.Progressions.Dynamics.AllocatedCandidateNestedTerminalBudget (30s)
✔ [13651/13697] Built OAI.Combinatorics.Progressions.Dynamics.AllocatedCandidateNestedTerminalUniformLayersBudget (31s)
✔ [13652/13697] Built OAI.Combinatorics.Progressions.Estimates.PreparedSourceGeometryNormalizedPatchConclusion (181s)
✔ [13653/13697] Built OAI.Combinatorics.Progressions.Estimates.PreparedFiniteScheduleUniversalMaskProductiveGood (63s)
✔ [13654/13697] Built OAI.Combinatorics.Progressions.Nilpotent.PreparedFiniteScheduleAllNilmanifoldMaskProductiveGood (19s)
✔ [13655/13697] Built OAI.Combinatorics.Progressions.Estimates.AllocatedExternalCandidateLocalFixedCenterFront (34s)
✔ [13656/13697] Built OAI.Combinatorics.Progressions.Lattices.AllocatedAffinePhysicalBoundsSuccessor (141s)
✔ [13657/13697] Built OAI.Combinatorics.Progressions.Polynomial.AllocatedNestedDegreeInduction (26s)
✔ [13658/13697] Built OAI.Combinatorics.Progressions.Probability.CandidateDetectionMassBudget (14s)
✔ [13659/13697] Built OAI.Combinatorics.Progressions.Dynamics.ScalarBaseAllowancePowerBudget (14s)
✔ [13660/13697] Built OAI.Combinatorics.Progressions.Estimates.AllocatedCandidateInnerSourceGain (16s)
✔ [13661/13697] Built OAI.Combinatorics.Progressions.Lattices.ScalarEndpointLatePrimeCommonSide (12s)
✔ [13662/13697] Built OAI.Combinatorics.Progressions.Estimates.AllocatedZeroLayerForwardFrontSourceProfile (50s)
✔ [13663/13697] Built OAI.Combinatorics.Progressions.Estimates.AllocatedOrdinaryLongPhysicalTerminalConclusion (85s)
✔ [13664/13697] Built OAI.Combinatorics.Progressions.Estimates.PreparedFiniteNestedSourceArrays (17s)
✔ [13665/13697] Built OAI.Combinatorics.Progressions.Dynamics.AllocatedExternalCandidateSourcePhysicalBudgetBounds (25s)
✔ [13666/13697] Built OAI.Combinatorics.Progressions.Dynamics.PreparedFiniteNestedCanonicalEarlyPrimitiveBudget (17s)
✔ [13667/13697] Built OAI.Combinatorics.Progressions.Linear.PreparedFiniteNestedSourceProjectionBudget (15s)
✔ [13668/13697] Built OAI.Combinatorics.Progressions.Geometry.AllocatedExternalCandidateSpatialNativeAdaptedTerminal (41s)
✔ [13669/13697] Built OAI.Combinatorics.Progressions.Geometry.AllocatedExternalCandidateSpatialNativeAdaptedPhysicalTerminal (42s)
✔ [13670/13697] Built OAI.Combinatorics.Progressions.Dynamics.PreparedFiniteNestedFrontNativeBudget (35s)
✔ [13671/13697] Built OAI.Combinatorics.Progressions.Estimates.PreparedFiniteNestedEndpointRequirement (20s)
✔ [13672/13697] Built OAI.Combinatorics.Progressions.Estimates.PreparedFiniteNestedAnchorRequiredPower (21s)
✔ [13673/13697] Built OAI.Combinatorics.Progressions.Estimates.LowestWeightScheduledSourcePreparation (29s)
✔ [13674/13697] Built OAI.Combinatorics.Progressions.Estimates.PreparedScalarFiniteScheduleCandidateDetection (37s)
✔ [13675/13697] Built OAI.Combinatorics.Progressions.Dynamics.PreparedFiniteNestedSourcePowerBudget (16s)
✔ [13676/13697] Built OAI.Combinatorics.Progressions.Estimates.PreparedCanonicalRelativeEndpointBounds (17s)
✔ [13677/13697] Built OAI.Combinatorics.Progressions.Sampling.PreparedCanonicalPaddedSamplerData (27s)
✔ [13678/13697] Built OAI.Combinatorics.Progressions.Estimates.PreparedFiniteNestedForwardCanonicalFixedCenterSource (60s)
✔ [13679/13697] Built OAI.Combinatorics.Progressions.Polynomial.PreparedFiniteNestedDegreeSourceProfileScalars (99s)
✔ [13680/13697] Built OAI.Combinatorics.Progressions.Estimates.PreparedScalarNestedPowerDetection (14s)
✔ [13681/13697] Built OAI.Combinatorics.Progressions.Sampling.PreparedRelativePositiveForecastSource (16s)
✔ [13682/13697] Built OAI.Combinatorics.Progressions.Estimates.PreparedFiniteNestedInitializedRelativeSource (43s)
✔ [13683/13697] Built OAI.Combinatorics.Progressions.Estimates.PreparedCanonicalInitializedRelativeSourceConclusion (45s)
✔ [13684/13697] Built OAI.Combinatorics.Progressions.Estimates.PreparedCanonicalInitializedRelativeSource (23s)
✔ [13685/13697] Built OAI.Combinatorics.Progressions.Estimates.AllocatedExternalCandidatePrimitiveFrontDescentData (167s)
✔ [13686/13697] Built OAI.Combinatorics.Progressions.Estimates.AllocatedPrimitiveFrontInitialLong (10s)
✔ [13687/13697] Built OAI.Combinatorics.Progressions.Geometry.AllocatedExternalCandidateSpatialNativeOrdinaryTerminal (33s)
✔ [13688/13697] Built OAI.Combinatorics.Progressions.Geometry.AllocatedExternalCandidateSpatialNativePhysicalConclusion (22s)
✔ [13689/13697] Built OAI.Combinatorics.Progressions.Estimates.AllocatedExternalCandidatePreparedPhysicalConclusion (24s)
✔ [13690/13697] Built OAI.Combinatorics.Progressions.Polynomial.AllocatedNestedSourceDegreeGlobalization (7.5s)
✔ [13691/13697] Built OAI.Combinatorics.Progressions.Estimates.PreparedRelativePositiveNativeRuleCanonical (13s)
✔ [13692/13697] Built OAI.Combinatorics.Progressions.Estimates.PreparedRelativePositivePassage (21s)
✔ [13693/13697] Built OAI.Combinatorics.Progressions.Polynomial.ScalarNestedSourceDegreeGlobalization (41s)
✔ [13694/13697] Built OAI.Combinatorics.Progressions.Estimates.RelativePatchScalarBaseFin (12s)
✔ [13695/13697] Built OAI.Combinatorics.Progressions.Results.Conclusions (5.6s)
✔ [13696/13697] Built OAI.Combinatorics.Progressions.Results.FullLibrary (6.0s)
✔ [13697/13697] Built OAI.Combinatorics.Progressions.Main (5.3s)
Build completed successfully (13697 jobs).
== build rc=0 seconds=24094
{"theorems": ["OAI.Erdos3.manuscriptReciprocalProgressionTheorem"], "defs": ["OAI.Erdos3.HasAP", "OAI.Erdos3.reciprocalTerm", "OAI.Erdos3.ReciprocalProgressionTheorem"], "json_theorems": ["OAI.Erdos3.manuscriptReciprocalProgressionTheorem"], "missing_from_parse": []}
TYPES/DEFS DIFFER ErdosReciprocal
1,5d0
< /Users/shannon/cc/math/math/lean/Scratch/Challenge_ErdosReciprocal.lean:31:8:
< warning:
< declaration
< uses
< `sorry`
AXIOMS: 'OAI.Erdos3.manuscriptReciprocalProgressionTheorem' depends on axioms: [propext, Classical.choice, Quot.sound] 
== end=2026-10-07T14:12:04Z
