== MUBSix  module=OAI.Analysis.MutuallyUnbiased.Main  start=2026-10-09T17:25:11Z
warning: PrimeNumberTheoremAnd: repository '/Users/shannon/cc/math/math/lean/.lake/packages/PrimeNumberTheoremAnd' has local changes
warning: belyi: repository '/Users/shannon/cc/math/math/lean/.lake/packages/belyi' has local changes
warning: formal-schemes: repository '/Users/shannon/cc/math/math/lean/.lake/packages/formal-schemes' has local changes
warning: elliptic-curves: repository '/Users/shannon/cc/math/math/lean/.lake/packages/elliptic-curves' has local changes
warning: tempered-fundamental-groups: repository '/Users/shannon/cc/math/math/lean/.lake/packages/tempered-fundamental-groups' has local changes
warning: oka: repository '/Users/shannon/cc/math/math/lean/.lake/packages/oka' has local changes
warning: orbicurve-cores: repository '/Users/shannon/cc/math/math/lean/.lake/packages/orbicurve-cores' has local changes
warning: pi1: repository '/Users/shannon/cc/math/math/lean/.lake/packages/pi1' has local changes
warning: heights: repository '/Users/shannon/cc/math/math/lean/.lake/packages/heights' has local changes
warning: genl: repository '/Users/shannon/cc/math/math/lean/.lake/packages/genl' has local changes
warning: tate-curves-theta: repository '/Users/shannon/cc/math/math/lean/.lake/packages/tate-curves-theta' has local changes
warning: iut: repository '/Users/shannon/cc/math/math/lean/.lake/packages/iut' has local changes
warning: gromov: repository '/Users/shannon/cc/math/math/lean/.lake/packages/gromov' has local changes
warning: SphereEversion: repository '/Users/shannon/cc/math/math/lean/.lake/packages/SphereEversion' has local changes
warning: schoenflies-lean: repository '/Users/shannon/cc/math/math/lean/.lake/packages/schoenflies-lean' has local changes
warning: ClassFieldTheory: repository '/Users/shannon/cc/math/math/lean/.lake/packages/ClassFieldTheory' has local changes
warning: AINTLIB: repository '/Users/shannon/cc/math/math/lean/.lake/packages/AINTLIB' has local changes
warning: AbsorptionCutoff: repository '/Users/shannon/cc/math/math/lean/.lake/packages/AbsorptionCutoff' has local changes
warning: StrongPNT: repository '/Users/shannon/cc/math/math/lean/.lake/packages/StrongPNT' has local changes
warning: carleson: repository '/Users/shannon/cc/math/math/lean/.lake/packages/carleson' has local changes
warning: rellich-kondrachov: repository '/Users/shannon/cc/math/math/lean/.lake/packages/rellich-kondrachov' has local changes
warning: Zeta3Irrational: repository '/Users/shannon/cc/math/math/lean/.lake/packages/Zeta3Irrational' has local changes
warning: fixed-point-theorems: repository '/Users/shannon/cc/math/math/lean/.lake/packages/fixed-point-theorems' has local changes
✔ [5800/6319] Built OAI.Analysis.MutuallyUnbiased.Certificate.Algebra (2.6s)
✔ [8924/9154] Built OAI.Analysis.MutuallyUnbiased.Certificate.Comparison (3.6s)
✔ [8925/9442] Built OAI.Analysis.MutuallyUnbiased.Certificate.Integer (4.1s)
✔ [8926/9442] Built OAI.Analysis.MutuallyUnbiased.Moments.EqualityPatterns (5.9s)
✔ [8927/9442] Built OAI.Analysis.MutuallyUnbiased.Completion.ComplementAlgebra (6.2s)
✔ [8928/9442] Built OAI.Analysis.MutuallyUnbiased.Moments.Averages (6.3s)
✔ [8929/9442] Built OAI.Analysis.MutuallyUnbiased.Moments.Sampling (6.5s)
✔ [8930/9442] Built OAI.Analysis.MutuallyUnbiased.Completion.Kraus (8.3s)
✔ [8931/9442] Built OAI.Analysis.MutuallyUnbiased.Model (19s)
✔ [8932/9442] Built OAI.Analysis.MutuallyUnbiased.MixedData.Source17 (15s)
✔ [8933/9442] Built OAI.Analysis.MutuallyUnbiased.MixedData.Source16 (17s)
✔ [8934/9442] Built OAI.Analysis.MutuallyUnbiased.MixedData.Targets (23s)
✔ [8935/9442] Built OAI.Analysis.MutuallyUnbiased.MixedData.Source14 (19s)
✔ [8936/9442] Built OAI.Analysis.MutuallyUnbiased.MixedData.Source18 (25s)
✔ [8937/9442] Built OAI.Analysis.MutuallyUnbiased.MixedData.Source12 (10s)
✔ [8938/9443] Built OAI.Analysis.MutuallyUnbiased.MixedData.Source15 (25s)
✔ [8939/9443] Built OAI.Analysis.MutuallyUnbiased.PairData.Data (31s)
✔ [8940/9443] Built OAI.Analysis.MutuallyUnbiased.MixedData.Source10 (9.6s)
✔ [8941/9443] Built OAI.Analysis.MutuallyUnbiased.MixedData.Source13 (16s)
✔ [8942/9443] Built OAI.Analysis.MutuallyUnbiased.MixedData.Source9 (10s)
✔ [8943/9443] Built OAI.Analysis.MutuallyUnbiased.MixedData.Source11 (15s)
✔ [8944/9443] Built OAI.Analysis.MutuallyUnbiased.MixedData.Source8 (9.0s)
✔ [8945/9443] Built OAI.Analysis.MutuallyUnbiased.Certificate.IntegerMerge (7.5s)
✔ [8946/9444] Built OAI.Analysis.MutuallyUnbiased.MixedData.Source5 (16s)
✔ [8947/9444] Built OAI.Analysis.MutuallyUnbiased.MixedData.Source6 (17s)
✔ [8948/9444] Built OAI.Analysis.MutuallyUnbiased.MixedData.Source2 (12s)
✔ [8949/9444] Built OAI.Analysis.MutuallyUnbiased.MixedData.Source1 (11s)
✔ [8950/9444] Built OAI.Analysis.MutuallyUnbiased.MixedData.Source4 (15s)
✔ [8951/9444] Built OAI.Analysis.MutuallyUnbiased.MixedData.Source3 (13s)
✔ [8952/9488] Built OAI.Analysis.MutuallyUnbiased.MixedData.Source0 (10s)
✔ [8953/9673] Built OAI.Analysis.MutuallyUnbiased.MixedData.Source7 (22s)
✔ [8954/9673] Built OAI.Analysis.MutuallyUnbiased.Moments.AverageAlgebra (6.9s)
✔ [8955/9740] Built OAI.Analysis.MutuallyUnbiased.Moments.SamplingAverage (8.0s)
✔ [8956/9762] Built OAI.Analysis.MutuallyUnbiased.MixedSemantics.FiniteSums (8.3s)
✔ [8957/9768] Built OAI.Analysis.MutuallyUnbiased.PairTargets.IntegerTerms (9.9s)
✔ [8958/9772] Built OAI.Analysis.MutuallyUnbiased.PairMerge.Block0 (12s)
✔ [8959/9772] Built OAI.Analysis.MutuallyUnbiased.Completion.Superoperator (13s)
✔ [8960/9772] Built OAI.Analysis.MutuallyUnbiased.MixedData.Sources (9.3s)
✔ [8961/9772] Built OAI.Analysis.MutuallyUnbiased.Certificate.Interpretation (10s)
✔ [8962/9772] Built OAI.Analysis.MutuallyUnbiased.Cubic.CubicSupport (11s)
✔ [8963/9777] Built OAI.Analysis.MutuallyUnbiased.Cubic.CubicBlock (11s)
✔ [8964/9782] Built OAI.Analysis.MutuallyUnbiased.Completion.Complement (13s)
✔ [8965/9782] Built OAI.Analysis.MutuallyUnbiased.Matrix.Definitions (29s)
✔ [8966/9782] Built OAI.Analysis.MutuallyUnbiased.Moments.SmallPartitions (31s)
✔ [8967/9782] Built OAI.Analysis.MutuallyUnbiased.Cubic.CubicPattern (9.3s)
✔ [8968/9782] Built OAI.Analysis.MutuallyUnbiased.PairMerge.Block1 (18s)
✔ [8969/9782] Built OAI.Analysis.MutuallyUnbiased.Cubic.CubicSymmetric (20s)
✔ [8970/9783] Built OAI.Analysis.MutuallyUnbiased.MixedData.Expression (17s)
✔ [8971/9783] Built OAI.Analysis.MutuallyUnbiased.Completion.OrthogonalPinching (9.3s)
✔ [8972/9783] Built OAI.Analysis.MutuallyUnbiased.Completion.Frame (9.5s)
✔ [8973/9783] Built OAI.Analysis.MutuallyUnbiased.Cubic.CubicMultiplicityCore (7.2s)
✔ [8974/9787] Built OAI.Analysis.MutuallyUnbiased.Cubic.CubicPrelim (7.9s)
✔ [8975/9787] Built OAI.Analysis.MutuallyUnbiased.Cubic.FiveCycle (21s)
✔ [8976/9787] Built OAI.Analysis.MutuallyUnbiased.MixedSemantics.Code (19s)
✔ [8977/9787] Built OAI.Analysis.MutuallyUnbiased.Fourier.Characters (19s)
✔ [8978/9787] Built OAI.Analysis.MutuallyUnbiased.PairMerge.Block2 (15s)
✔ [8979/9787] Built OAI.Analysis.MutuallyUnbiased.Bases.Basic (18s)
✔ [8980/9787] Built OAI.Analysis.MutuallyUnbiased.Cubic.CubicMultiplicity (6.9s)
✔ [8981/9787] Built OAI.Analysis.MutuallyUnbiased.Tao.Tao (30s)
✔ [8982/9787] Built OAI.Analysis.MutuallyUnbiased.MixedMerge.Block0 (10s)
✔ [8983/9787] Built OAI.Analysis.MutuallyUnbiased.MixedSemantics.Nodes63 (22s)
✔ [8984/9787] Built OAI.Analysis.MutuallyUnbiased.MixedSemantics.Nodes61 (23s)
✔ [8985/9787] Built OAI.Analysis.MutuallyUnbiased.MixedSemantics.Nodes60 (22s)
✔ [8986/9787] Built OAI.Analysis.MutuallyUnbiased.MixedSemantics.Nodes59 (23s)
✔ [8987/9787] Built OAI.Analysis.MutuallyUnbiased.MixedSemantics.Nodes58 (24s)
✔ [8988/9787] Built OAI.Analysis.MutuallyUnbiased.MixedSemantics.Nodes48 (21s)
✔ [8989/9787] Built OAI.Analysis.MutuallyUnbiased.MixedSemantics.Nodes57 (23s)
✔ [8990/9787] Built OAI.Analysis.MutuallyUnbiased.MixedSemantics.Nodes55 (20s)
✔ [8991/9787] Built OAI.Analysis.MutuallyUnbiased.MixedSemantics.Nodes46 (21s)
✔ [8992/9787] Built OAI.Analysis.MutuallyUnbiased.MixedSemantics.Nodes47 (21s)
✔ [8993/9787] Built OAI.Analysis.MutuallyUnbiased.MixedSemantics.Nodes45 (22s)
✔ [8994/9787] Built OAI.Analysis.MutuallyUnbiased.MixedSemantics.Nodes40 (21s)
✔ [8995/9787] Built OAI.Analysis.MutuallyUnbiased.MixedSemantics.Nodes41 (22s)
✔ [8996/9787] Built OAI.Analysis.MutuallyUnbiased.MixedSemantics.Nodes42 (22s)
✔ [8997/9787] Built OAI.Analysis.MutuallyUnbiased.Cubic.NormalizedCodes (63s)
✔ [8998/9787] Built OAI.Analysis.MutuallyUnbiased.MixedSemantics.Nodes56 (21s)
✔ [8999/9787] Built OAI.Analysis.MutuallyUnbiased.MixedSemantics.Nodes54 (21s)
✔ [9000/9787] Built OAI.Analysis.MutuallyUnbiased.MixedSemantics.Nodes39 (21s)
✔ [9001/9787] Built OAI.Analysis.MutuallyUnbiased.MixedSemantics.Nodes53 (21s)
✔ [9002/9787] Built OAI.Analysis.MutuallyUnbiased.MixedSemantics.Nodes43 (22s)
✔ [9003/9787] Built OAI.Analysis.MutuallyUnbiased.MixedSemantics.Nodes44 (22s)
✔ [9004/9787] Built OAI.Analysis.MutuallyUnbiased.MixedSemantics.Nodes52 (22s)
✔ [9005/9787] Built OAI.Analysis.MutuallyUnbiased.MixedSemantics.Nodes38 (20s)
✔ [9006/9787] Built OAI.Analysis.MutuallyUnbiased.MixedSemantics.Nodes35 (21s)
✔ [9007/9787] Built OAI.Analysis.MutuallyUnbiased.MixedSemantics.Nodes36 (21s)
✔ [9008/9787] Built OAI.Analysis.MutuallyUnbiased.MixedSemantics.Nodes37 (22s)
✔ [9009/9787] Built OAI.Analysis.MutuallyUnbiased.MixedSemantics.Nodes32 (22s)
✔ [9010/9787] Built OAI.Analysis.MutuallyUnbiased.MixedSemantics.Nodes19 (21s)
✔ [9011/9787] Built OAI.Analysis.MutuallyUnbiased.MixedSemantics.Nodes20 (21s)
✔ [9012/9787] Built OAI.Analysis.MutuallyUnbiased.MixedSemantics.Nodes31 (22s)
✔ [9013/9787] Built OAI.Analysis.MutuallyUnbiased.MixedSemantics.Nodes51 (19s)
✔ [9014/9787] Built OAI.Analysis.MutuallyUnbiased.MixedSemantics.Nodes33 (21s)
✔ [9015/9787] Built OAI.Analysis.MutuallyUnbiased.MixedSemantics.Nodes34 (21s)
✔ [9016/9787] Built OAI.Analysis.MutuallyUnbiased.MixedSemantics.Nodes50 (21s)
✔ [9017/9787] Built OAI.Analysis.MutuallyUnbiased.MixedSemantics.Nodes30 (21s)
✔ [9018/9787] Built OAI.Analysis.MutuallyUnbiased.MixedSemantics.Nodes27 (21s)
✔ [9019/9787] Built OAI.Analysis.MutuallyUnbiased.MixedSemantics.Nodes28 (21s)
✔ [9020/9787] Built OAI.Analysis.MutuallyUnbiased.MixedSemantics.Nodes29 (22s)
✔ [9021/9787] Built OAI.Analysis.MutuallyUnbiased.MixedSemantics.Nodes18 (19s)
✔ [9022/9787] Built OAI.Analysis.MutuallyUnbiased.MixedSemantics.Nodes16 (20s)
✔ [9023/9787] Built OAI.Analysis.MutuallyUnbiased.MixedSemantics.Nodes17 (20s)
✔ [9024/9787] Built OAI.Analysis.MutuallyUnbiased.MixedSemantics.Nodes26 (21s)
✔ [9025/9787] Built OAI.Analysis.MutuallyUnbiased.MixedSemantics.Nodes25 (21s)
✔ [9026/9787] Built OAI.Analysis.MutuallyUnbiased.MixedSemantics.Nodes24 (21s)
✔ [9027/9787] Built OAI.Analysis.MutuallyUnbiased.MixedSemantics.Nodes15 (22s)
✔ [9028/9787] Built OAI.Analysis.MutuallyUnbiased.MixedSemantics.Nodes14 (22s)
✔ [9029/9787] Built OAI.Analysis.MutuallyUnbiased.MixedSemantics.Nodes23 (19s)
✔ [9030/9787] Built OAI.Analysis.MutuallyUnbiased.MixedSemantics.Nodes11 (20s)
✔ [9031/9787] Built OAI.Analysis.MutuallyUnbiased.MixedSemantics.Nodes12 (20s)
✔ [9032/9787] Built OAI.Analysis.MutuallyUnbiased.MixedSemantics.Nodes13 (20s)
✔ [9033/9787] Built OAI.Analysis.MutuallyUnbiased.MixedSemantics.Nodes10 (20s)
✔ [9034/9787] Built OAI.Analysis.MutuallyUnbiased.MixedSemantics.Nodes9 (21s)
✔ [9035/9787] Built OAI.Analysis.MutuallyUnbiased.MixedSemantics.Nodes5 (21s)
✔ [9036/9787] Built OAI.Analysis.MutuallyUnbiased.MixedSemantics.Nodes6 (21s)
✔ [9037/9787] Built OAI.Analysis.MutuallyUnbiased.MixedSemantics.Nodes4 (20s)
✔ [9038/9787] Built OAI.Analysis.MutuallyUnbiased.MixedSemantics.Nodes1 (20s)
✔ [9039/9787] Built OAI.Analysis.MutuallyUnbiased.MixedSemantics.Nodes2 (20s)
✔ [9040/9787] Built OAI.Analysis.MutuallyUnbiased.MixedSemantics.Nodes3 (20s)
✔ [9041/9787] Built OAI.Analysis.MutuallyUnbiased.MixedSemantics.Nodes0 (20s)
✔ [9042/9787] Built OAI.Analysis.MutuallyUnbiased.Cubic.CubicSupportBridge (7.8s)
✔ [9043/9942] Built OAI.Analysis.MutuallyUnbiased.Matrix.Hadamard (19s)
✔ [9044/9942] Built OAI.Analysis.MutuallyUnbiased.Matrix.OffDiagonal (19s)
✔ [9045/9942] Built OAI.Analysis.MutuallyUnbiased.PairMerge.Block3 (20s)
✔ [9046/9942] Built OAI.Analysis.MutuallyUnbiased.Certificate.MixedResidual (7.4s)
✔ [9047/9942] Built OAI.Analysis.MutuallyUnbiased.MixedMerge.Block1 (15s)
✔ [9048/9945] Built OAI.Analysis.MutuallyUnbiased.Cubic.CubicRoots (19s)
✔ [9049/9945] Built OAI.Analysis.MutuallyUnbiased.Completion.BasisFrame (19s)
✔ [9050/9945] Built OAI.Analysis.MutuallyUnbiased.Matrix.Equivalence (18s)
✔ [9051/9945] Built OAI.Analysis.MutuallyUnbiased.Cubic.CubicHadamard (18s)
✔ [9052/9946] Built OAI.Analysis.MutuallyUnbiased.Moments.Moments (19s)
✔ [9053/9946] Built OAI.Analysis.MutuallyUnbiased.Moments.DifferentMatrices (19s)
✔ [9054/9946] Built OAI.Analysis.MutuallyUnbiased.Certificate.Gram (8.5s)
✔ [9055/9946] Built OAI.Analysis.MutuallyUnbiased.PairMerge.Block4 (18s)
✔ [9056/9946] Built OAI.Analysis.MutuallyUnbiased.Fourier.ChargeDecomposition (19s)
✔ [9057/9946] Built OAI.Analysis.MutuallyUnbiased.MixedMerge.Block2 (21s)
✔ [9058/9948] Built OAI.Analysis.MutuallyUnbiased.Tao.TaoArithmetic (18s)
✔ [9059/9948] Built OAI.Analysis.MutuallyUnbiased.MixedSemantics.Permutations (60s)
✔ [9060/9948] Built OAI.Analysis.MutuallyUnbiased.Bases.Transitions (17s)
✔ [9061/9948] Built OAI.Analysis.MutuallyUnbiased.Matrix.Square (18s)
✔ [9062/9948] Built OAI.Analysis.MutuallyUnbiased.Cubic.CubicMatching (17s)
✔ [9063/9948] Built OAI.Analysis.MutuallyUnbiased.Certificate.ExponentCode (17s)
✔ [9064/9949] Built OAI.Analysis.MutuallyUnbiased.Cubic.CubicExclusion (18s)
✔ [9065/9950] Built OAI.Analysis.MutuallyUnbiased.Moments.MomentSymmetry (18s)
✔ [9066/9950] Built OAI.Analysis.MutuallyUnbiased.GramData.Block0 (10s)
✔ [9067/9950] Built OAI.Analysis.MutuallyUnbiased.GramData.Block2 (16s)
✔ [9068/9950] Built OAI.Analysis.MutuallyUnbiased.Cubic.CubicPositivity (21s)
✔ [9069/9950] Built OAI.Analysis.MutuallyUnbiased.GramData.Block3Data (15s)
✔ [9070/9950] Built OAI.Analysis.MutuallyUnbiased.MixedMerge.Block3 (20s)
✔ [9071/9950] Built OAI.Analysis.MutuallyUnbiased.Tao.TaoSparse (22s)
✔ [9072/9950] Built OAI.Analysis.MutuallyUnbiased.PairMerge.Block5 (30s)
✔ [9073/9950] Built OAI.Analysis.MutuallyUnbiased.Bases.CompleteFamily (20s)
✔ [9074/9950] Built OAI.Analysis.MutuallyUnbiased.PairMoments.PairCharges (19s)
✔ [9075/9950] Built OAI.Analysis.MutuallyUnbiased.Cubic.CubicGraph (21s)
✔ [9076/9950] Built OAI.Analysis.MutuallyUnbiased.PairSemantics.Values51 (25s)
✔ [9077/9950] Built OAI.Analysis.MutuallyUnbiased.PairSemantics.Values52 (21s)
✔ [9078/9950] Built OAI.Analysis.MutuallyUnbiased.PairSemantics.Values54 (19s)
✔ [9079/9950] Built OAI.Analysis.MutuallyUnbiased.PairSemantics.Values46 (23s)
✔ [9080/9950] Built OAI.Analysis.MutuallyUnbiased.PairSemantics.Values53 (22s)
✔ [9081/9950] Built OAI.Analysis.MutuallyUnbiased.PairSemantics.Values45 (25s)
✔ [9082/9950] Built OAI.Analysis.MutuallyUnbiased.PairSemantics.Values50 (24s)
✔ [9083/9950] Built OAI.Analysis.MutuallyUnbiased.PairSemantics.Values39 (19s)
✔ [9084/9950] Built OAI.Analysis.MutuallyUnbiased.PairSemantics.Values49 (24s)
✔ [9085/9950] Built OAI.Analysis.MutuallyUnbiased.PairSemantics.Values32 (21s)
✔ [9086/9950] Built OAI.Analysis.MutuallyUnbiased.PairSemantics.Values48 (23s)
✔ [9087/9950] Built OAI.Analysis.MutuallyUnbiased.PairSemantics.Values34 (21s)
✔ [9088/9950] Built OAI.Analysis.MutuallyUnbiased.PairSemantics.Values31 (21s)
✔ [9089/9950] Built OAI.Analysis.MutuallyUnbiased.PairSemantics.Values30 (21s)
✔ [9090/9950] Built OAI.Analysis.MutuallyUnbiased.PairSemantics.Values47 (22s)
✔ [9091/9950] Built OAI.Analysis.MutuallyUnbiased.GramData.Block1 (90s)
✔ [9092/9950] Built OAI.Analysis.MutuallyUnbiased.PairSemantics.Values38 (20s)
✔ [9093/9950] Built OAI.Analysis.MutuallyUnbiased.PairSemantics.Values28 (20s)
✔ [9094/9950] Built OAI.Analysis.MutuallyUnbiased.PairSemantics.Values27 (20s)
✔ [9095/9950] Built OAI.Analysis.MutuallyUnbiased.PairSemantics.Values26 (20s)
✔ [9096/9950] Built OAI.Analysis.MutuallyUnbiased.PairSemantics.Values25 (20s)
✔ [9097/9950] Built OAI.Analysis.MutuallyUnbiased.PairSemantics.Values24 (20s)
✔ [9098/9950] Built OAI.Analysis.MutuallyUnbiased.PairSemantics.Values37 (20s)
✔ [9099/9950] Built OAI.Analysis.MutuallyUnbiased.PairSemantics.Values44 (21s)
✔ [9100/9950] Built OAI.Analysis.MutuallyUnbiased.PairSemantics.Values23 (20s)
✔ [9101/9950] Built OAI.Analysis.MutuallyUnbiased.PairSemantics.Values22 (21s)
✔ [9102/9950] Built OAI.Analysis.MutuallyUnbiased.PairSemantics.Values43 (19s)
✔ [9103/9950] Built OAI.Analysis.MutuallyUnbiased.PairSemantics.Values42 (19s)
✔ [9104/9950] Built OAI.Analysis.MutuallyUnbiased.PairSemantics.Values41 (20s)
✔ [9105/9950] Built OAI.Analysis.MutuallyUnbiased.PairSemantics.Values40 (19s)
✔ [9106/9950] Built OAI.Analysis.MutuallyUnbiased.PairSemantics.Values36 (19s)
✔ [9107/9950] Built OAI.Analysis.MutuallyUnbiased.PairSemantics.Values35 (19s)
✔ [9108/9950] Built OAI.Analysis.MutuallyUnbiased.PairSemantics.Values33 (20s)
✔ [9109/9950] Built OAI.Analysis.MutuallyUnbiased.PairSemantics.Values19 (18s)
✔ [9110/9950] Built OAI.Analysis.MutuallyUnbiased.PairSemantics.Values21 (20s)
✔ [9111/9950] Built OAI.Analysis.MutuallyUnbiased.PairSemantics.Values29 (21s)
✔ [9112/9950] Built OAI.Analysis.MutuallyUnbiased.PairSemantics.Values18 (19s)
✔ [9113/9950] Built OAI.Analysis.MutuallyUnbiased.PairSemantics.Values16 (18s)
✔ [9114/9950] Built OAI.Analysis.MutuallyUnbiased.PairSemantics.Values14 (18s)
✔ [9115/9950] Built OAI.Analysis.MutuallyUnbiased.PairSemantics.Values15 (18s)
✔ [9116/9950] Built OAI.Analysis.MutuallyUnbiased.PairSemantics.Values13 (18s)
✔ [9117/9950] Built OAI.Analysis.MutuallyUnbiased.PairSemantics.Values9 (17s)
✔ [9118/9950] Built OAI.Analysis.MutuallyUnbiased.PairSemantics.Values12 (19s)
✔ [9119/9950] Built OAI.Analysis.MutuallyUnbiased.PairSemantics.Values7 (17s)
✔ [9120/9950] Built OAI.Analysis.MutuallyUnbiased.PairSemantics.Values8 (19s)
✔ [9121/9950] Built OAI.Analysis.MutuallyUnbiased.PairSemantics.Values6 (18s)
✔ [9122/9950] Built OAI.Analysis.MutuallyUnbiased.PairSemantics.Values20 (18s)
✔ [9123/9950] Built OAI.Analysis.MutuallyUnbiased.PairSemantics.Values5 (19s)
✔ [9124/9950] Built OAI.Analysis.MutuallyUnbiased.PairSemantics.Values17 (18s)
✔ [9125/9950] Built OAI.Analysis.MutuallyUnbiased.PairSemantics.Values1 (17s)
✔ [9126/9950] Built OAI.Analysis.MutuallyUnbiased.PairSemantics.Values11 (19s)
✔ [9127/9950] Built OAI.Analysis.MutuallyUnbiased.PairSemantics.Values4 (19s)
✔ [9128/9950] Built OAI.Analysis.MutuallyUnbiased.PairSemantics.Values10 (19s)
✔ [9129/9950] Built OAI.Analysis.MutuallyUnbiased.PairSemantics.Values2 (18s)
✔ [9130/9950] Built OAI.Analysis.MutuallyUnbiased.PairSemantics.Values0 (17s)
✔ [9131/9950] Built OAI.Analysis.MutuallyUnbiased.PairSemantics.Values3 (18s)
✔ [9132/9950] Built OAI.Analysis.MutuallyUnbiased.PairSemantics.Coordinates14 (16s)
✔ [9133/9950] Built OAI.Analysis.MutuallyUnbiased.PairSemantics.Coordinates12 (19s)
✔ [9134/9950] Built OAI.Analysis.MutuallyUnbiased.PairSemantics.Coordinates13 (20s)
✔ [9135/9950] Built OAI.Analysis.MutuallyUnbiased.PairSemantics.Coordinates9 (20s)
✔ [9136/9950] Built OAI.Analysis.MutuallyUnbiased.PairSemantics.Coordinates10 (20s)
✔ [9137/9950] Built OAI.Analysis.MutuallyUnbiased.PairSemantics.Coordinates11 (20s)
✔ [9138/9951] Built OAI.Analysis.MutuallyUnbiased.PairSemantics.Coordinates7 (19s)
✔ [9139/9951] Built OAI.Analysis.MutuallyUnbiased.PairSemantics.Coordinates8 (20s)
✔ [9140/9951] Built OAI.Analysis.MutuallyUnbiased.PairSemantics.Coordinates6 (19s)
✔ [9141/9951] Built OAI.Analysis.MutuallyUnbiased.PairSemantics.Coordinates4 (18s)
✔ [9142/9951] Built OAI.Analysis.MutuallyUnbiased.PairSemantics.Coordinates5 (19s)
✔ [9143/9951] Built OAI.Analysis.MutuallyUnbiased.PairSemantics.Coordinates1 (19s)
✔ [9144/9951] Built OAI.Analysis.MutuallyUnbiased.PairSemantics.Coordinates3 (20s)
✔ [9145/9951] Built OAI.Analysis.MutuallyUnbiased.PairSemantics.Coordinates2 (20s)
✔ [9146/9951] Built OAI.Analysis.MutuallyUnbiased.Certificate.Canonical (17s)
✔ [9147/9951] Built OAI.Analysis.MutuallyUnbiased.Moments.MomentContraction (17s)
✔ [9148/9951] Built OAI.Analysis.MutuallyUnbiased.PairSemantics.Coordinates0 (19s)
✔ [9149/9951] Built OAI.Analysis.MutuallyUnbiased.GramData.Block3Check2 (14s)
✔ [9150/9951] Built OAI.Analysis.MutuallyUnbiased.Moments.PartitionExpansion (19s)
✔ [9151/9951] Built OAI.Analysis.MutuallyUnbiased.GramData.Block3Check0 (14s)
✔ [9152/9951] Built OAI.Analysis.MutuallyUnbiased.GramData.Block3Check1 (15s)
✔ [9153/9951] Built OAI.Analysis.MutuallyUnbiased.TaoCertificate.Rows58 (31s)
✔ [9154/9951] Built OAI.Analysis.MutuallyUnbiased.TaoCertificate.Rows59 (32s)
✔ [9155/9951] Built OAI.Analysis.MutuallyUnbiased.TaoCertificate.Rows57 (32s)
✔ [9156/9951] Built OAI.Analysis.MutuallyUnbiased.MixedMerge.Block4 (38s)
✔ [9157/9951] Built OAI.Analysis.MutuallyUnbiased.TaoCertificate.Rows56 (32s)
✔ [9158/9951] Built OAI.Analysis.MutuallyUnbiased.TaoCertificate.Rows55 (32s)
✔ [9159/9951] Built OAI.Analysis.MutuallyUnbiased.TaoCertificate.Rows54 (32s)
✔ [9160/9951] Built OAI.Analysis.MutuallyUnbiased.TaoCertificate.Rows53 (32s)
✔ [9161/9951] Built OAI.Analysis.MutuallyUnbiased.TaoCertificate.Rows51 (33s)
✔ [9162/9951] Built OAI.Analysis.MutuallyUnbiased.TaoCertificate.Rows52 (33s)
✔ [9163/9951] Built OAI.Analysis.MutuallyUnbiased.TaoCertificate.Rows50 (32s)
✔ [9164/9951] Built OAI.Analysis.MutuallyUnbiased.TaoCertificate.Rows49 (32s)
✔ [9165/9951] Built OAI.Analysis.MutuallyUnbiased.TaoCertificate.Rows48 (32s)
✔ [9166/9951] Built OAI.Analysis.MutuallyUnbiased.TaoCertificate.Rows45 (32s)
✔ [9167/9951] Built OAI.Analysis.MutuallyUnbiased.TaoCertificate.Rows46 (32s)
✔ [9168/9951] Built OAI.Analysis.MutuallyUnbiased.TaoCertificate.Rows47 (33s)
✔ [9169/9951] Built OAI.Analysis.MutuallyUnbiased.TaoCertificate.Rows42 (34s)
✔ [9170/9951] Built OAI.Analysis.MutuallyUnbiased.TaoCertificate.Rows43 (34s)
✔ [9171/9951] Built OAI.Analysis.MutuallyUnbiased.TaoCertificate.Rows44 (34s)
✔ [9172/9951] Built OAI.Analysis.MutuallyUnbiased.TaoCertificate.Rows41 (32s)
✔ [9173/9951] Built OAI.Analysis.MutuallyUnbiased.TaoCertificate.Rows40 (32s)
✔ [9174/9951] Built OAI.Analysis.MutuallyUnbiased.TaoCertificate.Rows37 (32s)
✔ [9175/9951] Built OAI.Analysis.MutuallyUnbiased.TaoCertificate.Rows38 (32s)
✔ [9176/9951] Built OAI.Analysis.MutuallyUnbiased.TaoCertificate.Rows39 (32s)
✔ [9177/9951] Built OAI.Analysis.MutuallyUnbiased.TaoCertificate.Rows33 (36s)
✔ [9178/9951] Built OAI.Analysis.MutuallyUnbiased.TaoCertificate.Rows34 (36s)
✔ [9179/9951] Built OAI.Analysis.MutuallyUnbiased.TaoCertificate.Rows35 (36s)
✔ [9180/9951] Built OAI.Analysis.MutuallyUnbiased.TaoCertificate.Rows36 (36s)
✔ [9181/9951] Built OAI.Analysis.MutuallyUnbiased.TaoCertificate.Rows32 (34s)
✔ [9182/9951] Built OAI.Analysis.MutuallyUnbiased.TaoCertificate.Rows29 (33s)
✔ [9183/9951] Built OAI.Analysis.MutuallyUnbiased.TaoCertificate.Rows31 (34s)
✔ [9184/9951] Built OAI.Analysis.MutuallyUnbiased.TaoCertificate.Rows30 (34s)
✔ [9185/9951] Built OAI.Analysis.MutuallyUnbiased.TaoCertificate.Rows24 (38s)
✔ [9186/9951] Built OAI.Analysis.MutuallyUnbiased.TaoCertificate.Rows25 (38s)
✔ [9187/9951] Built OAI.Analysis.MutuallyUnbiased.TaoCertificate.Rows26 (38s)
✔ [9188/9951] Built OAI.Analysis.MutuallyUnbiased.TaoCertificate.Rows27 (38s)
✔ [9189/9951] Built OAI.Analysis.MutuallyUnbiased.TaoCertificate.Rows28 (38s)
✔ [9190/9951] Built OAI.Analysis.MutuallyUnbiased.TaoCertificate.Rows21 (33s)
✔ [9191/9951] Built OAI.Analysis.MutuallyUnbiased.TaoCertificate.Rows22 (34s)
✔ [9192/9951] Built OAI.Analysis.MutuallyUnbiased.TaoCertificate.Rows23 (34s)
✔ [9193/9951] Built OAI.Analysis.MutuallyUnbiased.TaoCertificate.Rows13 (40s)
✔ [9194/9951] Built OAI.Analysis.MutuallyUnbiased.TaoCertificate.Rows14 (40s)
✔ [9195/9951] Built OAI.Analysis.MutuallyUnbiased.TaoCertificate.Rows17 (43s)
✔ [9196/9951] Built OAI.Analysis.MutuallyUnbiased.TaoCertificate.Rows18 (43s)
✔ [9197/9951] Built OAI.Analysis.MutuallyUnbiased.TaoCertificate.Rows19 (43s)
✔ [9198/9951] Built OAI.Analysis.MutuallyUnbiased.TaoCertificate.Rows20 (43s)
✔ [9199/9951] Built OAI.Analysis.MutuallyUnbiased.TaoCertificate.Rows15 (41s)
✔ [9200/9951] Built OAI.Analysis.MutuallyUnbiased.TaoCertificate.Rows16 (43s)
✔ [9201/9951] Built OAI.Analysis.MutuallyUnbiased.TaoCertificate.Rows7 (42s)
✔ [9202/9951] Built OAI.Analysis.MutuallyUnbiased.TaoCertificate.Rows5 (42s)
✔ [9203/9951] Built OAI.Analysis.MutuallyUnbiased.TaoCertificate.Rows6 (42s)
✔ [9204/9951] Built OAI.Analysis.MutuallyUnbiased.TaoCertificate.Rows9 (43s)
✔ [9205/9951] Built OAI.Analysis.MutuallyUnbiased.TaoCertificate.Rows10 (43s)
✔ [9206/9951] Built OAI.Analysis.MutuallyUnbiased.TaoCertificate.Rows11 (43s)
✔ [9207/9951] Built OAI.Analysis.MutuallyUnbiased.TaoCertificate.Rows12 (43s)
✔ [9208/9951] Built OAI.Analysis.MutuallyUnbiased.TaoCertificate.Rows8 (43s)
✔ [9209/9951] Built OAI.Analysis.MutuallyUnbiased.Tao.TaoTarget (22s)
✔ [9210/9952] Built OAI.Analysis.MutuallyUnbiased.PairMoments.PairPermutations (25s)
✔ [9211/9952] Built OAI.Analysis.MutuallyUnbiased.PairMerge.Block6 (30s)
✔ [9212/9952] Built OAI.Analysis.MutuallyUnbiased.TaoCertificate.Rows4 (34s)
✔ [9213/9952] Built OAI.Analysis.MutuallyUnbiased.TaoCertificate.Rows1 (35s)
✔ [9214/9952] Built OAI.Analysis.MutuallyUnbiased.TaoCertificate.Rows3 (35s)
✔ [9215/9952] Built OAI.Analysis.MutuallyUnbiased.TaoCertificate.Rows0 (36s)
✔ [9216/9952] Built OAI.Analysis.MutuallyUnbiased.TaoCertificate.Rows2 (36s)
✔ [9217/9952] Built OAI.Analysis.MutuallyUnbiased.GramData.Block3Check3 (14s)
✔ [9218/9952] Built OAI.Analysis.MutuallyUnbiased.Cubic.NormalizedCubic (17s)
✔ [9219/9952] Built OAI.Analysis.MutuallyUnbiased.PairTargets.ExtraPermutations (17s)
✔ [9220/9952] Built OAI.Analysis.MutuallyUnbiased.PairSemantics.Nodes51 (19s)
✔ [9221/9952] Built OAI.Analysis.MutuallyUnbiased.PairSemantics.Nodes54 (19s)
✔ [9222/9952] Built OAI.Analysis.MutuallyUnbiased.PairSemantics.Nodes47 (23s)
✔ [9223/9952] Built OAI.Analysis.MutuallyUnbiased.PairSemantics.Nodes50 (23s)
✔ [9224/9952] Built OAI.Analysis.MutuallyUnbiased.PairSemantics.Nodes45 (23s)
✔ [9225/9952] Built OAI.Analysis.MutuallyUnbiased.PairSemantics.Nodes27 (21s)
✔ [9226/9952] Built OAI.Analysis.MutuallyUnbiased.PairSemantics.Nodes40 (21s)
✔ [9227/9952] Built OAI.Analysis.MutuallyUnbiased.PairSemantics.Nodes26 (18s)
✔ [9228/9952] Built OAI.Analysis.MutuallyUnbiased.PairSemantics.Nodes25 (19s)
✔ [9229/9952] Built OAI.Analysis.MutuallyUnbiased.PairSemantics.Nodes53 (19s)
✔ [9230/9952] Built OAI.Analysis.MutuallyUnbiased.PairSemantics.Nodes34 (22s)
✔ [9231/9952] Built OAI.Analysis.MutuallyUnbiased.PairSemantics.Nodes49 (22s)
✔ [9232/9952] Built OAI.Analysis.MutuallyUnbiased.PairSemantics.Nodes48 (22s)
✔ [9233/9952] Built OAI.Analysis.MutuallyUnbiased.PairSemantics.Nodes30 (22s)
✔ [9234/9952] Built OAI.Analysis.MutuallyUnbiased.PairSemantics.Nodes31 (22s)
✔ [9235/9952] Built OAI.Analysis.MutuallyUnbiased.PairSemantics.Nodes28 (20s)
✔ [9236/9952] Built OAI.Analysis.MutuallyUnbiased.PairSemantics.Nodes24 (19s)
✔ [9237/9952] Built OAI.Analysis.MutuallyUnbiased.PairSemantics.Nodes35 (19s)
✔ [9238/9952] Built OAI.Analysis.MutuallyUnbiased.PairSemantics.Nodes33 (21s)
✔ [9239/9952] Built OAI.Analysis.MutuallyUnbiased.PairSemantics.Nodes23 (21s)
✔ [9240/9952] Built OAI.Analysis.MutuallyUnbiased.PairSemantics.Nodes22 (21s)
✔ [9241/9952] Built OAI.Analysis.MutuallyUnbiased.PairSemantics.Nodes42 (21s)
✔ [9242/9952] Built OAI.Analysis.MutuallyUnbiased.PairSemantics.Nodes44 (22s)
✔ [9243/9952] Built OAI.Analysis.MutuallyUnbiased.PairSemantics.Nodes21 (20s)
✔ [9244/9952] Built OAI.Analysis.MutuallyUnbiased.PairSemantics.Nodes52 (20s)
✔ [9245/9952] Built OAI.Analysis.MutuallyUnbiased.PairSemantics.Nodes46 (19s)
✔ [9246/9952] Built OAI.Analysis.MutuallyUnbiased.PairSemantics.Nodes38 (21s)
✔ [9247/9952] Built OAI.Analysis.MutuallyUnbiased.PairSemantics.Nodes39 (21s)
✔ [9248/9952] Built OAI.Analysis.MutuallyUnbiased.PairSemantics.Nodes29 (21s)
✔ [9249/9952] Built OAI.Analysis.MutuallyUnbiased.PairSemantics.Nodes17 (21s)
✔ [9250/9952] Built OAI.Analysis.MutuallyUnbiased.PairSemantics.Nodes32 (22s)
✔ [9251/9952] Built OAI.Analysis.MutuallyUnbiased.PairSemantics.Nodes14 (21s)
✔ [9252/9952] Built OAI.Analysis.MutuallyUnbiased.PairSemantics.Nodes12 (19s)
✔ [9253/9952] Built OAI.Analysis.MutuallyUnbiased.PairSemantics.Nodes37 (20s)
✔ [9254/9952] Built OAI.Analysis.MutuallyUnbiased.PairSemantics.Nodes19 (20s)
✔ [9255/9952] Built OAI.Analysis.MutuallyUnbiased.PairSemantics.Nodes20 (20s)
✔ [9256/9952] Built OAI.Analysis.MutuallyUnbiased.PairSemantics.Nodes36 (21s)
✔ [9257/9952] Built OAI.Analysis.MutuallyUnbiased.PairSemantics.Nodes18 (21s)
✔ [9258/9952] Built OAI.Analysis.MutuallyUnbiased.PairSemantics.Nodes16 (21s)
✔ [9259/9952] Built OAI.Analysis.MutuallyUnbiased.PairSemantics.Nodes15 (21s)
✔ [9260/9952] Built OAI.Analysis.MutuallyUnbiased.PairSemantics.Nodes9 (20s)
✔ [9261/9952] Built OAI.Analysis.MutuallyUnbiased.PairSemantics.Nodes7 (19s)
✔ [9262/9952] Built OAI.Analysis.MutuallyUnbiased.PairSemantics.Nodes6 (19s)
✔ [9263/9952] Built OAI.Analysis.MutuallyUnbiased.PairSemantics.Nodes5 (19s)
✔ [9264/9952] Built OAI.Analysis.MutuallyUnbiased.PairSemantics.Nodes11 (19s)
✔ [9265/9952] Built OAI.Analysis.MutuallyUnbiased.PairSemantics.Nodes13 (20s)
✔ [9266/9952] Built OAI.Analysis.MutuallyUnbiased.PairSemantics.Nodes41 (21s)
✔ [9267/9952] Built OAI.Analysis.MutuallyUnbiased.PairSemantics.Nodes43 (21s)
✔ [9268/9952] Built OAI.Analysis.MutuallyUnbiased.PairSemantics.Nodes8 (19s)
✔ [9269/9952] Built OAI.Analysis.MutuallyUnbiased.PairSemantics.Nodes10 (20s)
✔ [9270/9952] Built OAI.Analysis.MutuallyUnbiased.PairSemantics.Nodes1 (18s)
✔ [9271/9952] Built OAI.Analysis.MutuallyUnbiased.PairSemantics.Nodes2 (19s)
✔ [9272/9952] Built OAI.Analysis.MutuallyUnbiased.PairSemantics.Nodes4 (19s)
✔ [9273/9952] Built OAI.Analysis.MutuallyUnbiased.PairSemantics.Nodes0 (19s)
✔ [9274/9952] Built OAI.Analysis.MutuallyUnbiased.PairSemantics.Nodes3 (20s)
✔ [9275/9952] Built OAI.Analysis.MutuallyUnbiased.PairSemantics.Coordinates (17s)
✔ [9276/9952] Built OAI.Analysis.MutuallyUnbiased.Moments.EmbeddedCharge (19s)
✔ [9277/9952] Built OAI.Analysis.MutuallyUnbiased.MixedMerge.Block5 (16s)
✔ [9278/9952] Built OAI.Analysis.MutuallyUnbiased.Moments.NormalizedPartitions (18s)
✔ [9279/9952] Built OAI.Analysis.MutuallyUnbiased.MixedSemantics.GroupedColumns (18s)
✔ [9280/9952] Built OAI.Analysis.MutuallyUnbiased.TaoCertificate.KnownTarget13 (19s)
✔ [9281/9952] Built OAI.Analysis.MutuallyUnbiased.Tao.TaoFamily (20s)
✔ [9282/9952] Built OAI.Analysis.MutuallyUnbiased.TaoCertificate.KnownTarget12 (19s)
✔ [9283/9952] Built OAI.Analysis.MutuallyUnbiased.PairSemantics.Permutations (41s)
✔ [9284/9952] Built OAI.Analysis.MutuallyUnbiased.TaoCertificate.KnownTarget11 (18s)
✔ [9285/9952] Built OAI.Analysis.MutuallyUnbiased.TaoCertificate.KnownTarget10 (18s)
✔ [9286/9952] Built OAI.Analysis.MutuallyUnbiased.TaoCertificate.KnownTarget8 (17s)
✔ [9287/9952] Built OAI.Analysis.MutuallyUnbiased.TaoCertificate.KnownTarget9 (17s)
✔ [9288/9952] Built OAI.Analysis.MutuallyUnbiased.TaoCertificate.KnownTarget6 (18s)
✔ [9289/9952] Built OAI.Analysis.MutuallyUnbiased.TaoCertificate.KnownTarget7 (18s)
✔ [9290/9953] Built OAI.Analysis.MutuallyUnbiased.TaoCertificate.KnownTarget5 (18s)
✔ [9291/9953] Built OAI.Analysis.MutuallyUnbiased.TaoCertificate.KnownTarget3 (18s)
✔ [9292/9953] Built OAI.Analysis.MutuallyUnbiased.TaoCertificate.KnownTarget4 (19s)
✔ [9293/9953] Built OAI.Analysis.MutuallyUnbiased.TaoCertificate.KnownTarget0 (17s)
✔ [9294/9953] Built OAI.Analysis.MutuallyUnbiased.TaoCertificate.KnownTarget1 (17s)
✔ [9295/9953] Built OAI.Analysis.MutuallyUnbiased.TaoCertificate.KnownTarget2 (18s)
✔ [9296/9953] Built OAI.Analysis.MutuallyUnbiased.GramData.Block3Check4 (14s)
✔ [9297/9953] Built OAI.Analysis.MutuallyUnbiased.Fourier.Dichotomy (17s)
✔ [9298/9953] Built OAI.Analysis.MutuallyUnbiased.TaoCertificate.CubeTarget (19s)
✔ [9299/9953] Built OAI.Analysis.MutuallyUnbiased.TaoCertificate.Rows (17s)
✔ [9300/9953] Built OAI.Analysis.MutuallyUnbiased.Cubic.CubicClassification (17s)
✔ [9301/9953] Built OAI.Analysis.MutuallyUnbiased.PairMerge.Block7 (36s)
✔ [9302/9953] Built OAI.Analysis.MutuallyUnbiased.PairTargets.ExtraCanonical3 (33s)
✔ [9303/9953] Built OAI.Analysis.MutuallyUnbiased.PairTargets.ExtraCanonical1 (35s)
✔ [9304/9953] Built OAI.Analysis.MutuallyUnbiased.PairTargets.ExtraCanonical4 (34s)
✔ [9305/9953] Built OAI.Analysis.MutuallyUnbiased.PairTargets.ExtraCanonical7 (30s)
✔ [9306/9953] Built OAI.Analysis.MutuallyUnbiased.PairTargets.ExtraCanonical5 (33s)
✔ [9307/9953] Built OAI.Analysis.MutuallyUnbiased.PairTargets.ExtraCanonical8 (24s)
✔ [9308/9953] Built OAI.Analysis.MutuallyUnbiased.PairTargets.ExtraCanonical6 (34s)
✔ [9309/9953] Built OAI.Analysis.MutuallyUnbiased.PairSemantics.Sound7 (20s)
✔ [9310/9953] Built OAI.Analysis.MutuallyUnbiased.PairSources.Data (19s)
✔ [9311/9953] Built OAI.Analysis.MutuallyUnbiased.MixedMoments.MixedMoments (19s)
✔ [9312/9953] Built OAI.Analysis.MutuallyUnbiased.MixedMerge.Block6 (18s)
✔ [9313/9953] Built OAI.Analysis.MutuallyUnbiased.PairTargets.ExtraCanonical2 (32s)
✔ [9314/9953] Built OAI.Analysis.MutuallyUnbiased.PairMoments.PairAverage (19s)
✔ [9315/9953] Built OAI.Analysis.MutuallyUnbiased.MixedSemantics.GroupedColumns4 (23s)
✔ [9316/9953] Built OAI.Analysis.MutuallyUnbiased.PairTargets.ExtraCanonical0 (32s)
✔ [9317/9953] Built OAI.Analysis.MutuallyUnbiased.PairSemantics.Canonical314 (39s)
✔ [9318/9953] Built OAI.Analysis.MutuallyUnbiased.PairSemantics.Canonical313 (38s)
✔ [9319/9953] Built OAI.Analysis.MutuallyUnbiased.PairSemantics.Canonical273 (40s)
✔ [9320/9953] Built OAI.Analysis.MutuallyUnbiased.PairSemantics.Canonical308 (42s)
✔ [9321/9953] Built OAI.Analysis.MutuallyUnbiased.PairSemantics.Canonical302 (44s)
✔ [9322/9953] Built OAI.Analysis.MutuallyUnbiased.PairSemantics.Canonical296 (40s)
✔ [9323/9953] Built OAI.Analysis.MutuallyUnbiased.PairSemantics.Canonical299 (41s)
✔ [9324/9953] Built OAI.Analysis.MutuallyUnbiased.PairSemantics.Canonical293 (57s)
✔ [9325/9953] Built OAI.Analysis.MutuallyUnbiased.PairSemantics.Canonical192 (38s)
✔ [9326/9953] Built OAI.Analysis.MutuallyUnbiased.PairSemantics.Canonical103 (38s)
✔ [9327/9953] Built OAI.Analysis.MutuallyUnbiased.PairSemantics.Canonical111 (36s)
✔ [9328/9953] Built OAI.Analysis.MutuallyUnbiased.PairSemantics.Canonical121 (38s)
✔ [9329/9953] Built OAI.Analysis.MutuallyUnbiased.PairSemantics.Canonical116 (38s)
✔ [9330/9953] Built OAI.Analysis.MutuallyUnbiased.PairSemantics.Canonical119 (38s)
✔ [9331/9953] Built OAI.Analysis.MutuallyUnbiased.PairSemantics.Canonical290 (53s)
✔ [9332/9953] Built OAI.Analysis.MutuallyUnbiased.PairSemantics.Canonical70 (33s)
✔ [9333/9953] Built OAI.Analysis.MutuallyUnbiased.PairSemantics.Canonical72 (51s)
✔ [9334/9953] Built OAI.Analysis.MutuallyUnbiased.PairSemantics.Canonical101 (41s)
✔ [9335/9953] Built OAI.Analysis.MutuallyUnbiased.PairSemantics.Canonical110 (42s)
✔ [9336/9953] Built OAI.Analysis.MutuallyUnbiased.PairSemantics.Canonical112 (45s)
✔ [9337/9953] Built OAI.Analysis.MutuallyUnbiased.PairSemantics.Canonical71 (50s)
✔ [9338/9953] Built OAI.Analysis.MutuallyUnbiased.PairSemantics.Canonical100 (41s)
✔ [9339/9953] Built OAI.Analysis.MutuallyUnbiased.PairSemantics.Canonical105 (46s)
✔ [9340/9954] Built OAI.Analysis.MutuallyUnbiased.PairSemantics.Canonical99 (38s)
✔ [9341/9954] Built OAI.Analysis.MutuallyUnbiased.PairSemantics.Canonical74 (37s)
✔ [9342/9954] Built OAI.Analysis.MutuallyUnbiased.PairSemantics.Canonical73 (31s)
✔ [9343/9954] Built OAI.Analysis.MutuallyUnbiased.PairSemantics.Canonical62 (32s)
✔ [9344/9954] Built OAI.Analysis.MutuallyUnbiased.PairSemantics.Canonical106 (33s)
✔ [9345/9954] Built OAI.Analysis.MutuallyUnbiased.PairSemantics.Canonical107 (40s)
✔ [9346/9954] Built OAI.Analysis.MutuallyUnbiased.PairSemantics.Canonical57 (37s)
✔ [9347/9954] Built OAI.Analysis.MutuallyUnbiased.PairSemantics.Canonical58 (45s)
✔ [9348/9954] Built OAI.Analysis.MutuallyUnbiased.PairSemantics.Canonical59 (30s)
✔ [9349/9954] Built OAI.Analysis.MutuallyUnbiased.PairSemantics.Canonical63 (33s)
✔ [9350/9954] Built OAI.Analysis.MutuallyUnbiased.PairSemantics.Canonical55 (25s)
✔ [9351/9954] Built OAI.Analysis.MutuallyUnbiased.PairSemantics.Canonical56 (30s)
✔ [9352/9954] Built OAI.Analysis.MutuallyUnbiased.PairSemantics.Canonical54 (36s)
✔ [9353/9954] Built OAI.Analysis.MutuallyUnbiased.PairSemantics.Canonical48 (32s)
✔ [9354/9954] Built OAI.Analysis.MutuallyUnbiased.PairSemantics.Canonical309 (38s)
✔ [9355/9954] Built OAI.Analysis.MutuallyUnbiased.PairSemantics.Canonical301 (41s)
✔ [9356/9954] Built OAI.Analysis.MutuallyUnbiased.PairSemantics.Canonical300 (43s)
✔ [9357/9954] Built OAI.Analysis.MutuallyUnbiased.PairSemantics.Canonical80 (43s)
✔ [9358/9954] Built OAI.Analysis.MutuallyUnbiased.PairSemantics.Canonical81 (45s)
✔ [9359/9954] Built OAI.Analysis.MutuallyUnbiased.PairSemantics.Canonical297 (47s)
✔ [9360/9954] Built OAI.Analysis.MutuallyUnbiased.PairSemantics.Canonical76 (40s)
✔ [9361/9954] Built OAI.Analysis.MutuallyUnbiased.PairSemantics.Canonical75 (38s)
✔ [9362/9954] Built OAI.Analysis.MutuallyUnbiased.PairSemantics.Canonical69 (32s)
✔ [9363/9954] Built OAI.Analysis.MutuallyUnbiased.PairSemantics.Canonical61 (24s)
✔ [9364/9954] Built OAI.Analysis.MutuallyUnbiased.PairSemantics.Canonical64 (37s)
✔ [9365/9954] Built OAI.Analysis.MutuallyUnbiased.PairSemantics.Canonical40 (36s)
✔ [9366/9954] Built OAI.Analysis.MutuallyUnbiased.PairSemantics.Canonical60 (36s)
✔ [9367/9954] Built OAI.Analysis.MutuallyUnbiased.PairSemantics.Canonical36 (36s)
✔ [9368/9954] Built OAI.Analysis.MutuallyUnbiased.PairSemantics.Canonical50 (31s)
✔ [9369/9954] Built OAI.Analysis.MutuallyUnbiased.PairSemantics.Canonical37 (35s)
✔ [9370/9954] Built OAI.Analysis.MutuallyUnbiased.PairSemantics.Canonical38 (38s)
✔ [9371/9954] Built OAI.Analysis.MutuallyUnbiased.PairSemantics.Canonical34 (28s)
✔ [9372/9954] Built OAI.Analysis.MutuallyUnbiased.PairSemantics.Canonical35 (43s)
✔ [9373/9954] Built OAI.Analysis.MutuallyUnbiased.PairSemantics.Canonical32 (33s)
✔ [9374/9954] Built OAI.Analysis.MutuallyUnbiased.PairSemantics.Canonical33 (36s)
✔ [9375/9954] Built OAI.Analysis.MutuallyUnbiased.PairSemantics.Canonical31 (37s)
✔ [9376/9954] Built OAI.Analysis.MutuallyUnbiased.PairSemantics.Canonical307 (38s)
✔ [9377/9954] Built OAI.Analysis.MutuallyUnbiased.PairSemantics.Canonical306 (35s)
✔ [9378/9954] Built OAI.Analysis.MutuallyUnbiased.PairSemantics.Canonical295 (37s)
✔ [9379/9954] Built OAI.Analysis.MutuallyUnbiased.PairSemantics.Canonical298 (44s)
✔ [9380/9954] Built OAI.Analysis.MutuallyUnbiased.PairSemantics.Canonical292 (44s)
✔ [9381/9954] Built OAI.Analysis.MutuallyUnbiased.PairSemantics.Canonical294 (50s)
✔ [9382/9954] Built OAI.Analysis.MutuallyUnbiased.PairSemantics.Canonical291 (41s)
✔ [9383/9954] Built OAI.Analysis.MutuallyUnbiased.PairSemantics.Canonical289 (44s)
✔ [9384/9954] Built OAI.Analysis.MutuallyUnbiased.PairSemantics.Canonical269 (38s)
✔ [9385/9954] Built OAI.Analysis.MutuallyUnbiased.PairSemantics.Canonical276 (45s)
✔ [9386/9954] Built OAI.Analysis.MutuallyUnbiased.PairSemantics.Canonical193 (60s)
✔ [9387/9954] Built OAI.Analysis.MutuallyUnbiased.PairSemantics.Canonical195 (36s)
✔ [9388/9954] Built OAI.Analysis.MutuallyUnbiased.PairSemantics.Canonical223 (37s)
✔ [9389/9954] Built OAI.Analysis.MutuallyUnbiased.PairSemantics.Canonical264 (64s)
✔ [9390/9954] Built OAI.Analysis.MutuallyUnbiased.PairSemantics.Canonical65 (39s)
✔ [9391/9954] Built OAI.Analysis.MutuallyUnbiased.PairSemantics.Canonical115 (39s)
✔ [9392/9954] Built OAI.Analysis.MutuallyUnbiased.PairSemantics.Canonical169 (39s)
✔ [9393/9954] Built OAI.Analysis.MutuallyUnbiased.PairSemantics.Canonical228 (47s)
✔ [9394/9954] Built OAI.Analysis.MutuallyUnbiased.PairSemantics.Canonical149 (40s)
✔ [9395/9954] Built OAI.Analysis.MutuallyUnbiased.PairSemantics.Canonical156 (44s)
✔ [9396/9954] Built OAI.Analysis.MutuallyUnbiased.PairSemantics.Canonical148 (38s)
✔ [9397/9954] Built OAI.Analysis.MutuallyUnbiased.PairSemantics.Canonical166 (48s)
✔ [9398/9954] Built OAI.Analysis.MutuallyUnbiased.PairSemantics.Canonical150 (45s)
✔ [9399/9954] Built OAI.Analysis.MutuallyUnbiased.PairSemantics.Canonical165 (50s)
✔ [9400/9954] Built OAI.Analysis.MutuallyUnbiased.PairSemantics.Canonical167 (52s)
✔ [9401/9954] Built OAI.Analysis.MutuallyUnbiased.PairSemantics.Canonical147 (39s)
✔ [9402/9954] Built OAI.Analysis.MutuallyUnbiased.PairSemantics.Canonical118 (41s)
✔ [9403/9954] Built OAI.Analysis.MutuallyUnbiased.PairSemantics.Canonical140 (45s)
✔ [9404/9954] Built OAI.Analysis.MutuallyUnbiased.PairSemantics.Canonical141 (46s)
✔ [9405/9954] Built OAI.Analysis.MutuallyUnbiased.PairSemantics.Canonical142 (47s)
✔ [9406/9954] Built OAI.Analysis.MutuallyUnbiased.PairSemantics.Canonical143 (49s)
✔ [9407/9954] Built OAI.Analysis.MutuallyUnbiased.PairSemantics.Canonical146 (50s)
✔ [9408/9954] Built OAI.Analysis.MutuallyUnbiased.PairSemantics.Canonical145 (50s)
✔ [9409/9954] Built OAI.Analysis.MutuallyUnbiased.PairSemantics.Canonical144 (50s)
✔ [9410/9954] Built OAI.Analysis.MutuallyUnbiased.PairSemantics.Canonical109 (52s)
✔ [9411/9954] Built OAI.Analysis.MutuallyUnbiased.PairSemantics.Canonical139 (52s)
✔ [9412/9954] Built OAI.Analysis.MutuallyUnbiased.PairSemantics.Canonical137 (52s)
✔ [9413/9954] Built OAI.Analysis.MutuallyUnbiased.PairSemantics.Canonical163 (52s)
✔ [9414/9954] Built OAI.Analysis.MutuallyUnbiased.PairSemantics.Canonical164 (52s)
✔ [9415/9954] Built OAI.Analysis.MutuallyUnbiased.PairSemantics.Canonical117 (53s)
✔ [9416/9954] Built OAI.Analysis.MutuallyUnbiased.PairSemantics.Canonical138 (56s)
✔ [9417/9954] Built OAI.Analysis.MutuallyUnbiased.PairSemantics.Canonical108 (56s)
✔ [9418/9954] Built OAI.Analysis.MutuallyUnbiased.PairSemantics.Canonical318 (45s)
✔ [9419/9954] Built OAI.Analysis.MutuallyUnbiased.PairSemantics.Canonical136 (47s)
✔ [9420/9954] Built OAI.Analysis.MutuallyUnbiased.PairSemantics.Canonical310 (52s)
✔ [9421/9954] Built OAI.Analysis.MutuallyUnbiased.PairSemantics.Canonical133 (53s)
✔ [9422/9954] Built OAI.Analysis.MutuallyUnbiased.PairSemantics.Canonical285 (49s)
✔ [9423/9954] Built OAI.Analysis.MutuallyUnbiased.PairSemantics.Canonical288 (53s)
✔ [9424/9954] Built OAI.Analysis.MutuallyUnbiased.PairSemantics.Canonical135 (50s)
✔ [9425/9954] Built OAI.Analysis.MutuallyUnbiased.PairSemantics.Canonical303 (69s)
✔ [9426/9954] Built OAI.Analysis.MutuallyUnbiased.PairSemantics.Canonical98 (37s)
✔ [9427/9954] Built OAI.Analysis.MutuallyUnbiased.PairSemantics.Canonical123 (42s)
✔ [9428/9954] Built OAI.Analysis.MutuallyUnbiased.PairSemantics.Canonical96 (35s)
✔ [9429/9954] Built OAI.Analysis.MutuallyUnbiased.PairSemantics.Canonical134 (44s)
✔ [9430/9954] Built OAI.Analysis.MutuallyUnbiased.PairSemantics.Canonical95 (38s)
✔ [9431/9954] Built OAI.Analysis.MutuallyUnbiased.PairSemantics.Canonical97 (38s)
✔ [9432/9954] Built OAI.Analysis.MutuallyUnbiased.PairSemantics.Canonical94 (39s)
✔ [9433/9954] Built OAI.Analysis.MutuallyUnbiased.PairSemantics.Canonical93 (54s)
✔ [9434/9954] Built OAI.Analysis.MutuallyUnbiased.PairSemantics.Canonical49 (31s)
✔ [9435/9954] Built OAI.Analysis.MutuallyUnbiased.PairSemantics.Canonical92 (35s)
✔ [9436/9954] Built OAI.Analysis.MutuallyUnbiased.PairSemantics.Canonical90 (37s)
✔ [9437/9954] Built OAI.Analysis.MutuallyUnbiased.PairSemantics.Canonical91 (37s)
✔ [9438/9954] Built OAI.Analysis.MutuallyUnbiased.PairSemantics.Canonical51 (35s)
✔ [9439/9954] Built OAI.Analysis.MutuallyUnbiased.PairSemantics.Canonical53 (38s)
✔ [9440/9954] Built OAI.Analysis.MutuallyUnbiased.PairSemantics.Canonical52 (40s)
✔ [9441/9954] Built OAI.Analysis.MutuallyUnbiased.PairSemantics.Canonical46 (37s)
✔ [9442/9954] Built OAI.Analysis.MutuallyUnbiased.PairSemantics.Canonical245 (40s)
✔ [9443/9954] Built OAI.Analysis.MutuallyUnbiased.PairSemantics.Canonical315 (42s)
✔ [9444/9954] Built OAI.Analysis.MutuallyUnbiased.PairSemantics.Canonical47 (45s)
✔ [9445/9954] Built OAI.Analysis.MutuallyUnbiased.PairSemantics.Canonical220 (42s)
✔ [9446/9954] Built OAI.Analysis.MutuallyUnbiased.PairSemantics.Canonical265 (47s)
✔ [9447/9954] Built OAI.Analysis.MutuallyUnbiased.PairSemantics.Canonical263 (45s)
✔ [9448/9954] Built OAI.Analysis.MutuallyUnbiased.PairSemantics.Canonical305 (56s)
✔ [9449/9954] Built OAI.Analysis.MutuallyUnbiased.PairSemantics.Canonical200 (34s)
✔ [9450/9954] Built OAI.Analysis.MutuallyUnbiased.PairSemantics.Canonical68 (34s)
✔ [9451/9954] Built OAI.Analysis.MutuallyUnbiased.PairSemantics.Canonical225 (42s)
✔ [9452/9954] Built OAI.Analysis.MutuallyUnbiased.PairSemantics.Canonical199 (36s)
✔ [9453/9954] Built OAI.Analysis.MutuallyUnbiased.PairSemantics.Canonical224 (35s)
✔ [9454/9954] Built OAI.Analysis.MutuallyUnbiased.PairSemantics.Canonical221 (30s)
✔ [9455/9954] Built OAI.Analysis.MutuallyUnbiased.PairSemantics.Canonical194 (28s)
✔ [9456/9954] Built OAI.Analysis.MutuallyUnbiased.PairSemantics.Canonical198 (35s)
✔ [9457/9954] Built OAI.Analysis.MutuallyUnbiased.PairSemantics.Canonical189 (29s)
✔ [9458/9954] Built OAI.Analysis.MutuallyUnbiased.PairSemantics.Canonical218 (37s)
✔ [9459/9954] Built OAI.Analysis.MutuallyUnbiased.PairSemantics.Canonical188 (33s)
✔ [9460/9954] Built OAI.Analysis.MutuallyUnbiased.PairSemantics.Canonical191 (38s)
✔ [9461/9954] Built OAI.Analysis.MutuallyUnbiased.PairSemantics.Canonical205 (39s)
✔ [9462/9954] Built OAI.Analysis.MutuallyUnbiased.PairSemantics.Canonical39 (41s)
✔ [9463/9954] Built OAI.Analysis.MutuallyUnbiased.PairSemantics.Canonical257 (40s)
✔ [9464/9954] Built OAI.Analysis.MutuallyUnbiased.PairSemantics.Canonical201 (34s)
✔ [9465/9954] Built OAI.Analysis.MutuallyUnbiased.PairSemantics.Canonical196 (28s)
✔ [9466/9954] Built OAI.Analysis.MutuallyUnbiased.PairSemantics.Canonical190 (33s)
✔ [9467/9954] Built OAI.Analysis.MutuallyUnbiased.PairSemantics.Canonical180 (35s)
✔ [9468/9954] Built OAI.Analysis.MutuallyUnbiased.PairSemantics.Canonical104 (36s)
✔ [9469/9954] Built OAI.Analysis.MutuallyUnbiased.PairSemantics.Canonical114 (36s)
✔ [9470/9954] Built OAI.Analysis.MutuallyUnbiased.PairSemantics.Canonical179 (37s)
✔ [9471/9954] Built OAI.Analysis.MutuallyUnbiased.PairSemantics.Canonical102 (39s)
✔ [9472/9954] Built OAI.Analysis.MutuallyUnbiased.PairSemantics.Canonical77 (39s)
✔ [9473/9954] Built OAI.Analysis.MutuallyUnbiased.PairSemantics.Canonical124 (39s)
✔ [9474/9954] Built OAI.Analysis.MutuallyUnbiased.PairSemantics.Canonical122 (34s)
✔ [9475/9954] Built OAI.Analysis.MutuallyUnbiased.PairSemantics.Canonical183 (29s)
✔ [9476/9954] Built OAI.Analysis.MutuallyUnbiased.PairSemantics.Canonical83 (32s)
✔ [9477/9954] Built OAI.Analysis.MutuallyUnbiased.PairSemantics.Canonical84 (31s)
✔ [9478/9954] Built OAI.Analysis.MutuallyUnbiased.PairSemantics.Canonical23 (33s)
✔ [9479/9954] Built OAI.Analysis.MutuallyUnbiased.PairSemantics.Canonical21 (33s)
✔ [9480/9954] Built OAI.Analysis.MutuallyUnbiased.PairSemantics.Canonical15 (35s)
✔ [9481/9954] Built OAI.Analysis.MutuallyUnbiased.PairSemantics.Canonical14 (33s)
✔ [9482/9954] Built OAI.Analysis.MutuallyUnbiased.PairSemantics.Canonical317 (41s)
✔ [9483/9954] Built OAI.Analysis.MutuallyUnbiased.PairSemantics.Canonical316 (42s)
✔ [9484/9954] Built OAI.Analysis.MutuallyUnbiased.PairSemantics.Canonical311 (43s)
✔ [9485/9954] Built OAI.Analysis.MutuallyUnbiased.PairSemantics.Canonical287 (44s)
✔ [9486/9954] Built OAI.Analysis.MutuallyUnbiased.PairSemantics.Canonical286 (44s)
✔ [9487/9954] Built OAI.Analysis.MutuallyUnbiased.PairSemantics.Canonical304 (48s)
✔ [9488/9954] Built OAI.Analysis.MutuallyUnbiased.PairSemantics.Canonical284 (44s)
✔ [9489/9954] Built OAI.Analysis.MutuallyUnbiased.PairSemantics.Canonical283 (48s)
✔ [9490/9954] Built OAI.Analysis.MutuallyUnbiased.PairSemantics.Canonical272 (38s)
✔ [9491/9954] Built OAI.Analysis.MutuallyUnbiased.PairSemantics.Canonical270 (37s)
✔ [9492/9954] Built OAI.Analysis.MutuallyUnbiased.PairSemantics.Canonical278 (46s)
✔ [9493/9954] Built OAI.Analysis.MutuallyUnbiased.PairSemantics.Canonical277 (45s)
✔ [9494/9954] Built OAI.Analysis.MutuallyUnbiased.PairSemantics.Canonical268 (40s)
✔ [9495/9954] Built OAI.Analysis.MutuallyUnbiased.PairSemantics.Canonical260 (43s)
✔ [9496/9954] Built OAI.Analysis.MutuallyUnbiased.PairSemantics.Canonical259 (46s)
✔ [9497/9954] Built OAI.Analysis.MutuallyUnbiased.PairSemantics.Canonical253 (41s)
✔ [9498/9954] Built OAI.Analysis.MutuallyUnbiased.PairSemantics.Canonical258 (56s)
✔ [9499/9954] Built OAI.Analysis.MutuallyUnbiased.PairSemantics.Canonical244 (39s)
✔ [9500/9954] Built OAI.Analysis.MutuallyUnbiased.PairSemantics.Canonical251 (41s)
✔ [9501/9954] Built OAI.Analysis.MutuallyUnbiased.PairSemantics.Canonical243 (37s)
✔ [9502/9954] Built OAI.Analysis.MutuallyUnbiased.PairSemantics.Canonical252 (43s)
✔ [9503/9954] Built OAI.Analysis.MutuallyUnbiased.PairSemantics.Canonical242 (39s)
✔ [9504/9954] Built OAI.Analysis.MutuallyUnbiased.PairSemantics.Canonical239 (48s)
✔ [9505/9954] Built OAI.Analysis.MutuallyUnbiased.PairSemantics.Canonical219 (34s)
✔ [9506/9954] Built OAI.Analysis.MutuallyUnbiased.PairSemantics.Canonical226 (37s)
✔ [9507/9954] Built OAI.Analysis.MutuallyUnbiased.PairSemantics.Canonical222 (37s)
✔ [9508/9954] Built OAI.Analysis.MutuallyUnbiased.PairSemantics.Canonical197 (38s)
✔ [9509/9954] Built OAI.Analysis.MutuallyUnbiased.PairSemantics.Canonical275 (45s)
✔ [9510/9954] Built OAI.Analysis.MutuallyUnbiased.PairSemantics.Canonical262 (45s)
✔ [9511/9954] Built OAI.Analysis.MutuallyUnbiased.PairSemantics.Canonical261 (44s)
✔ [9512/9954] Built OAI.Analysis.MutuallyUnbiased.PairSemantics.Canonical254 (50s)
✔ [9513/9954] Built OAI.Analysis.MutuallyUnbiased.PairSemantics.Canonical247 (40s)
✔ [9514/9954] Built OAI.Analysis.MutuallyUnbiased.PairSemantics.Canonical248 (44s)
✔ [9515/9954] Built OAI.Analysis.MutuallyUnbiased.PairSemantics.Canonical236 (39s)
✔ [9516/9954] Built OAI.Analysis.MutuallyUnbiased.PairSemantics.Canonical237 (46s)
✔ [9517/9954] Built OAI.Analysis.MutuallyUnbiased.PairSemantics.Canonical234 (45s)
✔ [9518/9954] Built OAI.Analysis.MutuallyUnbiased.PairSemantics.Canonical235 (47s)
✔ [9519/9954] Built OAI.Analysis.MutuallyUnbiased.PairSemantics.Canonical229 (45s)
✔ [9520/9954] Built OAI.Analysis.MutuallyUnbiased.PairSemantics.Canonical210 (34s)
✔ [9521/9954] Built OAI.Analysis.MutuallyUnbiased.PairSemantics.Canonical209 (38s)
✔ [9522/9954] Built OAI.Analysis.MutuallyUnbiased.PairSemantics.Canonical217 (48s)
✔ [9523/9954] Built OAI.Analysis.MutuallyUnbiased.PairSemantics.Canonical216 (45s)
✔ [9524/9954] Built OAI.Analysis.MutuallyUnbiased.PairSemantics.Canonical227 (51s)
✔ [9525/9954] Built OAI.Analysis.MutuallyUnbiased.PairSemantics.Canonical207 (34s)
✔ [9526/9954] Built OAI.Analysis.MutuallyUnbiased.PairSemantics.Canonical206 (35s)
✔ [9527/9954] Built OAI.Analysis.MutuallyUnbiased.PairSemantics.Canonical208 (38s)
✔ [9528/9954] Built OAI.Analysis.MutuallyUnbiased.PairSemantics.Canonical203 (26s)
✔ [9529/9954] Built OAI.Analysis.MutuallyUnbiased.PairSemantics.Canonical204 (36s)
✔ [9530/9954] Built OAI.Analysis.MutuallyUnbiased.PairSemantics.Canonical202 (33s)
✔ [9531/9954] Built OAI.Analysis.MutuallyUnbiased.PairSemantics.Canonical181 (36s)
✔ [9532/9954] Built OAI.Analysis.MutuallyUnbiased.PairSemantics.Canonical158 (38s)
✔ [9533/9954] Built OAI.Analysis.MutuallyUnbiased.PairSemantics.Canonical132 (40s)
✔ [9534/9954] Built OAI.Analysis.MutuallyUnbiased.PairSemantics.Canonical157 (43s)
✔ [9535/9954] Built OAI.Analysis.MutuallyUnbiased.PairSemantics.Canonical131 (42s)
✔ [9536/9954] Built OAI.Analysis.MutuallyUnbiased.PairSemantics.Canonical120 (34s)
✔ [9537/9954] Built OAI.Analysis.MutuallyUnbiased.PairSemantics.Canonical82 (39s)
✔ [9538/9954] Built OAI.Analysis.MutuallyUnbiased.PairSemantics.Canonical178 (32s)
✔ [9539/9954] Built OAI.Analysis.MutuallyUnbiased.PairSemantics.Canonical177 (30s)
✔ [9540/9954] Built OAI.Analysis.MutuallyUnbiased.PairSemantics.Canonical176 (33s)
✔ [9541/9954] Built OAI.Analysis.MutuallyUnbiased.PairSemantics.Canonical174 (27s)
✔ [9542/9954] Built OAI.Analysis.MutuallyUnbiased.PairSemantics.Canonical175 (28s)
✔ [9543/9954] Built OAI.Analysis.MutuallyUnbiased.PairSemantics.Canonical79 (31s)
✔ [9544/9954] Built OAI.Analysis.MutuallyUnbiased.PairSemantics.Canonical113 (40s)
✔ [9545/9954] Built OAI.Analysis.MutuallyUnbiased.PairSemantics.Canonical67 (29s)
✔ [9546/9954] Built OAI.Analysis.MutuallyUnbiased.PairSemantics.Canonical78 (39s)
✔ [9547/9954] Built OAI.Analysis.MutuallyUnbiased.PairSemantics.Canonical66 (39s)
✔ [9548/9954] Built OAI.Analysis.MutuallyUnbiased.PairSemantics.Canonical2 (37s)
✔ [9549/9954] Built OAI.Analysis.MutuallyUnbiased.PairSemantics.Canonical11 (43s)
✔ [9550/9954] Built OAI.Analysis.MutuallyUnbiased.PairSemantics.Canonical230 (39s)
✔ [9551/9954] Built OAI.Analysis.MutuallyUnbiased.PairSemantics.Canonical152 (33s)
✔ [9552/9954] Built OAI.Analysis.MutuallyUnbiased.PairSemantics.Canonical168 (34s)
✔ [9553/9954] Built OAI.Analysis.MutuallyUnbiased.PairSemantics.Canonical151 (36s)
✔ [9554/9954] Built OAI.Analysis.MutuallyUnbiased.PairSemantics.Canonical128 (29s)
✔ [9555/9954] Built OAI.Analysis.MutuallyUnbiased.PairSemantics.Canonical127 (29s)
✔ [9556/9954] Built OAI.Analysis.MutuallyUnbiased.PairSemantics.Canonical87 (26s)
✔ [9557/9954] Built OAI.Analysis.MutuallyUnbiased.PairSemantics.Canonical274 (34s)
✔ [9558/9954] Built OAI.Analysis.MutuallyUnbiased.PairSemantics.Canonical266 (36s)
✔ [9559/9954] Built OAI.Analysis.MutuallyUnbiased.PairSemantics.Canonical267 (36s)
✔ [9560/9954] Built OAI.Analysis.MutuallyUnbiased.PairSemantics.Canonical271 (48s)
✔ [9561/9954] Built OAI.Analysis.MutuallyUnbiased.PairSemantics.Canonical213 (31s)
✔ [9562/9954] Built OAI.Analysis.MutuallyUnbiased.PairSemantics.Canonical255 (36s)
✔ [9563/9954] Built OAI.Analysis.MutuallyUnbiased.PairSemantics.Canonical185 (29s)
✔ [9564/9954] Built OAI.Analysis.MutuallyUnbiased.PairSemantics.Canonical232 (37s)
✔ [9565/9954] Built OAI.Analysis.MutuallyUnbiased.PairSemantics.Canonical16 (25s)
✔ [9566/9954] Built OAI.Analysis.MutuallyUnbiased.PairSemantics.Canonical182 (38s)
✔ [9567/9954] Built OAI.Analysis.MutuallyUnbiased.PairSemantics.Canonical41 (36s)
✔ [9568/9954] Built OAI.Analysis.MutuallyUnbiased.PairSemantics.Canonical24 (30s)
✔ [9569/9954] Built OAI.Analysis.MutuallyUnbiased.PairSemantics.Canonical25 (33s)
✔ [9570/9954] Built OAI.Analysis.MutuallyUnbiased.PairSemantics.Canonical27 (37s)
✔ [9571/9954] Built OAI.Analysis.MutuallyUnbiased.PairSemantics.Canonical312 (41s)
✔ [9572/9954] Built OAI.Analysis.MutuallyUnbiased.PairSemantics.Canonical240 (41s)
✔ [9573/9954] Built OAI.Analysis.MutuallyUnbiased.PairSemantics.Canonical22 (29s)
✔ [9574/9954] Built OAI.Analysis.MutuallyUnbiased.PairSemantics.Canonical17 (29s)
✔ [9575/9954] Built OAI.Analysis.MutuallyUnbiased.PairSemantics.Canonical9 (23s)
✔ [9576/9954] Built OAI.Analysis.MutuallyUnbiased.PairSemantics.Canonical7 (22s)
✔ [9577/9954] Built OAI.Analysis.MutuallyUnbiased.PairSemantics.Canonical184 (27s)
✔ [9578/9954] Built OAI.Analysis.MutuallyUnbiased.PairSemantics.Canonical8 (30s)
✔ [9579/9954] Built OAI.Analysis.MutuallyUnbiased.PairSemantics.Canonical86 (27s)
✔ [9580/9954] Built OAI.Analysis.MutuallyUnbiased.PairSemantics.Canonical85 (25s)
✔ [9581/9954] Built OAI.Analysis.MutuallyUnbiased.PairSemantics.Canonical44 (24s)
✔ [9582/9954] Built OAI.Analysis.MutuallyUnbiased.PairSemantics.Canonical42 (25s)
✔ [9583/9954] Built OAI.Analysis.MutuallyUnbiased.PairSemantics.Canonical43 (28s)
✔ [9584/9954] Built OAI.Analysis.MutuallyUnbiased.PairSemantics.Canonical18 (33s)
✔ [9585/9954] Built OAI.Analysis.MutuallyUnbiased.PairSemantics.Canonical10 (34s)
✔ [9586/9954] Built OAI.Analysis.MutuallyUnbiased.PairSemantics.Canonical231 (35s)
✔ [9587/9954] Built OAI.Analysis.MutuallyUnbiased.PairSemantics.Canonical214 (30s)
✔ [9588/9954] Built OAI.Analysis.MutuallyUnbiased.PairSemantics.Canonical238 (38s)
✔ [9589/9954] Built OAI.Analysis.MutuallyUnbiased.PairSemantics.Canonical246 (40s)
✔ [9590/9954] Built OAI.Analysis.MutuallyUnbiased.PairSemantics.Canonical211 (31s)
✔ [9591/9954] Built OAI.Analysis.MutuallyUnbiased.PairSemantics.Canonical212 (31s)
✔ [9592/9954] Built OAI.Analysis.MutuallyUnbiased.PairSemantics.Canonical186 (25s)
✔ [9593/9954] Built OAI.Analysis.MutuallyUnbiased.PairSemantics.Canonical172 (25s)
✔ [9594/9954] Built OAI.Analysis.MutuallyUnbiased.PairSemantics.Canonical154 (30s)
✔ [9595/9954] Built OAI.Analysis.MutuallyUnbiased.PairSemantics.Canonical160 (34s)
✔ [9596/9954] Built OAI.Analysis.MutuallyUnbiased.PairSemantics.Canonical155 (31s)
✔ [9597/9954] Built OAI.Analysis.MutuallyUnbiased.PairSemantics.Canonical153 (27s)
✔ [9598/9954] Built OAI.Analysis.MutuallyUnbiased.PairSemantics.Canonical159 (33s)
✔ [9599/9954] Built OAI.Analysis.MutuallyUnbiased.PairSemantics.Canonical129 (28s)
✔ [9600/9954] Built OAI.Analysis.MutuallyUnbiased.PairSemantics.Canonical130 (35s)
✔ [9601/9954] Built OAI.Analysis.MutuallyUnbiased.PairSemantics.Canonical126 (25s)
✔ [9602/9954] Built OAI.Analysis.MutuallyUnbiased.PairSemantics.Canonical88 (26s)
✔ [9603/9954] Built OAI.Analysis.MutuallyUnbiased.PairSemantics.Canonical125 (27s)
✔ [9604/9954] Built OAI.Analysis.MutuallyUnbiased.PairSemantics.Canonical45 (26s)
✔ [9605/9954] Built OAI.Analysis.MutuallyUnbiased.PairSemantics.Canonical89 (28s)
✔ [9606/9954] Built OAI.Analysis.MutuallyUnbiased.PairSemantics.Canonical30 (28s)
✔ [9607/9954] Built OAI.Analysis.MutuallyUnbiased.PairSemantics.Canonical256 (33s)
✔ [9608/9954] Built OAI.Analysis.MutuallyUnbiased.PairSemantics.Canonical279 (43s)
✔ [9609/9954] Built OAI.Analysis.MutuallyUnbiased.PairSemantics.Canonical250 (42s)
✔ [9610/9954] Built OAI.Analysis.MutuallyUnbiased.PairSemantics.Canonical249 (35s)
✔ [9611/9954] Built OAI.Analysis.MutuallyUnbiased.PairSemantics.Canonical241 (39s)
✔ [9612/9954] Built OAI.Analysis.MutuallyUnbiased.PairSemantics.Canonical233 (39s)
✔ [9613/9954] Built OAI.Analysis.MutuallyUnbiased.PairSemantics.Canonical187 (37s)
✔ [9614/9954] Built OAI.Analysis.MutuallyUnbiased.PairSemantics.Canonical215 (45s)
✔ [9615/9954] Built OAI.Analysis.MutuallyUnbiased.PairSemantics.Canonical173 (30s)
✔ [9616/9954] Built OAI.Analysis.MutuallyUnbiased.PairSemantics.Canonical171 (22s)
✔ [9617/9954] Built OAI.Analysis.MutuallyUnbiased.PairSemantics.Canonical170 (33s)
✔ [9618/9954] Built OAI.Analysis.MutuallyUnbiased.PairSemantics.Canonical29 (23s)
✔ [9619/9955] Built OAI.Analysis.MutuallyUnbiased.PairSemantics.Canonical162 (30s)
✔ [9620/9955] Built OAI.Analysis.MutuallyUnbiased.PairSemantics.Canonical28 (34s)
✔ [9621/9955] Built OAI.Analysis.MutuallyUnbiased.PairSemantics.Canonical6 (29s)
✔ [9622/9955] Built OAI.Analysis.MutuallyUnbiased.PairSemantics.Canonical26 (29s)
✔ [9623/9955] Built OAI.Analysis.MutuallyUnbiased.PairSemantics.Canonical5 (31s)
✔ [9624/9955] Built OAI.Analysis.MutuallyUnbiased.GramData.Block3Check5 (16s)
✔ [9625/9955] Built OAI.Analysis.MutuallyUnbiased.PairSemantics.Canonical161 (40s)
✔ [9626/9955] Built OAI.Analysis.MutuallyUnbiased.TaoCertificate.TargetMerge0 (19s)
✔ [9627/9955] Built OAI.Analysis.MutuallyUnbiased.PairMerge.Block8 (9.1s)
✔ [9628/9955] Built OAI.Analysis.MutuallyUnbiased.PairSemantics.Canonical1 (26s)
✔ [9629/9955] Built OAI.Analysis.MutuallyUnbiased.Fourier.FourierEndpoint (18s)
✔ [9630/9955] Built OAI.Analysis.MutuallyUnbiased.TaoCertificate.Merge0 (22s)
✔ [9631/9956] Built OAI.Analysis.MutuallyUnbiased.Moments.OrderedPairs (19s)
✔ [9632/9956] Built OAI.Analysis.MutuallyUnbiased.MixedMoments.MixedAlpha (19s)
✔ [9633/9957] Built OAI.Analysis.MutuallyUnbiased.MixedMoments.MixedReduction (18s)
✔ [9634/9957] Built OAI.Analysis.MutuallyUnbiased.PairTargets.Assembly (24s)
✔ [9635/9957] Built OAI.Analysis.MutuallyUnbiased.PairTargets.PartitionRules (19s)
✔ [9636/9957] Built OAI.Analysis.MutuallyUnbiased.MixedMerge.Block7 (26s)
✔ [9637/9958] Built OAI.Analysis.MutuallyUnbiased.GramData.Block3Check6 (15s)
✔ [9638/9958] Built OAI.Analysis.MutuallyUnbiased.GramData.Block3Check7 (15s)
✔ [9639/9958] Built OAI.Analysis.MutuallyUnbiased.PairTargets.Data (20s)
✔ [9640/9959] Built OAI.Analysis.MutuallyUnbiased.PairMerge.Block9 (12s)
✔ [9641/9960] Built OAI.Analysis.MutuallyUnbiased.TaoCertificate.TargetMerge1 (19s)
✔ [9642/9960] Built OAI.Analysis.MutuallyUnbiased.GramData.Block3Check8 (14s)
✔ [9643/9960] Built OAI.Analysis.MutuallyUnbiased.GramData.Block3Check9 (15s)
✔ [9644/9961] Built OAI.Analysis.MutuallyUnbiased.GramData.Block3Check10 (15s)
✔ [9645/9961] Built OAI.Analysis.MutuallyUnbiased.MixedMoments.MixedLabelEmbedding (19s)
✔ [9646/9961] Built OAI.Analysis.MutuallyUnbiased.TaoCertificate.Merge1 (24s)
✔ [9647/9962] Built OAI.Analysis.MutuallyUnbiased.MixedMerge.Block8 (24s)
✔ [9648/9962] Built OAI.Analysis.MutuallyUnbiased.PairPolynomial.Terms (23s)
✔ [9649/9962] Built OAI.Analysis.MutuallyUnbiased.GramData.Block3Check11 (14s)
✔ [9650/9962] Built OAI.Analysis.MutuallyUnbiased.PairMoments.PairTermSums (21s)
✔ [9651/9963] Built OAI.Analysis.MutuallyUnbiased.PairMerge.Block10 (16s)
✔ [9652/9963] Built OAI.Analysis.MutuallyUnbiased.GramData.Block3Check12 (15s)
✔ [9653/9963] Built OAI.Analysis.MutuallyUnbiased.TaoCertificate.TargetMerge2 (19s)
✔ [9654/9964] Built OAI.Analysis.MutuallyUnbiased.GramData.Block3Check13 (14s)
✔ [9655/9965] Built OAI.Analysis.MutuallyUnbiased.MixedSemantics.Rules (18s)
✔ [9656/9965] Built OAI.Analysis.MutuallyUnbiased.GramData.Block3Check14 (14s)
✔ [9657/9966] Built OAI.Analysis.MutuallyUnbiased.PairMerge.Block11 (10s)
✔ [9658/9966] Built OAI.Analysis.MutuallyUnbiased.TaoCertificate.Merge2 (23s)
✔ [9659/9966] Built OAI.Analysis.MutuallyUnbiased.PairPolynomial.Grid (20s)
✔ [9660/9966] Built OAI.Analysis.MutuallyUnbiased.GramData.Block3Check15 (14s)
✔ [9661/9966] Built OAI.Analysis.MutuallyUnbiased.PairSemantics.Sound0 (67s)
✔ [9662/9966] Built OAI.Analysis.MutuallyUnbiased.GramData.Block3Check16 (14s)
✔ [9663/9966] Built OAI.Analysis.MutuallyUnbiased.TaoCertificate.TargetMerge3 (19s)
✔ [9664/9966] Built OAI.Analysis.MutuallyUnbiased.MixedMerge.Block9 (69s)
✔ [9665/9966] Built OAI.Analysis.MutuallyUnbiased.MixedSemantics.Canonical307 (67s)
✔ [9666/9966] Built OAI.Analysis.MutuallyUnbiased.MixedSemantics.Canonical306 (67s)
✔ [9667/9966] Built OAI.Analysis.MutuallyUnbiased.MixedSemantics.Canonical304 (67s)
✔ [9668/9967] Built OAI.Analysis.MutuallyUnbiased.MixedSemantics.Canonical305 (67s)
✔ [9669/9967] Built OAI.Analysis.MutuallyUnbiased.MixedSemantics.Canonical303 (67s)
✔ [9670/9967] Built OAI.Analysis.MutuallyUnbiased.MixedSemantics.Canonical302 (64s)
✔ [9671/9968] Built OAI.Analysis.MutuallyUnbiased.PairMerge.Main (5.6s)
✔ [9672/9968] Built OAI.Analysis.MutuallyUnbiased.MixedSemantics.Canonical301 (62s)
✔ [9673/9968] Built OAI.Analysis.MutuallyUnbiased.GramData.Block3Check17 (13s)
✔ [9674/9968] Built OAI.Analysis.MutuallyUnbiased.GramData.Block3Check18 (14s)
✔ [9675/9968] Built OAI.Analysis.MutuallyUnbiased.PairPolynomial.Assembly (27s)
✔ [9676/9968] Built OAI.Analysis.MutuallyUnbiased.TaoCertificate.Merge3 (31s)
✔ [9677/9968] Built OAI.Analysis.MutuallyUnbiased.MixedSemantics.Canonical296 (42s)
✔ [9678/9969] Built OAI.Analysis.MutuallyUnbiased.MixedSemantics.Canonical300 (63s)
✔ [9679/9969] Built OAI.Analysis.MutuallyUnbiased.MixedSemantics.Canonical299 (50s)
✔ [9680/9969] Built OAI.Analysis.MutuallyUnbiased.PairData.Main (5.4s)
✔ [9681/9969] Built OAI.Analysis.MutuallyUnbiased.TaoCertificate.TargetMerge4 (19s)
✔ [9682/9970] Built OAI.Analysis.MutuallyUnbiased.MixedMerge.Block10 (17s)
✔ [9683/9970] Built OAI.Analysis.MutuallyUnbiased.GramData.Block3Check19 (13s)
✔ [9684/9971] Built OAI.Analysis.MutuallyUnbiased.GramData.Block3Check20 (14s)
✔ [9685/9971] Built OAI.Analysis.MutuallyUnbiased.PairPolynomial.Main (17s)
✔ [9686/9972] Built OAI.Analysis.MutuallyUnbiased.GramData.Block3Check21 (14s)
✔ [9687/9973] Built OAI.Analysis.MutuallyUnbiased.TaoCertificate.TargetMerge5 (21s)
✔ [9688/9973] Built OAI.Analysis.MutuallyUnbiased.TaoCertificate.Merge4 (24s)
✔ [9689/9974] Built OAI.Analysis.MutuallyUnbiased.GramData.Block3Check22 (13s)
✔ [9690/9974] Built OAI.Analysis.MutuallyUnbiased.GramData.Block3Check23 (13s)
✔ [9691/9974] Built OAI.Analysis.MutuallyUnbiased.GramData.Block3Check24 (13s)
✔ [9692/9975] Built OAI.Analysis.MutuallyUnbiased.GramData.Block3Check25 (13s)
✔ [9693/9976] Built OAI.Analysis.MutuallyUnbiased.PairMoments.PairInterpretation (19s)
✔ [9694/9977] Built OAI.Analysis.MutuallyUnbiased.MixedMerge.Block11 (38s)
✔ [9695/9979] Built OAI.Analysis.MutuallyUnbiased.TaoCertificate.TargetMerge6 (22s)
✔ [9696/9979] Built OAI.Analysis.MutuallyUnbiased.GramData.Block3Check26 (13s)
✔ [9697/9979] Built OAI.Analysis.MutuallyUnbiased.GramData.Block3Check27 (13s)
✔ [9698/9979] Built OAI.Analysis.MutuallyUnbiased.GramData.Block3Check28 (12s)
✔ [9699/9982] Built OAI.Analysis.MutuallyUnbiased.GramData.Block3Check29 (11s)
✔ [9700/9984] Built OAI.Analysis.MutuallyUnbiased.TaoCertificate.Merge5 (24s)
✔ [9701/9985] Built OAI.Analysis.MutuallyUnbiased.GramData.Block3Check30 (9.7s)
✔ [9702/9987] Built OAI.Analysis.MutuallyUnbiased.GramData.Block4Data (10s)
✔ [9703/9988] Built OAI.Analysis.MutuallyUnbiased.PairSemantics.Sound1 (122s)
✔ [9704/9988] Built OAI.Analysis.MutuallyUnbiased.TaoCertificate.TargetMerge7 (22s)
✔ [9705/9988] Built OAI.Analysis.MutuallyUnbiased.GramData.Block4Check5 (12s)
✔ [9706/9988] Built OAI.Analysis.MutuallyUnbiased.MixedMerge.Block12 (28s)
✔ [9707/9988] Built OAI.Analysis.MutuallyUnbiased.GramData.Block3 (20s)
✔ [9708/9988] Built OAI.Analysis.MutuallyUnbiased.TaoCertificate.Merge6 (24s)
✔ [9709/9989] Built OAI.Analysis.MutuallyUnbiased.GramData.Block4Check4 (12s)
✔ [9710/9989] Built OAI.Analysis.MutuallyUnbiased.PairSemantics.Sound2 (129s)
✔ [9711/9990] Built OAI.Analysis.MutuallyUnbiased.GramData.Block4Check3 (11s)
✔ [9712/9990] Built OAI.Analysis.MutuallyUnbiased.PairSemantics.Sound3 (131s)
✔ [9713/9990] Built OAI.Analysis.MutuallyUnbiased.GramData.Block4Check2 (12s)
✔ [9714/9990] Built OAI.Analysis.MutuallyUnbiased.GramData.Block4Check1 (12s)
✔ [9715/9991] Built OAI.Analysis.MutuallyUnbiased.GramData.Block4Check0 (12s)
✔ [9716/9992] Built OAI.Analysis.MutuallyUnbiased.GramData.Block4Check6 (12s)
✔ [9717/9992] Built OAI.Analysis.MutuallyUnbiased.GramData.Block4Check7 (12s)
✔ [9718/9993] Built OAI.Analysis.MutuallyUnbiased.GramData.Block4Check8 (12s)
✔ [9719/9994] Built OAI.Analysis.MutuallyUnbiased.PairTargets.Partition0 (20s)
✔ [9720/9995] Built OAI.Analysis.MutuallyUnbiased.GramData.Block4Check9 (12s)
✔ [9721/9995] Built OAI.Analysis.MutuallyUnbiased.TaoCertificate.TargetMerge8 (21s)
✔ [9722/9996] Built OAI.Analysis.MutuallyUnbiased.MixedMerge.Block13 (19s)
✔ [9723/9997] Built OAI.Analysis.MutuallyUnbiased.GramData.Block4Check10 (12s)
✔ [9724/9997] Built OAI.Analysis.MutuallyUnbiased.TaoCertificate.Merge7 (24s)
✔ [9725/9998] Built OAI.Analysis.MutuallyUnbiased.GramData.Block4Check11 (12s)
✔ [9726/9998] Built OAI.Analysis.MutuallyUnbiased.GramData.Block4Check12 (12s)
✔ [9727/9998] Built OAI.Analysis.MutuallyUnbiased.GramData.Block4Check13 (12s)
✔ [9728/9999] Built OAI.Analysis.MutuallyUnbiased.GramData.Block4Check14 (12s)
✔ [9729/10000] Built OAI.Analysis.MutuallyUnbiased.PairTargets.Weighted0 (18s)
✔ [9730/10002] Built OAI.Analysis.MutuallyUnbiased.GramData.Block4Check15 (11s)
✔ [9731/10004] Built OAI.Analysis.MutuallyUnbiased.GramData.Block4Check16 (11s)
✔ [9732/10004] Built OAI.Analysis.MutuallyUnbiased.TaoCertificate.TargetMerge9 (21s)
✔ [9733/10004] Built OAI.Analysis.MutuallyUnbiased.GramData.Block4Check17 (11s)
✔ [9734/10007] Built OAI.Analysis.MutuallyUnbiased.GramData.Block4Check18 (10s)
✔ [9735/10018] Built OAI.Analysis.MutuallyUnbiased.GramData.Block4Check20 (7.0s)
✔ [9736/10018] Built OAI.Analysis.MutuallyUnbiased.GramData.Block4Check19 (11s)
✔ [9737/10018] Built OAI.Analysis.MutuallyUnbiased.TaoCertificate.Merge8 (24s)
✔ [9738/10020] Built OAI.Analysis.MutuallyUnbiased.GramData.Block5 (19s)
✔ [9739/10021] Built OAI.Analysis.MutuallyUnbiased.MixedMerge.Block14 (34s)
✔ [9740/10021] Built OAI.Analysis.MutuallyUnbiased.GramData.Block4 (15s)
✔ [9741/10022] Built OAI.Analysis.MutuallyUnbiased.GramFunctions.Basic (19s)
✔ [9742/10023] Built OAI.Analysis.MutuallyUnbiased.Moments.Orthogonality (19s)
✔ [9743/10023] Built OAI.Analysis.MutuallyUnbiased.TaoCertificate.TargetMerge10 (24s)
✔ [9744/10023] Built OAI.Analysis.MutuallyUnbiased.GramData.Main (8.1s)
✔ [9745/10024] Built OAI.Analysis.MutuallyUnbiased.TaoCertificate.Merge9 (21s)
✔ [9746/10024] Built OAI.Analysis.MutuallyUnbiased.MixedSemantics.Nodes8 (20s)
✔ [9747/10024] Built OAI.Analysis.MutuallyUnbiased.MixedSemantics.Nodes7 (21s)
✔ [9748/10024] Built OAI.Analysis.MutuallyUnbiased.MixedSemantics.Nodes21 (21s)
✔ [9749/10024] Built OAI.Analysis.MutuallyUnbiased.MixedSemantics.Nodes22 (20s)
✔ [9750/10024] Built OAI.Analysis.MutuallyUnbiased.MixedMerge.Block15 (28s)
✔ [9751/10024] Built OAI.Analysis.MutuallyUnbiased.GramFunctions.Block5 (21s)
✔ [9752/10025] Built OAI.Analysis.MutuallyUnbiased.GramFunctions.Block4 (28s)
✔ [9753/10025] Built OAI.Analysis.MutuallyUnbiased.GramFunctions.Block2 (26s)
✔ [9754/10025] Built OAI.Analysis.MutuallyUnbiased.GramFunctions.Block3 (29s)
✔ [9755/10026] Built OAI.Analysis.MutuallyUnbiased.GramFunctions.Block0 (24s)
✔ [9756/10026] Built OAI.Analysis.MutuallyUnbiased.MixedMoments.MixedShifts (22s)
✔ [9757/10027] Built OAI.Analysis.MutuallyUnbiased.GramFunctions.Block1 (28s)
✔ [9758/10027] Built OAI.Analysis.MutuallyUnbiased.MixedSemantics.Nodes49 (22s)
✔ [9759/10027] Built OAI.Analysis.MutuallyUnbiased.TaoCertificate.TargetMerge11 (23s)
✔ [9760/10028] Built OAI.Analysis.MutuallyUnbiased.TaoCertificate.Merge10 (22s)
✔ [9761/10028] Built OAI.Analysis.MutuallyUnbiased.MixedSemantics.Nodes62 (21s)
✔ [9762/10029] Built OAI.Analysis.MutuallyUnbiased.MixedSemantics.Nodes64 (21s)
✔ [9763/10029] Built OAI.Analysis.MutuallyUnbiased.MixedSemantics.Nodes65 (21s)
✔ [9764/10030] Built OAI.Analysis.MutuallyUnbiased.Moments.AuxiliaryGram (20s)
✔ [9765/10031] Built OAI.Analysis.MutuallyUnbiased.MixedMerge.Block16 (33s)
✔ [9766/10031] Built OAI.Analysis.MutuallyUnbiased.GramFunctions.Main (16s)
✔ [9767/10032] Built OAI.Analysis.MutuallyUnbiased.MixedSemantics.Nodes66 (21s)
✔ [9768/10032] Built OAI.Analysis.MutuallyUnbiased.TaoCertificate.TargetMerge12 (24s)
✔ [9769/10033] Built OAI.Analysis.MutuallyUnbiased.MixedSemantics.Nodes67 (22s)
✔ [9770/10034] Built OAI.Analysis.MutuallyUnbiased.MixedSemantics.Nodes68 (21s)
✔ [9771/10034] Built OAI.Analysis.MutuallyUnbiased.TaoCertificate.Merge11 (24s)
✔ [9772/10035] Built OAI.Analysis.MutuallyUnbiased.Certificate.AuxiliaryInterpretation (17s)
✔ [9773/10035] Built OAI.Analysis.MutuallyUnbiased.PairSemantics.Sound4 (159s)
✔ [9774/10036] Built OAI.Analysis.MutuallyUnbiased.MixedSemantics.Nodes69 (20s)
✔ [9775/10036] Built OAI.Analysis.MutuallyUnbiased.MixedSemantics.Nodes70 (19s)
✔ [9776/10037] Built OAI.Analysis.MutuallyUnbiased.MixedSemantics.Nodes71 (21s)
✔ [9777/10037] Built OAI.Analysis.MutuallyUnbiased.MixedSemantics.Nodes72 (21s)
✔ [9778/10037] Built OAI.Analysis.MutuallyUnbiased.TaoCertificate.TargetMerge13 (24s)
✔ [9779/10037] Built OAI.Analysis.MutuallyUnbiased.Certificate.GramNonnegative (18s)
✔ [9780/10037] Built OAI.Analysis.MutuallyUnbiased.MixedSemantics.Nodes73 (22s)
✔ [9781/10037] Built OAI.Analysis.MutuallyUnbiased.TaoCertificate.Merge12 (23s)
✔ [9782/10037] Built OAI.Analysis.MutuallyUnbiased.MixedMerge.Block17 (34s)
✔ [9783/10037] Built OAI.Analysis.MutuallyUnbiased.MixedSemantics.Nodes74 (19s)
✔ [9784/10037] Built OAI.Analysis.MutuallyUnbiased.PairSemantics.Sound9 (62s)
✔ [9785/10037] Built OAI.Analysis.MutuallyUnbiased.PairSemantics.Sound19 (152s)
✔ [9786/10037] Built OAI.Analysis.MutuallyUnbiased.PairSemantics.Sound18 (153s)
✔ [9787/10037] Built OAI.Analysis.MutuallyUnbiased.PairSemantics.Sound14 (156s)
✔ [9788/10037] Built OAI.Analysis.MutuallyUnbiased.PairSemantics.Sound15 (157s)
✔ [9789/10037] Built OAI.Analysis.MutuallyUnbiased.PairSemantics.Sound12 (151s)
✔ [9790/10037] Built OAI.Analysis.MutuallyUnbiased.PairSemantics.Sound16 (159s)
✔ [9791/10037] Built OAI.Analysis.MutuallyUnbiased.PairSemantics.Sound13 (174s)
✔ [9792/10038] Built OAI.Analysis.MutuallyUnbiased.MixedSemantics.Nodes75 (35s)
✔ [9793/10038] Built OAI.Analysis.MutuallyUnbiased.MixedSemantics.Nodes76 (40s)
✔ [9794/10039] Built OAI.Analysis.MutuallyUnbiased.PairSemantics.Sound8 (208s)
✔ [9795/10039] Built OAI.Analysis.MutuallyUnbiased.PairSemantics.Sound10 (144s)
✔ [9796/10039] Built OAI.Analysis.MutuallyUnbiased.TaoCertificate.Merge13 (51s)
✔ [9797/10039] Built OAI.Analysis.MutuallyUnbiased.PairSemantics.Sound6 (162s)
✔ [9798/10039] Built OAI.Analysis.MutuallyUnbiased.PairSemantics.Sound20 (164s)
✔ [9799/10039] Built OAI.Analysis.MutuallyUnbiased.MixedMerge.Block18 (58s)
✔ [9800/10039] Built OAI.Analysis.MutuallyUnbiased.PairSemantics.Sound17 (173s)
✔ [9801/10039] Built OAI.Analysis.MutuallyUnbiased.PairSemantics.Sound11 (177s)
✔ [9802/10040] Built OAI.Analysis.MutuallyUnbiased.PairSemantics.Sound5 (188s)
✔ [9803/10040] Built OAI.Analysis.MutuallyUnbiased.PairTargets.Partition1 (33s)
✔ [9804/10040] Built OAI.Analysis.MutuallyUnbiased.PairTargets.Partition3 (31s)
✔ [9805/10040] Built OAI.Analysis.MutuallyUnbiased.PairTargets.Partition5 (39s)
✔ [9806/10041] Built OAI.Analysis.MutuallyUnbiased.PairTargets.Partition4 (22s)
✔ [9807/10041] Built OAI.Analysis.MutuallyUnbiased.PairTargets.Partition15 (21s)
✔ [9808/10041] Built OAI.Analysis.MutuallyUnbiased.PairTargets.Partition20 (21s)
✔ [9809/10041] Built OAI.Analysis.MutuallyUnbiased.MixedSemantics.Nodes77 (19s)
✔ [9810/10041] Built OAI.Analysis.MutuallyUnbiased.PairTargets.Partition10 (24s)
✔ [9811/10041] Built OAI.Analysis.MutuallyUnbiased.MixedSemantics.Nodes78 (22s)
✔ [9812/10041] Built OAI.Analysis.MutuallyUnbiased.TaoCertificate.Merge14 (24s)
✔ [9813/10041] Built OAI.Analysis.MutuallyUnbiased.PairTargets.Partition2 (25s)
✔ [9814/10042] Built OAI.Analysis.MutuallyUnbiased.MixedMerge.Block19 (26s)
✔ [9815/10042] Built OAI.Analysis.MutuallyUnbiased.MixedSemantics.Nodes79 (21s)
✔ [9816/10042] Built OAI.Analysis.MutuallyUnbiased.PairTargets.Weighted3 (19s)
✔ [9817/10042] Built OAI.Analysis.MutuallyUnbiased.PairTargets.Weighted1 (19s)
✔ [9818/10042] Built OAI.Analysis.MutuallyUnbiased.PairTargets.Weighted5 (18s)
✔ [9819/10042] Built OAI.Analysis.MutuallyUnbiased.MixedSemantics.Nodes80 (26s)
✔ [9820/10043] Built OAI.Analysis.MutuallyUnbiased.PairTargets.Weighted15 (25s)
✔ [9821/10043] Built OAI.Analysis.MutuallyUnbiased.PairTargets.Weighted4 (58s)
✔ [9822/10043] Built OAI.Analysis.MutuallyUnbiased.PairTargets.Weighted20 (58s)
✔ [9823/10043] Built OAI.Analysis.MutuallyUnbiased.PairTargets.Weighted10 (88s)
✔ [9824/10043] Built OAI.Analysis.MutuallyUnbiased.TaoCertificate.Merge15 (90s)
✔ [9825/10043] Built OAI.Analysis.MutuallyUnbiased.PairSemantics.Sound27 (247s)
✔ [9826/10044] Built OAI.Analysis.MutuallyUnbiased.MixedMerge.Block20 (37s)
✔ [9827/10044] Built OAI.Analysis.MutuallyUnbiased.PairSemantics.Sound21 (269s)
✔ [9828/10044] Built OAI.Analysis.MutuallyUnbiased.PairSemantics.Sound38 (292s)
✔ [9829/10045] Built OAI.Analysis.MutuallyUnbiased.PairSemantics.Sound23 (297s)
✔ [9830/10045] Built OAI.Analysis.MutuallyUnbiased.PairTargets.Weighted2 (73s)
✔ [9831/10046] Built OAI.Analysis.MutuallyUnbiased.MixedSemantics.Nodes81 (55s)
✔ [9832/10046] Built OAI.Analysis.MutuallyUnbiased.MixedSemantics.Nodes82 (41s)
✔ [9833/10046] Built OAI.Analysis.MutuallyUnbiased.TaoCertificate.Merge16 (29s)
✔ [9834/10046] Built OAI.Analysis.MutuallyUnbiased.PairSemantics.Sound29 (311s)
✔ [9835/10046] Built OAI.Analysis.MutuallyUnbiased.MixedSemantics.Nodes83 (23s)
✔ [9836/10046] Built OAI.Analysis.MutuallyUnbiased.MixedMerge.Block21 (42s)
✔ [9837/10046] Built OAI.Analysis.MutuallyUnbiased.PairSemantics.Sound22 (335s)
✔ [9838/10046] Built OAI.Analysis.MutuallyUnbiased.PairSemantics.Sound43 (244s)
✔ [9839/10046] Built OAI.Analysis.MutuallyUnbiased.PairSemantics.Sound35 (264s)
✔ [9840/10046] Built OAI.Analysis.MutuallyUnbiased.PairSemantics.Sound26 (253s)
✔ [9841/10046] Built OAI.Analysis.MutuallyUnbiased.PairSemantics.Sound28 (257s)
✔ [9842/10046] Built OAI.Analysis.MutuallyUnbiased.PairSemantics.Sound32 (265s)
✔ [9843/10046] Built OAI.Analysis.MutuallyUnbiased.PairSemantics.Sound39 (253s)
✔ [9844/10046] Built OAI.Analysis.MutuallyUnbiased.PairSemantics.Sound41 (257s)
✔ [9845/10046] Built OAI.Analysis.MutuallyUnbiased.PairSemantics.Sound42 (251s)
✔ [9846/10046] Built OAI.Analysis.MutuallyUnbiased.PairSemantics.Sound36 (260s)
✔ [9847/10046] Built OAI.Analysis.MutuallyUnbiased.PairSemantics.Sound40 (254s)
✔ [9848/10047] Built OAI.Analysis.MutuallyUnbiased.PairSemantics.Sound25 (254s)
✔ [9849/10049] Built OAI.Analysis.MutuallyUnbiased.PairSemantics.Sound34 (274s)
✔ [9850/10049] Built OAI.Analysis.MutuallyUnbiased.PairSemantics.Sound30 (243s)
✔ [9851/10049] Built OAI.Analysis.MutuallyUnbiased.PairSemantics.Sound24 (281s)
✔ [9852/10049] Built OAI.Analysis.MutuallyUnbiased.PairSemantics.Sound37 (300s)
✔ [9853/10049] Built OAI.Analysis.MutuallyUnbiased.MixedSemantics.Nodes85 (39s)
✔ [9854/10049] Built OAI.Analysis.MutuallyUnbiased.MixedSemantics.Nodes84 (41s)
✔ [9855/10049] Built OAI.Analysis.MutuallyUnbiased.TaoCertificate.Merge17 (35s)
✔ [9856/10049] Built OAI.Analysis.MutuallyUnbiased.MixedMerge.Block22 (36s)
✔ [9857/10049] Built OAI.Analysis.MutuallyUnbiased.PairTargets.Partition23 (39s)
✔ [9858/10049] Built OAI.Analysis.MutuallyUnbiased.PairTargets.Partition19 (32s)
✔ [9859/10049] Built OAI.Analysis.MutuallyUnbiased.PairSemantics.Sound33 (342s)
✔ [9860/10049] Built OAI.Analysis.MutuallyUnbiased.PairTargets.Partition8 (35s)
✔ [9861/10049] Built OAI.Analysis.MutuallyUnbiased.PairTargets.Partition9 (34s)
✔ [9862/10049] Built OAI.Analysis.MutuallyUnbiased.PairTargets.Partition16 (35s)
✔ [9863/10049] Built OAI.Analysis.MutuallyUnbiased.PairTargets.Partition21 (34s)
✔ [9864/10049] Built OAI.Analysis.MutuallyUnbiased.MixedSemantics.PairAverage (16s)
✔ [9865/10049] Built OAI.Analysis.MutuallyUnbiased.PairTargets.Partition12 (46s)
✔ [9866/10049] Built OAI.Analysis.MutuallyUnbiased.PairTargets.Partition13 (36s)
✔ [9867/10050] Built OAI.Analysis.MutuallyUnbiased.PairTargets.Partition14 (37s)
✔ [9868/10050] Built OAI.Analysis.MutuallyUnbiased.PairTargets.Partition17 (36s)
✔ [9869/10050] Built OAI.Analysis.MutuallyUnbiased.PairTargets.Partition7 (35s)
✔ [9870/10050] Built OAI.Analysis.MutuallyUnbiased.PairTargets.Partition22 (37s)
✔ [9871/10050] Built OAI.Analysis.MutuallyUnbiased.MixedSemantics.Meaning (16s)
✔ [9872/10050] Built OAI.Analysis.MutuallyUnbiased.PairTargets.Partition11 (35s)
✔ [9873/10051] Built OAI.Analysis.MutuallyUnbiased.PairTargets.Weighted23 (20s)
✔ [9874/10051] Built OAI.Analysis.MutuallyUnbiased.PairTargets.Weighted19 (20s)
✔ [9875/10051] Built OAI.Analysis.MutuallyUnbiased.TaoCertificate.Merge18 (24s)
✔ [9876/10051] Built OAI.Analysis.MutuallyUnbiased.PairTargets.Weighted9 (19s)
✔ [9877/10051] Built OAI.Analysis.MutuallyUnbiased.PairTargets.Weighted8 (18s)
✔ [9878/10051] Built OAI.Analysis.MutuallyUnbiased.PairTargets.Weighted16 (18s)
✔ [9879/10051] Built OAI.Analysis.MutuallyUnbiased.MixedMerge.Block23 (49s)
✔ [9880/10052] Built OAI.Analysis.MutuallyUnbiased.PairTargets.Weighted12 (21s)
✔ [9881/10052] Built OAI.Analysis.MutuallyUnbiased.PairTargets.Weighted21 (21s)
✔ [9882/10052] Built OAI.Analysis.MutuallyUnbiased.PairTargets.Weighted13 (19s)
✔ [9883/10052] Built OAI.Analysis.MutuallyUnbiased.MixedSemantics.KeyMap0 (16s)
✔ [9884/10052] Built OAI.Analysis.MutuallyUnbiased.PairTargets.Weighted7 (23s)
✔ [9885/10052] Built OAI.Analysis.MutuallyUnbiased.PairTargets.Weighted14 (23s)
✔ [9886/10052] Built OAI.Analysis.MutuallyUnbiased.PairTargets.Weighted17 (24s)
✔ [9887/10053] Built OAI.Analysis.MutuallyUnbiased.PairTargets.Weighted22 (20s)
✔ [9888/10053] Built OAI.Analysis.MutuallyUnbiased.MixedSemantics.KeyMap1 (34s)
✔ [9889/10053] Built OAI.Analysis.MutuallyUnbiased.MixedSemantics.Coordinates (36s)
✔ [9890/10054] Built OAI.Analysis.MutuallyUnbiased.PairTargets.Weighted11 (37s)
✔ [9891/10055] Built OAI.Analysis.MutuallyUnbiased.TaoCertificate.Merge19 (39s)
✔ [9892/10055] Built OAI.Analysis.MutuallyUnbiased.PairSemantics.Sound31 (254s)
✔ [9893/10056] Built OAI.Analysis.MutuallyUnbiased.MixedMerge.Block24 (28s)
✔ [9894/10058] Built OAI.Analysis.MutuallyUnbiased.MixedSemantics.KeyMap2 (28s)
✔ [9895/10058] Built OAI.Analysis.MutuallyUnbiased.MixedSemantics.KeyMap3 (27s)
✔ [9896/10058] Built OAI.Analysis.MutuallyUnbiased.MixedSemantics.KeyMap4 (25s)
✔ [9897/10059] Built OAI.Analysis.MutuallyUnbiased.TaoCertificate.Merge20 (23s)
✔ [9898/10060] Built OAI.Analysis.MutuallyUnbiased.MixedSemantics.KeyMap5 (20s)
✔ [9899/10061] Built OAI.Analysis.MutuallyUnbiased.MixedSemantics.KeyMap6 (20s)
✔ [9900/10061] Built OAI.Analysis.MutuallyUnbiased.MixedSemantics.KeyMap7 (20s)
✔ [9901/10062] Built OAI.Analysis.MutuallyUnbiased.PairSemantics.Boundary3 (170s)
✔ [9902/10062] Built OAI.Analysis.MutuallyUnbiased.MixedSemantics.KeyMap8 (20s)
✔ [9903/10064] Built OAI.Analysis.MutuallyUnbiased.MixedSemantics.KeyMap9 (17s)
✔ [9904/10064] Built OAI.Analysis.MutuallyUnbiased.MixedSemantics.KeyMap10 (17s)
✔ [9905/10065] Built OAI.Analysis.MutuallyUnbiased.MixedSemantics.KeyMap11 (17s)
✔ [9906/10066] Built OAI.Analysis.MutuallyUnbiased.TaoCertificate.Merge21 (22s)
✔ [9907/10067] Built OAI.Analysis.MutuallyUnbiased.PairSemantics.Boundary9 (192s)
✔ [9908/10067] Built OAI.Analysis.MutuallyUnbiased.MixedMerge.Block25 (47s)
✔ [9909/10068] Built OAI.Analysis.MutuallyUnbiased.PairSources.Rows3 (19s)
✔ [9910/10069] Built OAI.Analysis.MutuallyUnbiased.MixedSemantics.KeyMap12 (16s)
✔ [9911/10069] Built OAI.Analysis.MutuallyUnbiased.MixedSemantics.KeyMap13 (16s)
✔ [9912/10070] Built OAI.Analysis.MutuallyUnbiased.MixedSemantics.KeyMap14 (16s)
✔ [9913/10071] Built OAI.Analysis.MutuallyUnbiased.MixedSemantics.KeyMap15 (16s)
✔ [9914/10073] Built OAI.Analysis.MutuallyUnbiased.MixedSemantics.KeyMap16 (16s)
✔ [9915/10073] Built OAI.Analysis.MutuallyUnbiased.MixedSemantics.KeyMap17 (16s)
✔ [9916/10074] Built OAI.Analysis.MutuallyUnbiased.TaoCertificate.Merge22 (22s)
✔ [9917/10074] Built OAI.Analysis.MutuallyUnbiased.MixedSemantics.KeyMap18 (16s)
✔ [9918/10075] Built OAI.Analysis.MutuallyUnbiased.MixedSemantics.KeyMap19 (16s)
✔ [9919/10076] Built OAI.Analysis.MutuallyUnbiased.MixedSemantics.KeyMap20 (16s)
✔ [9920/10078] Built OAI.Analysis.MutuallyUnbiased.MixedSemantics.KeyMap21 (16s)
✔ [9921/10078] Built OAI.Analysis.MutuallyUnbiased.MixedSemantics.KeyMap22 (16s)
✔ [9922/10079] Built OAI.Analysis.MutuallyUnbiased.MixedMerge.Block26 (28s)
✔ [9923/10080] Built OAI.Analysis.MutuallyUnbiased.MixedSemantics.KeyMap23 (16s)
✔ [9924/10080] Built OAI.Analysis.MutuallyUnbiased.MixedSemantics.KeyMap24 (16s)
✔ [9925/10081] Built OAI.Analysis.MutuallyUnbiased.TaoCertificate.Merge23 (21s)
✔ [9926/10081] Built OAI.Analysis.MutuallyUnbiased.MixedSemantics.KeyMap25 (16s)
✔ [9927/10083] Built OAI.Analysis.MutuallyUnbiased.MixedSemantics.KeyMap26 (17s)
✔ [9928/10083] Built OAI.Analysis.MutuallyUnbiased.MixedSemantics.KeyMap27 (17s)
✔ [9929/10084] Built OAI.Analysis.MutuallyUnbiased.MixedSemantics.KeyMap28 (16s)
✔ [9930/10085] Built OAI.Analysis.MutuallyUnbiased.MixedSemantics.KeyMap29 (15s)
✔ [9931/10086] Built OAI.Analysis.MutuallyUnbiased.MixedSemantics.KeyMap30 (15s)
✔ [9932/10087] Built OAI.Analysis.MutuallyUnbiased.TaoCertificate.Merge24 (21s)
✔ [9933/10089] Built OAI.Analysis.MutuallyUnbiased.MixedSemantics.KeyMap31 (17s)
✔ [9934/10089] Built OAI.Analysis.MutuallyUnbiased.MixedSemantics.KeyMap32 (17s)
✔ [9935/10089] Built OAI.Analysis.MutuallyUnbiased.MixedSemantics.KeyMap33 (17s)
✔ [9936/10090] Built OAI.Analysis.MutuallyUnbiased.MixedSemantics.KeyMap34 (16s)
✔ [9937/10091] Built OAI.Analysis.MutuallyUnbiased.MixedSemantics.KeyMap35 (15s)
✔ [9938/10092] Built OAI.Analysis.MutuallyUnbiased.MixedSemantics.KeyMap36 (16s)
✔ [9939/10093] Built OAI.Analysis.MutuallyUnbiased.MixedSemantics.KeyMap37 (17s)
✔ [9940/10093] Built OAI.Analysis.MutuallyUnbiased.MixedSemantics.KeyMap38 (17s)
✔ [9941/10095] Built OAI.Analysis.MutuallyUnbiased.MixedMerge.Block27 (50s)
✔ [9942/10096] Built OAI.Analysis.MutuallyUnbiased.MixedSemantics.KeyMap39 (17s)
✔ [9943/10097] Built OAI.Analysis.MutuallyUnbiased.TaoCertificate.Merge25 (22s)
✔ [9944/10097] Built OAI.Analysis.MutuallyUnbiased.MixedSemantics.KeyMap40 (16s)
✔ [9945/10098] Built OAI.Analysis.MutuallyUnbiased.MixedSemantics.KeyMap41 (16s)
✔ [9946/10099] Built OAI.Analysis.MutuallyUnbiased.MixedSemantics.KeyMap42 (16s)
✔ [9947/10099] Built OAI.Analysis.MutuallyUnbiased.MixedSemantics.KeyMap43 (16s)
✔ [9948/10102] Built OAI.Analysis.MutuallyUnbiased.MixedSemantics.KeyMap44 (17s)
✔ [9949/10103] Built OAI.Analysis.MutuallyUnbiased.MixedSemantics.KeyMap45 (16s)
✔ [9950/10104] Built OAI.Analysis.MutuallyUnbiased.MixedSemantics.KeyMap46 (15s)
✔ [9951/10105] Built OAI.Analysis.MutuallyUnbiased.MixedSemantics.KeyMap47 (17s)
✔ [9952/10105] Built OAI.Analysis.MutuallyUnbiased.MixedSemantics.KeyMap48 (17s)
✔ [9953/10107] Built OAI.Analysis.MutuallyUnbiased.TaoCertificate.Merge26 (21s)
✔ [9954/10108] Built OAI.Analysis.MutuallyUnbiased.MixedSemantics.KeyMap49 (17s)
✔ [9955/10108] Built OAI.Analysis.MutuallyUnbiased.MixedSemantics.KeyMap50 (17s)
✔ [9956/10109] Built OAI.Analysis.MutuallyUnbiased.MixedSemantics.Values0 (19s)
✔ [9957/10110] Built OAI.Analysis.MutuallyUnbiased.MixedSemantics.Values35 (18s)
✔ [9958/10110] Built OAI.Analysis.MutuallyUnbiased.MixedSemantics.Values42 (18s)
✔ [9959/10111] Built OAI.Analysis.MutuallyUnbiased.MixedSemantics.Values43 (18s)
✔ [9960/10112] Built OAI.Analysis.MutuallyUnbiased.MixedSemantics.Values48 (19s)
✔ [9961/10113] Built OAI.Analysis.MutuallyUnbiased.TaoCertificate.Merge27 (24s)
✔ [9962/10113] Built OAI.Analysis.MutuallyUnbiased.MixedSemantics.Values5 (20s)
✔ [9963/10114] Built OAI.Analysis.MutuallyUnbiased.PairSemantics.Sound44 (350s)
✔ [9964/10115] Built OAI.Analysis.MutuallyUnbiased.MixedSemantics.KeyMap (17s)
✔ [9965/10115] Built OAI.Analysis.MutuallyUnbiased.MixedSemantics.Values59 (18s)
✔ [9966/10115] Built OAI.Analysis.MutuallyUnbiased.MixedSemantics.Values60 (17s)
✔ [9967/10115] Built OAI.Analysis.MutuallyUnbiased.MixedSemantics.Values61 (18s)
✔ [9968/10115] Built OAI.Analysis.MutuallyUnbiased.MixedMerge.Block28 (74s)
✔ [9969/10115] Built OAI.Analysis.MutuallyUnbiased.MixedSemantics.Values62 (18s)
✔ [9970/10115] Built OAI.Analysis.MutuallyUnbiased.MixedSemantics.Values63 (16s)
✔ [9971/10115] Built OAI.Analysis.MutuallyUnbiased.TaoCertificate.Merge28 (22s)
✔ [9972/10115] Built OAI.Analysis.MutuallyUnbiased.PairSemantics.Sound54 (94s)
✔ [9973/10115] Built OAI.Analysis.MutuallyUnbiased.PairSemantics.Sound53 (357s)
✔ [9974/10115] Built OAI.Analysis.MutuallyUnbiased.PairSemantics.Sound52 (470s)
✔ [9975/10115] Built OAI.Analysis.MutuallyUnbiased.PairSemantics.Sound48 (499s)
✔ [9976/10115] Built OAI.Analysis.MutuallyUnbiased.PairSemantics.Sound49 (504s)
✔ [9977/10115] Built OAI.Analysis.MutuallyUnbiased.PairSemantics.Sound50 (506s)
✔ [9978/10116] Built OAI.Analysis.MutuallyUnbiased.PairSemantics.Sound45 (517s)
✔ [9979/10116] Built OAI.Analysis.MutuallyUnbiased.MixedSemantics.Values64 (27s)
✔ [9980/10117] Built OAI.Analysis.MutuallyUnbiased.PairSemantics.Sound51 (541s)
✔ [9981/10117] Built OAI.Analysis.MutuallyUnbiased.MixedSemantics.NumericVector (26s)
✔ [9982/10117] Built OAI.Analysis.MutuallyUnbiased.PairTargets.Partition18 (44s)
✔ [9983/10117] Built OAI.Analysis.MutuallyUnbiased.PairTargets.Partition24 (59s)
✔ [9984/10118] Built OAI.Analysis.MutuallyUnbiased.PairTargets.Partition6 (81s)
✔ [9985/10118] Built OAI.Analysis.MutuallyUnbiased.MixedSemantics.Values7 (18s)
✔ [9986/10118] Built OAI.Analysis.MutuallyUnbiased.MixedSemantics.Values76 (19s)
✔ [9987/10118] Built OAI.Analysis.MutuallyUnbiased.TaoCertificate.Merge29 (23s)
✔ [9988/10118] Built OAI.Analysis.MutuallyUnbiased.MixedMerge.Block29 (40s)
✔ [9989/10119] Built OAI.Analysis.MutuallyUnbiased.PairTargets.Partition26 (39s)
✔ [9990/10119] Built OAI.Analysis.MutuallyUnbiased.MixedSemantics.Values8 (21s)
✔ [9991/10119] Built OAI.Analysis.MutuallyUnbiased.PairTargets.Partition25 (41s)
✔ [9992/10120] Built OAI.Analysis.MutuallyUnbiased.PairTargets.Weighted18 (20s)
✔ [9993/10120] Built OAI.Analysis.MutuallyUnbiased.PairTargets.Weighted24 (22s)
✔ [9994/10120] Built OAI.Analysis.MutuallyUnbiased.MixedSemantics.Values82 (19s)
✔ [9995/10122] Built OAI.Analysis.MutuallyUnbiased.PairTargets.Weighted6 (20s)
✔ [9996/10122] Built OAI.Analysis.MutuallyUnbiased.TaoCertificate.Merge30 (23s)
✔ [9997/10122] Built OAI.Analysis.MutuallyUnbiased.PairTargets.Weighted26 (20s)
✔ [9998/10122] Built OAI.Analysis.MutuallyUnbiased.MixedSemantics.Values84 (18s)
✔ [9999/10124] Built OAI.Analysis.MutuallyUnbiased.PairTargets.Weighted25 (19s)
✔ [10000/10125] Built OAI.Analysis.MutuallyUnbiased.MixedSemantics.Values85 (18s)
✔ [10001/10125] Built OAI.Analysis.MutuallyUnbiased.MixedMerge.Block30 (43s)
✔ [10002/10125] Built OAI.Analysis.MutuallyUnbiased.MixedSources.Basic (16s)
✔ [10003/10126] Built OAI.Analysis.MutuallyUnbiased.PairSemantics.Sound46 (558s)
✔ [10004/10128] Built OAI.Analysis.MutuallyUnbiased.TaoCertificate.Merge31 (22s)
✔ [10005/10128] Built OAI.Analysis.MutuallyUnbiased.MixedSemantics.Values47 (18s)
✔ [10006/10128] Built OAI.Analysis.MutuallyUnbiased.MixedSemantics.Values56 (17s)
✔ [10007/10128] Built OAI.Analysis.MutuallyUnbiased.MixedSemantics.Values6 (21s)
✔ [10008/10129] Built OAI.Analysis.MutuallyUnbiased.MixedMerge.Block31 (16s)
✔ [10009/10129] Built OAI.Analysis.MutuallyUnbiased.MixedSources.Arithmetic0 (30s)
✔ [10010/10129] Built OAI.Analysis.MutuallyUnbiased.MixedSemantics.SingleRules (24s)
✔ [10011/10129] Built OAI.Analysis.MutuallyUnbiased.TaoCertificate.Merge32 (27s)
✔ [10012/10131] Built OAI.Analysis.MutuallyUnbiased.MixedMerge.Block32 (20s)
✔ [10013/10131] Built OAI.Analysis.MutuallyUnbiased.MixedSemantics.Zeros85 (19s)
✔ [10014/10131] Built OAI.Analysis.MutuallyUnbiased.PairSemantics.Canonical281 (37s)
✔ [10015/10133] Built OAI.Analysis.MutuallyUnbiased.MixedMerge.Block33 (16s)
✔ [10016/10134] Built OAI.Analysis.MutuallyUnbiased.TaoCertificate.Merge33 (31s)
✔ [10017/10134] Built OAI.Analysis.MutuallyUnbiased.MixedSemantics.Canonical2 (44s)
✔ [10018/10134] Built OAI.Analysis.MutuallyUnbiased.MixedMerge.Block34 (22s)
✔ [10019/10135] Built OAI.Analysis.MutuallyUnbiased.PairSemantics.Boundary16 (108s)
✔ [10020/10135] Built OAI.Analysis.MutuallyUnbiased.MixedSemantics.SinglePriority (45s)
✔ [10021/10137] Built OAI.Analysis.MutuallyUnbiased.PairSemantics.Boundary10 (236s)
✔ [10022/10137] Built OAI.Analysis.MutuallyUnbiased.TaoCertificate.Merge34 (42s)
✔ [10023/10137] Built OAI.Analysis.MutuallyUnbiased.MixedSemantics.Singletons43 (36s)
✔ [10024/10137] Built OAI.Analysis.MutuallyUnbiased.MixedSemantics.Canonical4 (60s)
✔ [10025/10138] Built OAI.Analysis.MutuallyUnbiased.PairSources.Rows9 (29s)
✔ [10026/10140] Built OAI.Analysis.MutuallyUnbiased.MixedMerge.Block35 (51s)
✔ [10027/10140] Built OAI.Analysis.MutuallyUnbiased.MixedSemantics.Canonical13 (54s)
✔ [10028/10140] Built OAI.Analysis.MutuallyUnbiased.TaoCertificate.Merge35 (35s)
✔ [10029/10140] Built OAI.Analysis.MutuallyUnbiased.MixedSemantics.Canonical14 (52s)
✔ [10030/10142] Built OAI.Analysis.MutuallyUnbiased.MixedSemantics.Singletons60 (35s)
✔ [10031/10142] Built OAI.Analysis.MutuallyUnbiased.MixedSemantics.Singletons61 (36s)
✔ [10032/10142] Built OAI.Analysis.MutuallyUnbiased.PairSemantics.Boundary4 (218s)
✔ [10033/10146] Built OAI.Analysis.MutuallyUnbiased.MixedMerge.Block36 (30s)
✔ [10034/10146] Built OAI.Analysis.MutuallyUnbiased.TaoCertificate.Merge36 (28s)
✔ [10035/10147] Built OAI.Analysis.MutuallyUnbiased.MixedSemantics.Singletons76 (28s)
✔ [10036/10147] Built OAI.Analysis.MutuallyUnbiased.MixedSemantics.Canonical17 (54s)
✔ [10037/10148] Built OAI.Analysis.MutuallyUnbiased.MixedSemantics.Single0 (22s)
✔ [10038/10149] Built OAI.Analysis.MutuallyUnbiased.MixedSemantics.Canonical18 (62s)
✔ [10039/10149] Built OAI.Analysis.MutuallyUnbiased.TaoCertificate.Merge37 (29s)
✔ [10040/10150] Built OAI.Analysis.MutuallyUnbiased.MixedSemantics.Canonical19 (59s)
✔ [10041/10151] Built OAI.Analysis.MutuallyUnbiased.MixedSemantics.Single1 (28s)
✔ [10042/10151] Built OAI.Analysis.MutuallyUnbiased.MixedSemantics.Single2 (28s)
✔ [10043/10151] Built OAI.Analysis.MutuallyUnbiased.PairSemantics.Boundary11 (296s)
✔ [10044/10152] Built OAI.Analysis.MutuallyUnbiased.MixedSemantics.Single3 (20s)
✔ [10045/10152] Built OAI.Analysis.MutuallyUnbiased.MixedSemantics.Singletons82 (25s)
✔ [10046/10153] Built OAI.Analysis.MutuallyUnbiased.MixedSemantics.Canonical20 (64s)
✔ [10047/10153] Built OAI.Analysis.MutuallyUnbiased.TaoCertificate.Merge38 (23s)
✔ [10048/10153] Built OAI.Analysis.MutuallyUnbiased.MixedMerge.Block37 (91s)
✔ [10049/10155] Built OAI.Analysis.MutuallyUnbiased.MixedSemantics.Singletons84 (24s)
✔ [10050/10156] Built OAI.Analysis.MutuallyUnbiased.MixedSemantics.Single4 (19s)
✔ [10051/10156] Built OAI.Analysis.MutuallyUnbiased.MixedSemantics.Single5 (19s)
✔ [10052/10159] Built OAI.Analysis.MutuallyUnbiased.MixedSemantics.Single6 (17s)
✔ [10053/10161] Built OAI.Analysis.MutuallyUnbiased.PairSources.Rows10 (24s)
✔ [10054/10161] Built OAI.Analysis.MutuallyUnbiased.MixedMerge.Block38 (16s)
✔ [10055/10163] Built OAI.Analysis.MutuallyUnbiased.MixedSemantics.Single7 (20s)
✔ [10056/10165] Built OAI.Analysis.MutuallyUnbiased.MixedSemantics.Singletons85 (23s)
✔ [10057/10165] Built OAI.Analysis.MutuallyUnbiased.TaoCertificate.Merge39 (23s)
✔ [10058/10165] Built OAI.Analysis.MutuallyUnbiased.MixedMerge.Block39 (14s)
✔ [10059/10166] Built OAI.Analysis.MutuallyUnbiased.MixedSemantics.Zeros35 (21s)
✔ [10060/10167] Built OAI.Analysis.MutuallyUnbiased.MixedSemantics.Zeros42 (21s)
✔ [10061/10168] Built OAI.Analysis.MutuallyUnbiased.PairSemantics.Canonical0 (39s)
✔ [10062/10171] Built OAI.Analysis.MutuallyUnbiased.MixedSemantics.SoundPriority (24s)
✔ [10063/10171] Built OAI.Analysis.MutuallyUnbiased.PairSemantics.Canonical280 (41s)
✔ [10064/10171] Built OAI.Analysis.MutuallyUnbiased.PairSemantics.Canonical282 (45s)
✔ [10065/10171] Built OAI.Analysis.MutuallyUnbiased.TaoCertificate.Merge40 (23s)
✔ [10066/10171] Built OAI.Analysis.MutuallyUnbiased.MixedSemantics.Values4 (20s)
✔ [10067/10171] Built OAI.Analysis.MutuallyUnbiased.MixedSemantics.Sound42 (21s)
✔ [10068/10171] Built OAI.Analysis.MutuallyUnbiased.MixedSemantics.Sound35 (22s)
✔ [10069/10173] Built OAI.Analysis.MutuallyUnbiased.MixedMerge.Block40 (38s)
✔ [10070/10173] Built OAI.Analysis.MutuallyUnbiased.PairSemantics.Sound47 (701s)
✔ [10071/10175] Built OAI.Analysis.MutuallyUnbiased.PairSemantics.Canonical19 (33s)
✔ [10072/10175] Built OAI.Analysis.MutuallyUnbiased.TaoCertificate.Merge41 (22s)
✔ [10073/10175] Built OAI.Analysis.MutuallyUnbiased.MixedMerge.Block41 (21s)
✔ [10074/10175] Built OAI.Analysis.MutuallyUnbiased.MixedSemantics.SingleGroup1 (69s)
✔ [10075/10175] Built OAI.Analysis.MutuallyUnbiased.MixedSemantics.SingleGroup15 (69s)
✔ [10076/10175] Built OAI.Analysis.MutuallyUnbiased.MixedSemantics.SingleGroup0 (88s)
✔ [10077/10175] Built OAI.Analysis.MutuallyUnbiased.PairSemantics.Canonical20 (31s)
✔ [10078/10175] Built OAI.Analysis.MutuallyUnbiased.MixedSemantics.SingleGroup16 (61s)
✔ [10079/10175] Built OAI.Analysis.MutuallyUnbiased.MixedSemantics.SingleGroup2 (65s)
✔ [10080/10175] Built OAI.Analysis.MutuallyUnbiased.MixedSemantics.SingleGroup3 (84s)
✔ [10081/10175] Built OAI.Analysis.MutuallyUnbiased.PairSemantics.Boundary2 (170s)
✔ [10082/10175] Built OAI.Analysis.MutuallyUnbiased.PairSemantics.Boundary7 (197s)
✔ [10083/10175] Built OAI.Analysis.MutuallyUnbiased.PairSemantics.Boundary8 (221s)
✔ [10084/10175] Built OAI.Analysis.MutuallyUnbiased.PairSemantics.Boundary5 (198s)
✔ [10085/10175] Built OAI.Analysis.MutuallyUnbiased.PairSemantics.Boundary6 (213s)
✔ [10086/10175] Built OAI.Analysis.MutuallyUnbiased.PairSemantics.Boundary14 (240s)
✔ [10087/10176] Built OAI.Analysis.MutuallyUnbiased.PairSemantics.Boundary15 (260s)
✔ [10088/10176] Built OAI.Analysis.MutuallyUnbiased.MixedSemantics.Zeros4 (29s)
✔ [10089/10176] Built OAI.Analysis.MutuallyUnbiased.TaoCertificate.Merge42 (24s)
✔ [10090/10176] Built OAI.Analysis.MutuallyUnbiased.MixedMerge.Block42 (33s)
✔ [10091/10176] Built OAI.Analysis.MutuallyUnbiased.PairSemantics.Boundary13 (304s)
✔ [10092/10176] Built OAI.Analysis.MutuallyUnbiased.MixedSemantics.SingleGroup18 (123s)
✔ [10093/10176] Built OAI.Analysis.MutuallyUnbiased.MixedSemantics.Sound0 (53s)
✔ [10094/10176] Built OAI.Analysis.MutuallyUnbiased.MixedSemantics.SingleGroup17 (155s)
✔ [10095/10176] Built OAI.Analysis.MutuallyUnbiased.PairSemantics.Boundary0 (169s)
✔ [10096/10176] Built OAI.Analysis.MutuallyUnbiased.PairSources.Rows2 (50s)
✔ [10097/10177] Built OAI.Analysis.MutuallyUnbiased.PairSources.Rows7 (49s)
✔ [10098/10177] Built OAI.Analysis.MutuallyUnbiased.PairSemantics.Boundary1 (209s)
✔ [10099/10177] Built OAI.Analysis.MutuallyUnbiased.PairSources.Rows4 (30s)
✔ [10100/10177] Built OAI.Analysis.MutuallyUnbiased.PairSources.Rows5 (28s)
✔ [10101/10177] Built OAI.Analysis.MutuallyUnbiased.PairSources.Rows6 (25s)
✔ [10102/10177] Built OAI.Analysis.MutuallyUnbiased.PairSources.Rows8 (32s)
✔ [10103/10177] Built OAI.Analysis.MutuallyUnbiased.PairSources.Rows14 (25s)
✔ [10104/10178] Built OAI.Analysis.MutuallyUnbiased.PairSources.Rows15 (22s)
✔ [10105/10179] Built OAI.Analysis.MutuallyUnbiased.MixedMerge.Block43 (13s)
✔ [10106/10179] Built OAI.Analysis.MutuallyUnbiased.PairSources.Rows0 (20s)
✔ [10107/10180] Built OAI.Analysis.MutuallyUnbiased.PairSources.Rows13 (24s)
✔ [10108/10180] Built OAI.Analysis.MutuallyUnbiased.TaoCertificate.Merge43 (25s)
✔ [10109/10182] Built OAI.Analysis.MutuallyUnbiased.MixedSemantics.SingleGroup19 (134s)
✔ [10110/10182] Built OAI.Analysis.MutuallyUnbiased.PairSources.Rows1 (19s)
✔ [10111/10184] Built OAI.Analysis.MutuallyUnbiased.TaoCertificate.Merge44 (23s)
✔ [10112/10184] Built OAI.Analysis.MutuallyUnbiased.MixedSemantics.SingleGroup23 (72s)
✔ [10113/10184] Built OAI.Analysis.MutuallyUnbiased.MixedSemantics.SingleGroup24 (71s)
✔ [10114/10184] Built OAI.Analysis.MutuallyUnbiased.MixedMerge.Block44 (54s)
✔ [10115/10184] Built OAI.Analysis.MutuallyUnbiased.MixedSemantics.SingleGroup25 (59s)
✔ [10116/10185] Built OAI.Analysis.MutuallyUnbiased.MixedSemantics.Zeros6 (22s)
✔ [10117/10187] Built OAI.Analysis.MutuallyUnbiased.MixedSemantics.Zeros43 (26s)
✔ [10118/10190] Built OAI.Analysis.MutuallyUnbiased.MixedMerge.Block45 (25s)
✔ [10119/10190] Built OAI.Analysis.MutuallyUnbiased.MixedSemantics.Sound4 (52s)
✔ [10120/10192] Built OAI.Analysis.MutuallyUnbiased.TaoCertificate.Merge45 (39s)
✔ [10121/10194] Built OAI.Analysis.MutuallyUnbiased.MixedSemantics.Values3 (24s)
✔ [10122/10195] Built OAI.Analysis.MutuallyUnbiased.PairSemantics.Boundary12 (345s)
✔ [10123/10195] Built OAI.Analysis.MutuallyUnbiased.MixedSemantics.SingleGroup26 (96s)
✔ [10124/10197] Built OAI.Analysis.MutuallyUnbiased.MixedSemantics.SingleGroup27 (101s)
✔ [10125/10197] Built OAI.Analysis.MutuallyUnbiased.PairSemantics.Canonical13 (28s)
✔ [10126/10197] Built OAI.Analysis.MutuallyUnbiased.MixedMerge.Block46 (27s)
✔ [10127/10198] Built OAI.Analysis.MutuallyUnbiased.PairSemantics.Canonical12 (31s)
✔ [10128/10198] Built OAI.Analysis.MutuallyUnbiased.PairSemantics.Boundaries (20s)
✔ [10129/10198] Built OAI.Analysis.MutuallyUnbiased.PairSources.Rows11 (22s)
✔ [10130/10198] Built OAI.Analysis.MutuallyUnbiased.PairSources.Rows12 (25s)
✔ [10131/10198] Built OAI.Analysis.MutuallyUnbiased.MixedSemantics.Zeros5 (19s)
✔ [10132/10198] Built OAI.Analysis.MutuallyUnbiased.TaoCertificate.Merge46 (45s)
✔ [10133/10198] Built OAI.Analysis.MutuallyUnbiased.MixedSemantics.Sound6 (38s)
✔ [10134/10198] Built OAI.Analysis.MutuallyUnbiased.MixedSemantics.Zeros48 (19s)
✔ [10135/10201] Built OAI.Analysis.MutuallyUnbiased.MixedMerge.Block47 (41s)
✔ [10136/10201] Built OAI.Analysis.MutuallyUnbiased.MixedSemantics.SingleGroup20 (87s)
✔ [10137/10201] Built OAI.Analysis.MutuallyUnbiased.MixedSemantics.SingleGroup21 (98s)
✔ [10138/10201] Built OAI.Analysis.MutuallyUnbiased.MixedSemantics.SingleGroup22 (86s)
✔ [10139/10201] Built OAI.Analysis.MutuallyUnbiased.PairSources.Main (22s)
✔ [10140/10201] Built OAI.Analysis.MutuallyUnbiased.MixedSemantics.SingleGroup14 (86s)
✔ [10141/10202] Built OAI.Analysis.MutuallyUnbiased.MixedSemantics.Sound43 (27s)
✔ [10142/10203] Built OAI.Analysis.MutuallyUnbiased.MixedMerge.Block48 (22s)
✔ [10143/10203] Built OAI.Analysis.MutuallyUnbiased.MixedSemantics.SingleGroup13 (93s)
✔ [10144/10204] Built OAI.Analysis.MutuallyUnbiased.TaoCertificate.Merge47 (54s)
✔ [10145/10205] Built OAI.Analysis.MutuallyUnbiased.MixedSemantics.SingleGroup11 (86s)
✔ [10146/10205] Built OAI.Analysis.MutuallyUnbiased.PairTargets.Main (26s)
✔ [10147/10207] Built OAI.Analysis.MutuallyUnbiased.MixedSemantics.Canonical3 (52s)
✔ [10148/10207] Built OAI.Analysis.MutuallyUnbiased.MixedSemantics.Sound5 (44s)
✔ [10149/10208] Built OAI.Analysis.MutuallyUnbiased.MixedSemantics.SingleGroup12 (115s)
✔ [10150/10208] Built OAI.Analysis.MutuallyUnbiased.MixedMerge.Block49 (43s)
✔ [10151/10210] Built OAI.Analysis.MutuallyUnbiased.Fourier.FourierTheorem (19s)
✔ [10152/10210] Built OAI.Analysis.MutuallyUnbiased.MixedSemantics.Singletons48 (21s)
✔ [10153/10210] Built OAI.Analysis.MutuallyUnbiased.MixedSemantics.Zeros7 (18s)
✔ [10154/10210] Built OAI.Analysis.MutuallyUnbiased.MixedSemantics.Zeros59 (25s)
✔ [10155/10212] Built OAI.Analysis.MutuallyUnbiased.TaoCertificate.Merge48 (70s)
✔ [10156/10212] Built OAI.Analysis.MutuallyUnbiased.MixedMerge.Block50 (25s)
✔ [10157/10212] Built OAI.Analysis.MutuallyUnbiased.MixedSemantics.SingleGroup28 (95s)
✔ [10158/10215] Built OAI.Analysis.MutuallyUnbiased.MixedSemantics.Sound3 (44s)
✔ [10159/10215] Built OAI.Analysis.MutuallyUnbiased.MixedSemantics.SingleGroup30 (74s)
✔ [10160/10217] Built OAI.Analysis.MutuallyUnbiased.MixedSemantics.SingleGroup31 (76s)
✔ [10161/10217] Built OAI.Analysis.MutuallyUnbiased.MixedSemantics.Zeros60 (17s)
✔ [10162/10218] Built OAI.Analysis.MutuallyUnbiased.MixedSemantics.Singletons59 (19s)
✔ [10163/10221] Built OAI.Analysis.MutuallyUnbiased.MixedSemantics.SingleGroup29 (96s)
✔ [10164/10221] Built OAI.Analysis.MutuallyUnbiased.MixedSemantics.Zeros8 (19s)
✔ [10165/10224] Built OAI.Analysis.MutuallyUnbiased.MixedSemantics.Sound48 (31s)
✔ [10166/10226] Built OAI.Analysis.MutuallyUnbiased.MixedSemantics.Zeros61 (23s)
✔ [10167/10228] Built OAI.Analysis.MutuallyUnbiased.MixedSemantics.Zeros62 (22s)
✔ [10168/10228] Built OAI.Analysis.MutuallyUnbiased.MixedSemantics.SingleGroup32 (52s)
✔ [10169/10231] Built OAI.Analysis.MutuallyUnbiased.MixedSemantics.Sound7 (40s)
✔ [10170/10231] Built OAI.Analysis.MutuallyUnbiased.MixedMerge.Block51 (57s)
✔ [10171/10231] Built OAI.Analysis.MutuallyUnbiased.MixedSemantics.Zeros63 (23s)
✔ [10172/10231] Built OAI.Analysis.MutuallyUnbiased.MixedSemantics.Values9 (22s)
✔ [10173/10232] Built OAI.Analysis.MutuallyUnbiased.MixedSemantics.Values10 (22s)
✔ [10174/10234] Built OAI.Analysis.MutuallyUnbiased.MixedSemantics.Zeros10 (17s)
✔ [10175/10234] Built OAI.Analysis.MutuallyUnbiased.TaoCertificate.Merge49 (75s)
✔ [10176/10234] Built OAI.Analysis.MutuallyUnbiased.MixedSemantics.Canonical5 (47s)
✔ [10177/10234] Built OAI.Analysis.MutuallyUnbiased.MixedSemantics.Sound8 (23s)
✔ [10178/10235] Built OAI.Analysis.MutuallyUnbiased.MixedSemantics.Sound60 (28s)
✔ [10179/10235] Built OAI.Analysis.MutuallyUnbiased.MixedSemantics.Sound59 (30s)
✔ [10180/10236] Built OAI.Analysis.MutuallyUnbiased.MixedSemantics.Values11 (21s)
✔ [10181/10236] Built OAI.Analysis.MutuallyUnbiased.MixedMerge.Block52 (36s)
✔ [10182/10236] Built OAI.Analysis.MutuallyUnbiased.MixedSemantics.Sound9 (24s)
✔ [10183/10236] Built OAI.Analysis.MutuallyUnbiased.MixedSemantics.Zeros11 (21s)
✔ [10184/10240] Built OAI.Analysis.MutuallyUnbiased.MixedSemantics.Canonical0 (41s)
✔ [10185/10240] Built OAI.Analysis.MutuallyUnbiased.MixedSemantics.Singletons63 (15s)
✔ [10186/10240] Built OAI.Analysis.MutuallyUnbiased.MixedSemantics.Singletons62 (18s)
✔ [10187/10240] Built OAI.Analysis.MutuallyUnbiased.MixedSemantics.Zeros23 (16s)
✔ [10188/10240] Built OAI.Analysis.MutuallyUnbiased.MixedSemantics.Values23 (16s)
✔ [10189/10243] Built OAI.Analysis.MutuallyUnbiased.MixedSemantics.Sound11 (23s)
✔ [10190/10243] Built OAI.Analysis.MutuallyUnbiased.MixedSemantics.Sound61 (31s)
✔ [10191/10244] Built OAI.Analysis.MutuallyUnbiased.MixedSemantics.Singletons10 (21s)
✔ [10192/10246] Built OAI.Analysis.MutuallyUnbiased.MixedMerge.Block53 (32s)
✔ [10193/10246] Built OAI.Analysis.MutuallyUnbiased.MixedSemantics.Zeros64 (20s)
✔ [10194/10246] Built OAI.Analysis.MutuallyUnbiased.MixedSemantics.Sound63 (26s)
✔ [10195/10248] Built OAI.Analysis.MutuallyUnbiased.MixedSemantics.Values32 (18s)
✔ [10196/10249] Built OAI.Analysis.MutuallyUnbiased.MixedSemantics.Canonical1 (47s)
✔ [10197/10249] Built OAI.Analysis.MutuallyUnbiased.TaoCertificate.Merge50 (74s)
✔ [10198/10250] Built OAI.Analysis.MutuallyUnbiased.MixedSemantics.Zeros32 (22s)
✔ [10199/10251] Built OAI.Analysis.MutuallyUnbiased.MixedSemantics.Sound10 (30s)
✔ [10200/10251] Built OAI.Analysis.MutuallyUnbiased.MixedSemantics.Sound62 (36s)
✔ [10201/10251] Built OAI.Analysis.MutuallyUnbiased.MixedSemantics.Values33 (20s)
✔ [10202/10253] Built OAI.Analysis.MutuallyUnbiased.MixedSemantics.Values36 (19s)
✔ [10203/10254] Built OAI.Analysis.MutuallyUnbiased.MixedSemantics.Singletons23 (18s)
✔ [10204/10256] Built OAI.Analysis.MutuallyUnbiased.MixedSemantics.Canonical6 (49s)
✔ [10205/10257] Built OAI.Analysis.MutuallyUnbiased.MixedSemantics.Sound32 (19s)
✔ [10206/10257] Built OAI.Analysis.MutuallyUnbiased.MixedSemantics.Values2 (19s)
✔ [10207/10259] Built OAI.Analysis.MutuallyUnbiased.MixedMerge.Block54 (44s)
✔ [10208/10259] Built OAI.Analysis.MutuallyUnbiased.MixedSemantics.Sound33 (22s)
✔ [10209/10259] Built OAI.Analysis.MutuallyUnbiased.MixedSemantics.Zeros36 (20s)
✔ [10210/10260] Built OAI.Analysis.MutuallyUnbiased.PairSemantics.Canonical4 (33s)
✔ [10211/10260] Built OAI.Analysis.MutuallyUnbiased.MixedSemantics.Sound23 (29s)
✔ [10212/10262] Built OAI.Analysis.MutuallyUnbiased.MixedSemantics.Singletons64 (26s)
✔ [10213/10262] Built OAI.Analysis.MutuallyUnbiased.MixedMerge.Block55 (22s)
✔ [10214/10262] Built OAI.Analysis.MutuallyUnbiased.MixedSemantics.Singletons36 (15s)
✔ [10215/10263] Built OAI.Analysis.MutuallyUnbiased.MixedSemantics.Values37 (14s)
✔ [10216/10265] Built OAI.Analysis.MutuallyUnbiased.TaoCertificate.Merge51 (65s)
✔ [10217/10265] Built OAI.Analysis.MutuallyUnbiased.MixedSemantics.Sound64 (21s)
✔ [10218/10265] Built OAI.Analysis.MutuallyUnbiased.MixedSemantics.Zeros37 (17s)
✔ [10219/10265] Built OAI.Analysis.MutuallyUnbiased.MixedSemantics.Values38 (16s)
✔ [10220/10266] Built OAI.Analysis.MutuallyUnbiased.MixedSemantics.Zeros38 (14s)
✔ [10221/10268] Built OAI.Analysis.MutuallyUnbiased.MixedSemantics.SingleGroup9 (73s)
✔ [10222/10268] Built OAI.Analysis.MutuallyUnbiased.MixedSemantics.SingleGroup10 (86s)
✔ [10223/10271] Built OAI.Analysis.MutuallyUnbiased.MixedSemantics.Sound37 (18s)
✔ [10224/10271] Built OAI.Analysis.MutuallyUnbiased.MixedSemantics.Values51 (17s)
✔ [10225/10274] Built OAI.Analysis.MutuallyUnbiased.MixedSemantics.SingleGroup8 (64s)
✔ [10226/10276] Built OAI.Analysis.MutuallyUnbiased.MixedSemantics.Sound38 (21s)
✔ [10227/10276] Built OAI.Analysis.MutuallyUnbiased.MixedSemantics.Zeros51 (17s)
✔ [10228/10276] Built OAI.Analysis.MutuallyUnbiased.MixedSemantics.Values52 (17s)
✔ [10229/10278] Built OAI.Analysis.MutuallyUnbiased.MixedSemantics.SingleGroup7 (72s)
✔ [10230/10278] Built OAI.Analysis.MutuallyUnbiased.MixedSemantics.Zeros52 (15s)
✔ [10231/10278] Built OAI.Analysis.MutuallyUnbiased.MixedSemantics.Values53 (15s)
✔ [10232/10281] Built OAI.Analysis.MutuallyUnbiased.MixedSemantics.Zeros53 (15s)
✔ [10233/10281] Built OAI.Analysis.MutuallyUnbiased.MixedSemantics.Zeros76 (15s)
✔ [10234/10281] Built OAI.Analysis.MutuallyUnbiased.MixedSemantics.Sound51 (18s)
✔ [10235/10282] Built OAI.Analysis.MutuallyUnbiased.MixedMerge.Block56 (74s)
✔ [10236/10284] Built OAI.Analysis.MutuallyUnbiased.MixedSemantics.Zeros47 (17s)
✔ [10237/10284] Built OAI.Analysis.MutuallyUnbiased.TaoCertificate.Merge52 (69s)
✔ [10238/10284] Built OAI.Analysis.MutuallyUnbiased.MixedSemantics.Values54 (20s)
✔ [10239/10284] Built OAI.Analysis.MutuallyUnbiased.MixedSemantics.Sound52 (23s)
✔ [10240/10288] Built OAI.Analysis.MutuallyUnbiased.MixedSemantics.Sound53 (25s)
✔ [10241/10288] Built OAI.Analysis.MutuallyUnbiased.MixedSemantics.Zeros54 (22s)
✔ [10242/10288] Built OAI.Analysis.MutuallyUnbiased.MixedSemantics.Sound2 (38s)
✔ [10243/10289] Built OAI.Analysis.MutuallyUnbiased.MixedSemantics.Values55 (18s)
✔ [10244/10290] Built OAI.Analysis.MutuallyUnbiased.MixedSemantics.Zeros55 (16s)
✔ [10245/10290] Built OAI.Analysis.MutuallyUnbiased.MixedSemantics.Sound47 (20s)
✔ [10246/10292] Built OAI.Analysis.MutuallyUnbiased.MixedSemantics.Zeros56 (15s)
✔ [10247/10294] Built OAI.Analysis.MutuallyUnbiased.MixedSemantics.Zeros82 (15s)
✔ [10248/10294] Built OAI.Analysis.MutuallyUnbiased.MixedSemantics.Sound54 (18s)
✔ [10249/10295] Built OAI.Analysis.MutuallyUnbiased.MixedMerge.Block57 (46s)
✔ [10250/10295] Built OAI.Analysis.MutuallyUnbiased.MixedSemantics.Values58 (18s)
✔ [10251/10295] Built OAI.Analysis.MutuallyUnbiased.MixedSemantics.Sound36 (24s)
✔ [10252/10297] Built OAI.Analysis.MutuallyUnbiased.MixedSemantics.Sound55 (21s)
✔ [10253/10297] Built OAI.Analysis.MutuallyUnbiased.MixedSemantics.Zeros58 (18s)
✔ [10254/10298] Built OAI.Analysis.MutuallyUnbiased.MixedSemantics.Sound56 (21s)
✔ [10255/10299] Built OAI.Analysis.MutuallyUnbiased.MixedSemantics.Singletons58 (18s)
✔ [10256/10299] Built OAI.Analysis.MutuallyUnbiased.MixedSemantics.Zeros84 (16s)
✔ [10257/10300] Built OAI.Analysis.MutuallyUnbiased.MixedSemantics.SourceRules (18s)
✔ [10258/10300] Built OAI.Analysis.MutuallyUnbiased.MixedSemantics.Sound85 (25s)
✔ [10259/10301] Built OAI.Analysis.MutuallyUnbiased.MixedSemantics.Sound76 (24s)
✔ [10260/10302] Built OAI.Analysis.MutuallyUnbiased.MixedSemantics.Sound82 (26s)
✔ [10261/10305] Built OAI.Analysis.MutuallyUnbiased.MixedMerge.Block58 (40s)
✔ [10262/10305] Built OAI.Analysis.MutuallyUnbiased.TaoCertificate.Merge53 (85s)
✔ [10263/10305] Built OAI.Analysis.MutuallyUnbiased.MixedSemantics.Sound58 (39s)
✔ [10264/10305] Built OAI.Analysis.MutuallyUnbiased.MixedSemantics.Canonical21 (84s)
✔ [10265/10305] Built OAI.Analysis.MutuallyUnbiased.MixedMerge.Block59 (44s)
✔ [10266/10306] Built OAI.Analysis.MutuallyUnbiased.MixedSemantics.Canonical23 (75s)
✔ [10267/10308] Built OAI.Analysis.MutuallyUnbiased.MixedSemantics.Canonical24 (74s)
✔ [10268/10308] Built OAI.Analysis.MutuallyUnbiased.MixedSemantics.Canonical22 (97s)
✔ [10269/10310] Built OAI.Analysis.MutuallyUnbiased.MixedSemantics.Canonical26 (74s)
✔ [10270/10312] Built OAI.Analysis.MutuallyUnbiased.MixedSemantics.Values16 (17s)
✔ [10271/10314] Built OAI.Analysis.MutuallyUnbiased.MixedSemantics.Canonical25 (83s)
✔ [10272/10317] Built OAI.Analysis.MutuallyUnbiased.MixedSemantics.Sound84 (33s)
✔ [10273/10317] Built OAI.Analysis.MutuallyUnbiased.MixedSemantics.Values17 (20s)
✔ [10274/10317] Built OAI.Analysis.MutuallyUnbiased.MixedSemantics.Zeros16 (21s)
✔ [10275/10317] Built OAI.Analysis.MutuallyUnbiased.MixedSemantics.Zeros17 (18s)
✔ [10276/10318] Built OAI.Analysis.MutuallyUnbiased.MixedSemantics.Canonical27 (85s)
✔ [10277/10319] Built OAI.Analysis.MutuallyUnbiased.MixedMerge.Block60 (60s)
✔ [10278/10319] Built OAI.Analysis.MutuallyUnbiased.MixedSemantics.Sound16 (30s)
✔ [10279/10320] Built OAI.Analysis.MutuallyUnbiased.MixedSources.Arithmetic1 (43s)
✔ [10280/10320] Built OAI.Analysis.MutuallyUnbiased.MixedSemantics.Sound17 (32s)
✔ [10281/10321] Built OAI.Analysis.MutuallyUnbiased.MixedSemantics.Values12 (17s)
✔ [10282/10322] Built OAI.Analysis.MutuallyUnbiased.TaoCertificate.Merge54 (96s)
✔ [10283/10323] Built OAI.Analysis.MutuallyUnbiased.MixedSemantics.Canonical28 (73s)
✔ [10284/10323] Built OAI.Analysis.MutuallyUnbiased.MixedSemantics.Canonical29 (63s)
✔ [10285/10324] Built OAI.Analysis.MutuallyUnbiased.MixedSemantics.Values21 (13s)
✔ [10286/10325] Built OAI.Analysis.MutuallyUnbiased.MixedSemantics.Canonical30 (65s)
✔ [10287/10327] Built OAI.Analysis.MutuallyUnbiased.MixedSemantics.Values22 (14s)
✔ [10288/10327] Built OAI.Analysis.MutuallyUnbiased.MixedSemantics.Values29 (14s)
✔ [10289/10327] Built OAI.Analysis.MutuallyUnbiased.MixedSemantics.Values30 (15s)
✔ [10290/10329] Built OAI.Analysis.MutuallyUnbiased.MixedSemantics.Values31 (16s)
✔ [10291/10330] Built OAI.Analysis.MutuallyUnbiased.MixedSemantics.Values39 (16s)
✔ [10292/10333] Built OAI.Analysis.MutuallyUnbiased.MixedSemantics.Values49 (17s)
✔ [10293/10335] Built OAI.Analysis.MutuallyUnbiased.MixedSemantics.Values50 (18s)
✔ [10294/10338] Built OAI.Analysis.MutuallyUnbiased.MixedSemantics.Zeros12 (18s)
✔ [10295/10338] Built OAI.Analysis.MutuallyUnbiased.MixedSemantics.Values1 (20s)
✔ [10296/10338] Built OAI.Analysis.MutuallyUnbiased.MixedMerge.Block61 (61s)
✔ [10297/10338] Built OAI.Analysis.MutuallyUnbiased.PairSemantics.Canonical3 (28s)
✔ [10298/10339] Built OAI.Analysis.MutuallyUnbiased.MixedSources.Arithmetic2 (20s)
✔ [10299/10339] Built OAI.Analysis.MutuallyUnbiased.MixedSemantics.Zeros21 (16s)
✔ [10300/10339] Built OAI.Analysis.MutuallyUnbiased.MixedSemantics.Sound12 (18s)
✔ [10301/10341] Built OAI.Analysis.MutuallyUnbiased.MixedSemantics.Singletons21 (14s)
✔ [10302/10341] Built OAI.Analysis.MutuallyUnbiased.TaoCertificate.Merge55 (70s)
✔ [10303/10343] Built OAI.Analysis.MutuallyUnbiased.MixedSemantics.Zeros22 (14s)
✔ [10304/10343] Built OAI.Analysis.MutuallyUnbiased.MixedSemantics.Singletons22 (15s)
✔ [10305/10345] Built OAI.Analysis.MutuallyUnbiased.MixedSemantics.Sources1 (76s)
✔ [10306/10347] Built OAI.Analysis.MutuallyUnbiased.MixedMerge.Block62 (40s)
✔ [10307/10348] Built OAI.Analysis.MutuallyUnbiased.MixedSemantics.Zeros29 (15s)
✔ [10308/10348] Built OAI.Analysis.MutuallyUnbiased.MixedSemantics.Zeros30 (15s)
✔ [10309/10348] Built OAI.Analysis.MutuallyUnbiased.MixedSemantics.SingleGroup5 (60s)
✔ [10310/10350] Built OAI.Analysis.MutuallyUnbiased.MixedSemantics.SingleGroup6 (62s)
✔ [10311/10350] Built OAI.Analysis.MutuallyUnbiased.MixedSemantics.Zeros31 (17s)
✔ [10312/10350] Built OAI.Analysis.MutuallyUnbiased.MixedSemantics.SingleGroup4 (60s)
✔ [10313/10352] Built OAI.Analysis.MutuallyUnbiased.MixedSemantics.Sound30 (20s)
✔ [10314/10352] Built OAI.Analysis.MutuallyUnbiased.MixedMerge.Block63 (31s)
✔ [10315/10356] Built OAI.Analysis.MutuallyUnbiased.MixedSemantics.Sources0 (161s)
✔ [10316/10356] Built OAI.Analysis.MutuallyUnbiased.MixedSemantics.Sound29 (16s)
✔ [10317/10356] Built OAI.Analysis.MutuallyUnbiased.MixedSemantics.Zeros39 (14s)
✔ [10318/10356] Built OAI.Analysis.MutuallyUnbiased.MixedSemantics.Singletons39 (14s)
✔ [10319/10356] Built OAI.Analysis.MutuallyUnbiased.MixedSemantics.Sound31 (16s)
✔ [10320/10356] Built OAI.Analysis.MutuallyUnbiased.TaoCertificate.Merge56 (64s)
✔ [10321/10356] Built OAI.Analysis.MutuallyUnbiased.MixedSemantics.Singletons49 (17s)
✔ [10322/10357] Built OAI.Analysis.MutuallyUnbiased.MixedSemantics.Zeros50 (19s)
✔ [10323/10358] Built OAI.Analysis.MutuallyUnbiased.MixedSemantics.Sound1 (35s)
✔ [10324/10359] Built OAI.Analysis.MutuallyUnbiased.MixedSemantics.Singletons50 (24s)
✔ [10325/10359] Built OAI.Analysis.MutuallyUnbiased.MixedSources.Rows1 (30s)
✔ [10326/10359] Built OAI.Analysis.MutuallyUnbiased.MixedSources.Rows0 (29s)
✔ [10327/10359] Built OAI.Analysis.MutuallyUnbiased.MixedSemantics.Sound39 (33s)
✔ [10328/10360] Built OAI.Analysis.MutuallyUnbiased.MixedSemantics.Values15 (20s)
✔ [10329/10361] Built OAI.Analysis.MutuallyUnbiased.MixedSemantics.Values18 (25s)
✔ [10330/10362] Built OAI.Analysis.MutuallyUnbiased.MixedSemantics.Sound49 (44s)
✔ [10331/10363] Built OAI.Analysis.MutuallyUnbiased.MixedSemantics.Sound21 (36s)
✔ [10332/10366] Built OAI.Analysis.MutuallyUnbiased.MixedSemantics.Sound22 (43s)
✔ [10333/10366] Built OAI.Analysis.MutuallyUnbiased.MixedSemantics.Values19 (26s)
✔ [10334/10366] Built OAI.Analysis.MutuallyUnbiased.MixedMerge.Block64 (79s)
✔ [10335/10368] Built OAI.Analysis.MutuallyUnbiased.MixedSemantics.Values25 (24s)
✔ [10336/10368] Built OAI.Analysis.MutuallyUnbiased.MixedSemantics.Sound50 (40s)
✔ [10337/10370] Built OAI.Analysis.MutuallyUnbiased.MixedSemantics.Values27 (21s)
✔ [10338/10370] Built OAI.Analysis.MutuallyUnbiased.MixedSemantics.Values34 (19s)
✔ [10339/10372] Built OAI.Analysis.MutuallyUnbiased.MixedSemantics.Values41 (17s)
✔ [10340/10374] Built OAI.Analysis.MutuallyUnbiased.MixedSemantics.Values44 (16s)
✔ [10341/10376] Built OAI.Analysis.MutuallyUnbiased.MixedSemantics.Values40 (18s)
✔ [10342/10376] Built OAI.Analysis.MutuallyUnbiased.MixedSemantics.Zeros15 (15s)
✔ [10343/10378] Built OAI.Analysis.MutuallyUnbiased.TaoCertificate.Merge57 (89s)
✔ [10344/10378] Built OAI.Analysis.MutuallyUnbiased.MixedSemantics.Singletons18 (16s)
✔ [10345/10378] Built OAI.Analysis.MutuallyUnbiased.MixedSources.Rows2 (21s)
✔ [10346/10380] Built OAI.Analysis.MutuallyUnbiased.MixedSemantics.Zeros25 (16s)
✔ [10347/10380] Built OAI.Analysis.MutuallyUnbiased.MixedSemantics.Singletons19 (17s)
✔ [10348/10380] Built OAI.Analysis.MutuallyUnbiased.MixedMerge.Block65 (28s)
✔ [10349/10382] Built OAI.Analysis.MutuallyUnbiased.MixedSources.Arithmetic3 (21s)
✔ [10350/10382] Built OAI.Analysis.MutuallyUnbiased.MixedSemantics.Zeros27 (16s)
✔ [10351/10382] Built OAI.Analysis.MutuallyUnbiased.MixedSemantics.Sound15 (19s)
✔ [10352/10383] Built OAI.Analysis.MutuallyUnbiased.MixedSemantics.Zeros34 (17s)
✔ [10353/10383] Built OAI.Analysis.MutuallyUnbiased.MixedSemantics.Singletons40 (20s)
✔ [10354/10385] Built OAI.Analysis.MutuallyUnbiased.MixedSemantics.Sound25 (24s)
✔ [10355/10385] Built OAI.Analysis.MutuallyUnbiased.MixedSemantics.Sound18 (32s)
✔ [10356/10385] Built OAI.Analysis.MutuallyUnbiased.MixedSemantics.Sound19 (29s)
✔ [10357/10389] Built OAI.Analysis.MutuallyUnbiased.MixedSemantics.Singletons41 (23s)
✔ [10358/10389] Built OAI.Analysis.MutuallyUnbiased.MixedSemantics.Sound27 (26s)
✔ [10359/10389] Built OAI.Analysis.MutuallyUnbiased.MixedSemantics.Zeros44 (18s)
✔ [10360/10391] Built OAI.Analysis.MutuallyUnbiased.MixedSemantics.Sound34 (25s)
✔ [10361/10393] Built OAI.Analysis.MutuallyUnbiased.MixedSemantics.Singletons44 (18s)
✔ [10362/10393] Built OAI.Analysis.MutuallyUnbiased.MixedMerge.Block66 (52s)
✔ [10363/10395] Built OAI.Analysis.MutuallyUnbiased.MixedSemantics.Sound40 (29s)
✔ [10364/10395] Built OAI.Analysis.MutuallyUnbiased.MixedSemantics.Values26 (21s)
✔ [10365/10398] Built OAI.Analysis.MutuallyUnbiased.MixedSemantics.Sound41 (29s)
✔ [10366/10398] Built OAI.Analysis.MutuallyUnbiased.MixedSemantics.Zeros26 (22s)
✔ [10367/10398] Built OAI.Analysis.MutuallyUnbiased.MixedMerge.Block67 (15s)
✔ [10368/10398] Built OAI.Analysis.MutuallyUnbiased.TaoCertificate.Merge58 (83s)
✔ [10369/10398] Built OAI.Analysis.MutuallyUnbiased.MixedSemantics.Sound44 (32s)
✔ [10370/10399] Built OAI.Analysis.MutuallyUnbiased.MixedSources.Arithmetic4 (28s)
✔ [10371/10400] Built OAI.Analysis.MutuallyUnbiased.MixedSemantics.Sound26 (27s)
✔ [10372/10401] Built OAI.Analysis.MutuallyUnbiased.MixedMerge.Block68 (20s)
✔ [10373/10402] Built OAI.Analysis.MutuallyUnbiased.MixedSemantics.Canonical31 (80s)
✔ [10374/10402] Built OAI.Analysis.MutuallyUnbiased.MixedSemantics.Canonical32 (72s)
✔ [10375/10403] Built OAI.Analysis.MutuallyUnbiased.MixedSemantics.Values20 (23s)
✔ [10376/10403] Built OAI.Analysis.MutuallyUnbiased.MixedMerge.Block69 (16s)
✔ [10377/10404] Built OAI.Analysis.MutuallyUnbiased.MixedSemantics.Values69 (22s)
✔ [10378/10406] Built OAI.Analysis.MutuallyUnbiased.MixedSemantics.Values70 (21s)
✔ [10379/10406] Built OAI.Analysis.MutuallyUnbiased.MixedSemantics.Values72 (19s)
✔ [10380/10409] Built OAI.Analysis.MutuallyUnbiased.MixedSemantics.Canonical33 (84s)
✔ [10381/10409] Built OAI.Analysis.MutuallyUnbiased.MixedSemantics.Values79 (17s)
✔ [10382/10409] Built OAI.Analysis.MutuallyUnbiased.MixedMerge.Block70 (23s)
✔ [10383/10409] Built OAI.Analysis.MutuallyUnbiased.MixedSemantics.Canonical34 (90s)
✔ [10384/10410] Built OAI.Analysis.MutuallyUnbiased.MixedSemantics.Values80 (15s)
✔ [10385/10411] Built OAI.Analysis.MutuallyUnbiased.MixedSemantics.Canonical35 (88s)
✔ [10386/10414] Built OAI.Analysis.MutuallyUnbiased.MixedSemantics.Zeros20 (15s)
✔ [10387/10414] Built OAI.Analysis.MutuallyUnbiased.MixedSemantics.Values83 (15s)
✔ [10388/10414] Built OAI.Analysis.MutuallyUnbiased.TaoCertificate.Merge59 (64s)
✔ [10389/10415] Built OAI.Analysis.MutuallyUnbiased.MixedMerge.Block71 (14s)
✔ [10390/10417] Built OAI.Analysis.MutuallyUnbiased.MixedSemantics.Singletons20 (18s)
✔ [10391/10417] Built OAI.Analysis.MutuallyUnbiased.MixedSemantics.Zeros69 (16s)
✔ [10392/10417] Built OAI.Analysis.MutuallyUnbiased.MixedSources.Arithmetic5 (26s)
✔ [10393/10418] Built OAI.Analysis.MutuallyUnbiased.TaoCertificate.Merged (21s)
✔ [10394/10420] Built OAI.Analysis.MutuallyUnbiased.MixedSemantics.Values28 (22s)
✔ [10395/10420] Built OAI.Analysis.MutuallyUnbiased.MixedMerge.Block72 (23s)
✔ [10396/10420] Built OAI.Analysis.MutuallyUnbiased.MixedSemantics.Canonical10 (46s)
✔ [10397/10421] Built OAI.Analysis.MutuallyUnbiased.MixedSemantics.Canonical9 (47s)
✔ [10398/10421] Built OAI.Analysis.MutuallyUnbiased.MixedSemantics.Zeros28 (16s)
✔ [10399/10422] Built OAI.Analysis.MutuallyUnbiased.TaoCertificate.Conclusion (18s)
✔ [10400/10422] Built OAI.Analysis.MutuallyUnbiased.MixedSemantics.Zeros70 (17s)
✔ [10401/10422] Built OAI.Analysis.MutuallyUnbiased.MixedSemantics.Sound20 (35s)
✔ [10402/10425] Built OAI.Analysis.MutuallyUnbiased.MixedSemantics.Sources2 (98s)
✔ [10403/10425] Built OAI.Analysis.MutuallyUnbiased.MixedSemantics.Singletons69 (22s)
✔ [10404/10425] Built OAI.Analysis.MutuallyUnbiased.MixedSemantics.Zeros72 (19s)
✔ [10405/10425] Built OAI.Analysis.MutuallyUnbiased.MixedSemantics.Singletons70 (26s)
✔ [10406/10426] Built OAI.Analysis.MutuallyUnbiased.MixedSemantics.Sound28 (21s)
✔ [10407/10427] Built OAI.Analysis.MutuallyUnbiased.MixedMerge.Block73 (30s)
✔ [10408/10427] Built OAI.Analysis.MutuallyUnbiased.Tao.TaoCompleteFamily (16s)
✔ [10409/10429] Built OAI.Analysis.MutuallyUnbiased.MixedSources.Rows3 (28s)
✔ [10410/10429] Built OAI.Analysis.MutuallyUnbiased.MixedSemantics.Sound69 (28s)
✔ [10411/10430] Built OAI.Analysis.MutuallyUnbiased.MixedSemantics.Values45 (24s)
✔ [10412/10430] Built OAI.Analysis.MutuallyUnbiased.MixedSemantics.Sound70 (31s)
✔ [10413/10433] Built OAI.Analysis.MutuallyUnbiased.MixedSemantics.Sources3 (112s)
✔ [10414/10433] Built OAI.Analysis.MutuallyUnbiased.MixedSemantics.Canonical11 (50s)
✔ [10415/10435] Built OAI.Analysis.MutuallyUnbiased.MixedSemantics.Zeros45 (18s)
✔ [10416/10437] Built OAI.Analysis.MutuallyUnbiased.MixedMerge.Block74 (39s)
✔ [10417/10438] Built OAI.Analysis.MutuallyUnbiased.MixedSemantics.Singletons45 (18s)
✔ [10418/10440] Built OAI.Analysis.MutuallyUnbiased.Bases.CompleteVanishing (19s)
✔ [10419/10440] Built OAI.Analysis.MutuallyUnbiased.MixedSemantics.Zeros79 (16s)
✔ [10420/10440] Built OAI.Analysis.MutuallyUnbiased.MixedSemantics.Canonical12 (51s)
✔ [10421/10440] Built OAI.Analysis.MutuallyUnbiased.MixedSources.Rows4 (21s)
✔ [10422/10442] Built OAI.Analysis.MutuallyUnbiased.MixedSemantics.Values46 (19s)
✔ [10423/10444] Built OAI.Analysis.MutuallyUnbiased.MixedSemantics.Zeros46 (19s)
✔ [10424/10445] Built OAI.Analysis.MutuallyUnbiased.MixedSemantics.Singletons46 (22s)
✔ [10425/10448] Built OAI.Analysis.MutuallyUnbiased.MixedSemantics.Zeros80 (19s)
✔ [10426/10448] Built OAI.Analysis.MutuallyUnbiased.MixedSemantics.Sound45 (28s)
✔ [10427/10448] Built OAI.Analysis.MutuallyUnbiased.MixedSemantics.Values57 (20s)
✔ [10428/10450] Built OAI.Analysis.MutuallyUnbiased.MixedSemantics.Zeros57 (19s)
✔ [10429/10451] Built OAI.Analysis.MutuallyUnbiased.MixedSemantics.Singletons72 (26s)
✔ [10430/10452] Built OAI.Analysis.MutuallyUnbiased.MixedSemantics.Singletons57 (18s)
✔ [10431/10452] Built OAI.Analysis.MutuallyUnbiased.MixedSemantics.Canonical16 (47s)
✔ [10432/10454] Built OAI.Analysis.MutuallyUnbiased.MixedSemantics.Zeros83 (20s)
✔ [10433/10454] Built OAI.Analysis.MutuallyUnbiased.MixedSemantics.Sound46 (31s)
✔ [10434/10454] Built OAI.Analysis.MutuallyUnbiased.MixedSemantics.Values13 (20s)
✔ [10435/10454] Built OAI.Analysis.MutuallyUnbiased.MixedSemantics.Values66 (20s)
✔ [10436/10454] Built OAI.Analysis.MutuallyUnbiased.MixedSemantics.Values71 (20s)
✔ [10437/10456] Built OAI.Analysis.MutuallyUnbiased.MixedSemantics.Singletons83 (28s)
✔ [10438/10459] Built OAI.Analysis.MutuallyUnbiased.MixedSemantics.Sound72 (29s)
✔ [10439/10460] Built OAI.Analysis.MutuallyUnbiased.MixedSemantics.Values74 (19s)
✔ [10440/10460] Built OAI.Analysis.MutuallyUnbiased.MixedSemantics.Sound57 (26s)
✔ [10441/10460] Built OAI.Analysis.MutuallyUnbiased.MixedSemantics.Values75 (19s)
✔ [10442/10461] Built OAI.Analysis.MutuallyUnbiased.MixedSemantics.Singletons80 (23s)
✔ [10443/10464] Built OAI.Analysis.MutuallyUnbiased.MixedSemantics.Singletons79 (23s)
✔ [10444/10464] Built OAI.Analysis.MutuallyUnbiased.MixedSemantics.Zeros13 (17s)
✔ [10445/10464] Built OAI.Analysis.MutuallyUnbiased.MixedSemantics.Values24 (16s)
✔ [10446/10464] Built OAI.Analysis.MutuallyUnbiased.MixedSemantics.Zeros24 (15s)
✔ [10447/10466] Built OAI.Analysis.MutuallyUnbiased.MixedSemantics.Zeros66 (16s)
✔ [10448/10466] Built OAI.Analysis.MutuallyUnbiased.MixedSemantics.Sound83 (25s)
✔ [10449/10466] Built OAI.Analysis.MutuallyUnbiased.MixedSources.Arithmetic6 (28s)
✔ [10450/10469] Built OAI.Analysis.MutuallyUnbiased.MixedSemantics.Sound80 (32s)
✔ [10451/10469] Built OAI.Analysis.MutuallyUnbiased.MixedSemantics.Sound79 (30s)
✔ [10452/10469] Built OAI.Analysis.MutuallyUnbiased.MixedMerge.Block75 (119s)
✔ [10453/10470] Built OAI.Analysis.MutuallyUnbiased.MixedSemantics.Sound13 (27s)
✔ [10454/10472] Built OAI.Analysis.MutuallyUnbiased.MixedSemantics.Sound24 (24s)
✔ [10455/10472] Built OAI.Analysis.MutuallyUnbiased.MixedSemantics.Zeros74 (18s)
✔ [10456/10474] Built OAI.Analysis.MutuallyUnbiased.MixedSemantics.Canonical7 (50s)
✔ [10457/10475] Built OAI.Analysis.MutuallyUnbiased.MixedSemantics.Singletons71 (23s)
✔ [10458/10478] Built OAI.Analysis.MutuallyUnbiased.MixedSemantics.Singletons74 (21s)
✔ [10459/10478] Built OAI.Analysis.MutuallyUnbiased.MixedSemantics.Canonical8 (51s)
✔ [10460/10478] Built OAI.Analysis.MutuallyUnbiased.MixedSources.Rows5 (21s)
✔ [10461/10478] Built OAI.Analysis.MutuallyUnbiased.MixedSemantics.Zeros75 (14s)
✔ [10462/10478] Built OAI.Analysis.MutuallyUnbiased.MixedSemantics.Singletons75 (18s)
✔ [10463/10480] Built OAI.Analysis.MutuallyUnbiased.MixedSemantics.Sound71 (29s)
✔ [10464/10480] Built OAI.Analysis.MutuallyUnbiased.MixedSemantics.Sound74 (29s)
✔ [10465/10484] Built OAI.Analysis.MutuallyUnbiased.MixedSemantics.Singletons66 (36s)
✔ [10466/10484] Built OAI.Analysis.MutuallyUnbiased.MixedSemantics.Values73 (26s)
✔ [10467/10484] Built OAI.Analysis.MutuallyUnbiased.MixedSemantics.Sound75 (33s)
✔ [10468/10484] Built OAI.Analysis.MutuallyUnbiased.MixedSemantics.Zeros73 (22s)
✔ [10469/10486] Built OAI.Analysis.MutuallyUnbiased.MixedSemantics.Canonical36 (78s)
✔ [10470/10488] Built OAI.Analysis.MutuallyUnbiased.MixedSemantics.Canonical37 (78s)
✔ [10471/10488] Built OAI.Analysis.MutuallyUnbiased.MixedSemantics.Sound66 (22s)
✔ [10472/10491] Built OAI.Analysis.MutuallyUnbiased.MixedSemantics.Canonical38 (81s)
✔ [10473/10492] Built OAI.Analysis.MutuallyUnbiased.MixedSemantics.Singletons73 (21s)
✔ [10474/10494] Built OAI.Analysis.MutuallyUnbiased.MixedSemantics.Values68 (18s)
✔ [10475/10494] Built OAI.Analysis.MutuallyUnbiased.MixedSemantics.Values78 (17s)
✔ [10476/10494] Built OAI.Analysis.MutuallyUnbiased.MixedSources.Arithmetic7 (26s)
✔ [10477/10495] Built OAI.Analysis.MutuallyUnbiased.MixedSemantics.Canonical39 (92s)
✔ [10478/10498] Built OAI.Analysis.MutuallyUnbiased.MixedSemantics.Values81 (17s)
✔ [10479/10498] Built OAI.Analysis.MutuallyUnbiased.MixedSemantics.Values14 (17s)
✔ [10480/10498] Built OAI.Analysis.MutuallyUnbiased.MixedSemantics.Zeros14 (17s)
✔ [10481/10499] Built OAI.Analysis.MutuallyUnbiased.MixedSemantics.Zeros68 (15s)
✔ [10482/10501] Built OAI.Analysis.MutuallyUnbiased.MixedSemantics.Sound73 (23s)
✔ [10483/10501] Built OAI.Analysis.MutuallyUnbiased.MixedSemantics.Zeros78 (19s)
✔ [10484/10502] Built OAI.Analysis.MutuallyUnbiased.MixedSemantics.Singletons68 (24s)
✔ [10485/10506] Built OAI.Analysis.MutuallyUnbiased.MixedSources.Arithmetic8 (27s)
✔ [10486/10506] Built OAI.Analysis.MutuallyUnbiased.MixedSemantics.Sound14 (22s)
✔ [10487/10508] Built OAI.Analysis.MutuallyUnbiased.MixedSemantics.Zeros81 (19s)
✔ [10488/10508] Built OAI.Analysis.MutuallyUnbiased.MixedSemantics.Singletons81 (22s)
✔ [10489/10509] Built OAI.Analysis.MutuallyUnbiased.MixedMerge.Block76 (170s)
✔ [10490/10509] Built OAI.Analysis.MutuallyUnbiased.MixedSemantics.Canonical15 (58s)
✔ [10491/10509] Built OAI.Analysis.MutuallyUnbiased.MixedSemantics.Sound68 (33s)
✔ [10492/10511] Built OAI.Analysis.MutuallyUnbiased.MixedMerge.Main (11s)
✔ [10493/10511] Built OAI.Analysis.MutuallyUnbiased.MixedSources.Arithmetic9 (34s)
✔ [10494/10514] Built OAI.Analysis.MutuallyUnbiased.MixedSemantics.Canonical42 (59s)
✔ [10495/10514] Built OAI.Analysis.MutuallyUnbiased.MixedSemantics.Sound81 (35s)
✔ [10496/10514] Built OAI.Analysis.MutuallyUnbiased.MixedSources.Arithmetic10 (23s)
✔ [10497/10514] Built OAI.Analysis.MutuallyUnbiased.MixedSemantics.Canonical41 (66s)
✔ [10498/10515] Built OAI.Analysis.MutuallyUnbiased.MixedSemantics.Singletons78 (22s)
✔ [10499/10515] Built OAI.Analysis.MutuallyUnbiased.MixedData.Main (6.6s)
✔ [10500/10515] Built OAI.Analysis.MutuallyUnbiased.MixedMoments.MixedObstruction (17s)
✔ [10501/10520] Built OAI.Analysis.MutuallyUnbiased.MixedSemantics.Canonical40 (88s)
✔ [10502/10520] Built OAI.Analysis.MutuallyUnbiased.MixedSources.Arithmetic11 (25s)
✔ [10503/10520] Built OAI.Analysis.MutuallyUnbiased.MixedSemantics.Sound78 (27s)
✔ [10504/10522] Built OAI.Analysis.MutuallyUnbiased.MixedSemantics.Canonical43 (55s)
✔ [10505/10523] Built OAI.Analysis.MutuallyUnbiased.MixedSemantics.Sources4 (151s)
✔ [10506/10523] Built OAI.Analysis.MutuallyUnbiased.MixedSemantics.Canonical44 (67s)
✔ [10507/10523] Built OAI.Analysis.MutuallyUnbiased.MixedSources.Arithmetic12 (33s)
✔ [10508/10524] Built OAI.Analysis.MutuallyUnbiased.MixedSemantics.Canonical45 (76s)
✔ [10509/10527] Built OAI.Analysis.MutuallyUnbiased.MixedSemantics.Canonical46 (79s)
✔ [10510/10527] Built OAI.Analysis.MutuallyUnbiased.MixedSemantics.Canonical47 (76s)
✔ [10511/10529] Built OAI.Analysis.MutuallyUnbiased.MixedSources.Rows7 (37s)
✔ [10512/10530] Built OAI.Analysis.MutuallyUnbiased.MixedSources.Rows6 (29s)
✔ [10513/10532] Built OAI.Analysis.MutuallyUnbiased.MixedSources.Arithmetic13 (26s)
✔ [10514/10532] Built OAI.Analysis.MutuallyUnbiased.MixedSemantics.Canonical48 (66s)
✔ [10515/10535] Built OAI.Analysis.MutuallyUnbiased.MixedSources.Arithmetic14 (31s)
✔ [10516/10535] Built OAI.Analysis.MutuallyUnbiased.MixedSources.Arithmetic15 (35s)
✔ [10517/10536] Built OAI.Analysis.MutuallyUnbiased.MixedSemantics.Canonical49 (62s)
✔ [10518/10537] Built OAI.Analysis.MutuallyUnbiased.MixedSemantics.Canonical50 (61s)
✔ [10519/10540] Built OAI.Analysis.MutuallyUnbiased.MixedSemantics.Canonical51 (62s)
✔ [10520/10540] Built OAI.Analysis.MutuallyUnbiased.MixedSemantics.Canonical52 (62s)
✔ [10521/10542] Built OAI.Analysis.MutuallyUnbiased.MixedSemantics.Sources5 (132s)
✔ [10522/10542] Built OAI.Analysis.MutuallyUnbiased.MixedSources.Arithmetic16 (32s)
✔ [10523/10542] Built OAI.Analysis.MutuallyUnbiased.MixedSources.Rows8 (49s)
✔ [10524/10543] Built OAI.Analysis.MutuallyUnbiased.MixedSemantics.Sources6 (134s)
✔ [10525/10543] Built OAI.Analysis.MutuallyUnbiased.MixedSemantics.Canonical53 (84s)
✔ [10526/10547] Built OAI.Analysis.MutuallyUnbiased.MixedSemantics.Canonical55 (60s)
✔ [10527/10547] Built OAI.Analysis.MutuallyUnbiased.MixedSemantics.Canonical54 (65s)
✔ [10528/10547] Built OAI.Analysis.MutuallyUnbiased.MixedSources.Rows9 (46s)
✔ [10529/10549] Built OAI.Analysis.MutuallyUnbiased.MixedSources.Arithmetic18 (25s)
✔ [10530/10549] Built OAI.Analysis.MutuallyUnbiased.MixedSources.Arithmetic17 (27s)
✔ [10531/10550] Built OAI.Analysis.MutuallyUnbiased.MixedSources.Rows10 (26s)
✔ [10532/10552] Built OAI.Analysis.MutuallyUnbiased.MixedSemantics.Sources8 (102s)
✔ [10533/10552] Built OAI.Analysis.MutuallyUnbiased.MixedSemantics.Sources7 (135s)
✔ [10534/10555] Built OAI.Analysis.MutuallyUnbiased.MixedSources.Arithmetic19 (32s)
✔ [10535/10555] Built OAI.Analysis.MutuallyUnbiased.MixedSources.Arithmetic20 (31s)
✔ [10536/10555] Built OAI.Analysis.MutuallyUnbiased.MixedSemantics.Canonical56 (59s)
✔ [10537/10555] Built OAI.Analysis.MutuallyUnbiased.MixedSemantics.Canonical57 (53s)
✔ [10538/10555] Built OAI.Analysis.MutuallyUnbiased.MixedSources.Rows14 (37s)
✔ [10539/10556] Built OAI.Analysis.MutuallyUnbiased.MixedSources.Rows11 (28s)
✔ [10540/10556] Built OAI.Analysis.MutuallyUnbiased.MixedSemantics.Canonical58 (61s)
✔ [10541/10558] Built OAI.Analysis.MutuallyUnbiased.MixedSources.Rows12 (34s)
✔ [10542/10561] Built OAI.Analysis.MutuallyUnbiased.MixedSources.Rows13 (38s)
✔ [10543/10561] Built OAI.Analysis.MutuallyUnbiased.MixedSemantics.Sources9 (127s)
✔ [10544/10561] Built OAI.Analysis.MutuallyUnbiased.MixedSources.Arithmetic21 (37s)
✔ [10545/10563] Built OAI.Analysis.MutuallyUnbiased.MixedSemantics.Sources10 (121s)
✔ [10546/10563] Built OAI.Analysis.MutuallyUnbiased.MixedSemantics.Canonical59 (98s)
✔ [10547/10563] Built OAI.Analysis.MutuallyUnbiased.MixedSemantics.Canonical60 (97s)
✔ [10548/10564] Built OAI.Analysis.MutuallyUnbiased.MixedSemantics.Canonical62 (88s)
✔ [10549/10564] Built OAI.Analysis.MutuallyUnbiased.MixedSemantics.Canonical61 (90s)
✔ [10550/10569] Built OAI.Analysis.MutuallyUnbiased.MixedSources.Rows15 (57s)
✔ [10551/10569] Built OAI.Analysis.MutuallyUnbiased.MixedSources.Rows17 (55s)
✔ [10552/10569] Built OAI.Analysis.MutuallyUnbiased.MixedSources.Rows16 (58s)
✔ [10553/10571] Built OAI.Analysis.MutuallyUnbiased.MixedSources.Arithmetic22 (40s)
✔ [10554/10572] Built OAI.Analysis.MutuallyUnbiased.MixedSemantics.Canonical63 (97s)
✔ [10555/10572] Built OAI.Analysis.MutuallyUnbiased.MixedSources.Arithmetic23 (34s)
✔ [10556/10574] Built OAI.Analysis.MutuallyUnbiased.MixedSemantics.Sources11 (145s)
✔ [10557/10574] Built OAI.Analysis.MutuallyUnbiased.MixedSources.Arithmetic24 (41s)
✔ [10558/10575] Built OAI.Analysis.MutuallyUnbiased.MixedSources.Arithmetic25 (44s)
✔ [10559/10575] Built OAI.Analysis.MutuallyUnbiased.MixedSemantics.Canonical64 (89s)
✔ [10560/10578] Built OAI.Analysis.MutuallyUnbiased.MixedSemantics.Canonical65 (91s)
✔ [10561/10578] Built OAI.Analysis.MutuallyUnbiased.MixedSemantics.Canonical66 (86s)
✔ [10562/10578] Built OAI.Analysis.MutuallyUnbiased.MixedSources.Rows18 (48s)
✔ [10563/10579] Built OAI.Analysis.MutuallyUnbiased.MixedSources.Rows19 (37s)
✔ [10564/10583] Built OAI.Analysis.MutuallyUnbiased.MixedSemantics.Canonical67 (105s)
✔ [10565/10583] Built OAI.Analysis.MutuallyUnbiased.MixedSources.Arithmetic26 (41s)
✔ [10566/10585] Built OAI.Analysis.MutuallyUnbiased.MixedSemantics.Sources12 (167s)
✔ [10567/10585] Built OAI.Analysis.MutuallyUnbiased.MixedSemantics.Canonical69 (71s)
✔ [10568/10586] Built OAI.Analysis.MutuallyUnbiased.MixedSemantics.Canonical68 (79s)
✔ [10569/10587] Built OAI.Analysis.MutuallyUnbiased.MixedSemantics.Canonical70 (80s)
✔ [10570/10588] Built OAI.Analysis.MutuallyUnbiased.MixedSources.Arithmetic27 (43s)
✔ [10571/10591] Built OAI.Analysis.MutuallyUnbiased.MixedSources.Rows20 (43s)
✔ [10572/10591] Built OAI.Analysis.MutuallyUnbiased.MixedSources.Arithmetic28 (40s)
✔ [10573/10593] Built OAI.Analysis.MutuallyUnbiased.MixedSemantics.Canonical72 (64s)
✔ [10574/10594] Built OAI.Analysis.MutuallyUnbiased.MixedSemantics.Canonical71 (82s)
✔ [10575/10594] Built OAI.Analysis.MutuallyUnbiased.MixedSemantics.Sources13 (191s)
✔ [10576/10595] Built OAI.Analysis.MutuallyUnbiased.MixedSources.Arithmetic29 (45s)
✔ [10577/10596] Built OAI.Analysis.MutuallyUnbiased.MixedSources.Arithmetic30 (51s)
✔ [10578/10596] Built OAI.Analysis.MutuallyUnbiased.MixedSemantics.Sources14 (158s)
✔ [10579/10597] Built OAI.Analysis.MutuallyUnbiased.MixedSemantics.Canonical73 (68s)
✔ [10580/10597] Built OAI.Analysis.MutuallyUnbiased.MixedSemantics.Canonical74 (74s)
✔ [10581/10597] Built OAI.Analysis.MutuallyUnbiased.MixedSemantics.Canonical75 (77s)
✔ [10582/10600] Built OAI.Analysis.MutuallyUnbiased.MixedSources.Rows21 (46s)
✔ [10583/10600] Built OAI.Analysis.MutuallyUnbiased.MixedSources.Rows22 (44s)
✔ [10584/10600] Built OAI.Analysis.MutuallyUnbiased.MixedSources.Rows23 (40s)
✔ [10585/10602] Built OAI.Analysis.MutuallyUnbiased.MixedSources.Rows24 (58s)
✔ [10586/10603] Built OAI.Analysis.MutuallyUnbiased.MixedSemantics.Canonical76 (77s)
✔ [10587/10605] Built OAI.Analysis.MutuallyUnbiased.MixedSemantics.Canonical77 (81s)
✔ [10588/10606] Built OAI.Analysis.MutuallyUnbiased.MixedSemantics.Sources15 (184s)
✔ [10589/10606] Built OAI.Analysis.MutuallyUnbiased.MixedSemantics.Canonical78 (71s)
✔ [10590/10607] Built OAI.Analysis.MutuallyUnbiased.MixedSemantics.Sources16 (173s)
✔ [10591/10608] Built OAI.Analysis.MutuallyUnbiased.MixedSources.Arithmetic31 (59s)
✔ [10592/10608] Built OAI.Analysis.MutuallyUnbiased.MixedSemantics.Canonical79 (85s)
✔ [10593/10611] Built OAI.Analysis.MutuallyUnbiased.MixedSources.Arithmetic32 (58s)
✔ [10594/10611] Built OAI.Analysis.MutuallyUnbiased.MixedSources.Rows25 (46s)
✔ [10595/10611] Built OAI.Analysis.MutuallyUnbiased.MixedSources.Rows27 (50s)
✔ [10596/10611] Built OAI.Analysis.MutuallyUnbiased.MixedSources.Rows26 (51s)
✔ [10597/10613] Built OAI.Analysis.MutuallyUnbiased.MixedSemantics.Canonical80 (105s)
✔ [10598/10614] Built OAI.Analysis.MutuallyUnbiased.MixedSemantics.Canonical81 (100s)
✔ [10599/10616] Built OAI.Analysis.MutuallyUnbiased.MixedSemantics.Canonical82 (95s)
✔ [10600/10619] Built OAI.Analysis.MutuallyUnbiased.MixedSemantics.Sources17 (179s)
✔ [10601/10619] Built OAI.Analysis.MutuallyUnbiased.MixedSources.Arithmetic33 (51s)
✔ [10602/10619] Built OAI.Analysis.MutuallyUnbiased.MixedSources.Arithmetic34 (49s)
✔ [10603/10619] Built OAI.Analysis.MutuallyUnbiased.MixedSemantics.Canonical83 (110s)
✔ [10604/10619] Built OAI.Analysis.MutuallyUnbiased.MixedSemantics.Canonical84 (118s)
✔ [10605/10622] Built OAI.Analysis.MutuallyUnbiased.MixedSources.Rows29 (41s)
✔ [10606/10624] Built OAI.Analysis.MutuallyUnbiased.MixedSources.Rows28 (47s)
✔ [10607/10625] Built OAI.Analysis.MutuallyUnbiased.MixedSemantics.Canonical85 (107s)
✔ [10608/10628] Built OAI.Analysis.MutuallyUnbiased.MixedSemantics.Canonical87 (80s)
✔ [10609/10628] Built OAI.Analysis.MutuallyUnbiased.MixedSemantics.Canonical86 (86s)
✔ [10610/10628] Built OAI.Analysis.MutuallyUnbiased.MixedSources.Arithmetic35 (54s)
✔ [10611/10630] Built OAI.Analysis.MutuallyUnbiased.MixedSources.Arithmetic36 (45s)
✔ [10612/10631] Built OAI.Analysis.MutuallyUnbiased.MixedSemantics.Canonical88 (92s)
✔ [10613/10631] Built OAI.Analysis.MutuallyUnbiased.MixedSemantics.Canonical90 (73s)
✔ [10614/10633] Built OAI.Analysis.MutuallyUnbiased.MixedSources.Arithmetic37 (36s)
✔ [10615/10634] Built OAI.Analysis.MutuallyUnbiased.MixedSemantics.Canonical89 (88s)
✔ [10616/10637] Built OAI.Analysis.MutuallyUnbiased.MixedSemantics.Canonical91 (74s)
✔ [10617/10637] Built OAI.Analysis.MutuallyUnbiased.MixedSemantics.Sources18 (196s)
✔ [10618/10639] Built OAI.Analysis.MutuallyUnbiased.MixedSemantics.Canonical92 (58s)
✔ [10619/10639] Built OAI.Analysis.MutuallyUnbiased.MixedSources.Arithmetic38 (37s)
✔ [10620/10639] Built OAI.Analysis.MutuallyUnbiased.MixedSemantics.Canonical93 (77s)
✔ [10621/10639] Built OAI.Analysis.MutuallyUnbiased.MixedSources.Rows30 (58s)
✔ [10622/10640] Built OAI.Analysis.MutuallyUnbiased.MixedSemantics.Canonical94 (82s)
✔ [10623/10642] Built OAI.Analysis.MutuallyUnbiased.MixedSemantics.Canonical95 (82s)
✔ [10624/10642] Built OAI.Analysis.MutuallyUnbiased.MixedSemantics.Canonical96 (78s)
✔ [10625/10645] Built OAI.Analysis.MutuallyUnbiased.MixedSources.Arithmetic39 (39s)
✔ [10626/10645] Built OAI.Analysis.MutuallyUnbiased.MixedSources.Rows31 (85s)
✔ [10627/10646] Built OAI.Analysis.MutuallyUnbiased.MixedSources.Arithmetic40 (36s)
✔ [10628/10648] Built OAI.Analysis.MutuallyUnbiased.MixedSemantics.Sources20 (174s)
✔ [10629/10648] Built OAI.Analysis.MutuallyUnbiased.MixedSemantics.Sources19 (224s)
✔ [10630/10649] Built OAI.Analysis.MutuallyUnbiased.MixedSemantics.Canonical97 (78s)
✔ [10631/10649] Built OAI.Analysis.MutuallyUnbiased.MixedSources.Arithmetic41 (53s)
✔ [10632/10652] Built OAI.Analysis.MutuallyUnbiased.MixedSemantics.Canonical98 (88s)
✔ [10633/10652] Built OAI.Analysis.MutuallyUnbiased.MixedSemantics.Canonical99 (88s)
✔ [10634/10652] Built OAI.Analysis.MutuallyUnbiased.MixedSources.Rows35 (51s)
✔ [10635/10652] Built OAI.Analysis.MutuallyUnbiased.MixedSemantics.Canonical100 (89s)
✔ [10636/10652] Built OAI.Analysis.MutuallyUnbiased.MixedSources.Rows32 (60s)
✔ [10637/10654] Built OAI.Analysis.MutuallyUnbiased.MixedSources.Rows34 (52s)
✔ [10638/10655] Built OAI.Analysis.MutuallyUnbiased.MixedSemantics.Sources21 (186s)
✔ [10639/10655] Built OAI.Analysis.MutuallyUnbiased.MixedSources.Rows33 (55s)
✔ [10640/10656] Built OAI.Analysis.MutuallyUnbiased.MixedSemantics.Canonical101 (96s)
✔ [10641/10657] Built OAI.Analysis.MutuallyUnbiased.MixedSemantics.Sources22 (177s)
✔ [10642/10657] Built OAI.Analysis.MutuallyUnbiased.MixedSources.Arithmetic42 (34s)
✔ [10643/10658] Built OAI.Analysis.MutuallyUnbiased.MixedSemantics.Canonical102 (79s)
✔ [10644/10658] Built OAI.Analysis.MutuallyUnbiased.MixedSources.Arithmetic43 (35s)
✔ [10645/10661] Built OAI.Analysis.MutuallyUnbiased.MixedSemantics.Canonical103 (72s)
✔ [10646/10661] Built OAI.Analysis.MutuallyUnbiased.MixedSources.Rows37 (41s)
✔ [10647/10661] Built OAI.Analysis.MutuallyUnbiased.MixedSources.Rows36 (44s)
✔ [10648/10663] Built OAI.Analysis.MutuallyUnbiased.MixedSources.Rows39 (40s)
✔ [10649/10663] Built OAI.Analysis.MutuallyUnbiased.MixedSources.Rows38 (41s)
✔ [10650/10666] Built OAI.Analysis.MutuallyUnbiased.MixedSemantics.Canonical104 (66s)
✔ [10651/10667] Built OAI.Analysis.MutuallyUnbiased.MixedSemantics.Canonical105 (76s)
✔ [10652/10668] Built OAI.Analysis.MutuallyUnbiased.MixedSemantics.Canonical106 (76s)
✔ [10653/10671] Built OAI.Analysis.MutuallyUnbiased.MixedSources.Arithmetic44 (50s)
✔ [10654/10671] Built OAI.Analysis.MutuallyUnbiased.MixedSemantics.Canonical107 (74s)
✔ [10655/10671] Built OAI.Analysis.MutuallyUnbiased.MixedSources.Arithmetic45 (52s)
✔ [10656/10673] Built OAI.Analysis.MutuallyUnbiased.MixedSemantics.Sources23 (169s)
✔ [10657/10673] Built OAI.Analysis.MutuallyUnbiased.MixedSemantics.Canonical108 (79s)
✔ [10658/10674] Built OAI.Analysis.MutuallyUnbiased.MixedSemantics.Canonical112 (65s)
✔ [10659/10676] Built OAI.Analysis.MutuallyUnbiased.MixedSemantics.Canonical111 (68s)
✔ [10660/10679] Built OAI.Analysis.MutuallyUnbiased.MixedSemantics.Canonical110 (72s)
✔ [10661/10679] Built OAI.Analysis.MutuallyUnbiased.MixedSources.Rows40 (59s)
✔ [10662/10680] Built OAI.Analysis.MutuallyUnbiased.MixedSemantics.Canonical109 (101s)
✔ [10663/10680] Built OAI.Analysis.MutuallyUnbiased.MixedSemantics.Sources24 (179s)
✔ [10664/10681] Built OAI.Analysis.MutuallyUnbiased.MixedSources.Arithmetic47 (39s)
✔ [10665/10681] Built OAI.Analysis.MutuallyUnbiased.MixedSources.Arithmetic46 (79s)
✔ [10666/10682] Built OAI.Analysis.MutuallyUnbiased.MixedSemantics.Canonical113 (68s)
✔ [10667/10683] Built OAI.Analysis.MutuallyUnbiased.MixedSemantics.Canonical114 (69s)
✔ [10668/10684] Built OAI.Analysis.MutuallyUnbiased.MixedSources.Arithmetic48 (40s)
✔ [10669/10687] Built OAI.Analysis.MutuallyUnbiased.MixedSources.Rows42 (40s)
✔ [10670/10687] Built OAI.Analysis.MutuallyUnbiased.MixedSources.Rows41 (45s)
✔ [10671/10689] Built OAI.Analysis.MutuallyUnbiased.MixedSemantics.Canonical115 (67s)
✔ [10672/10689] Built OAI.Analysis.MutuallyUnbiased.MixedSemantics.Sources25 (194s)
✔ [10673/10690] Built OAI.Analysis.MutuallyUnbiased.MixedSources.Arithmetic49 (72s)
✔ [10674/10690] Built OAI.Analysis.MutuallyUnbiased.MixedSemantics.Canonical116 (99s)
✔ [10675/10690] Built OAI.Analysis.MutuallyUnbiased.MixedSemantics.Canonical119 (88s)
✔ [10676/10692] Built OAI.Analysis.MutuallyUnbiased.MixedSemantics.Canonical117 (98s)
✔ [10677/10692] Built OAI.Analysis.MutuallyUnbiased.MixedSemantics.Canonical118 (93s)
✔ [10678/10695] Built OAI.Analysis.MutuallyUnbiased.MixedSemantics.Canonical120 (88s)
✔ [10679/10697] Built OAI.Analysis.MutuallyUnbiased.MixedSources.Rows43 (30s)
✔ [10680/10697] Built OAI.Analysis.MutuallyUnbiased.MixedSources.Rows44 (43s)
✔ [10681/10698] Built OAI.Analysis.MutuallyUnbiased.MixedSources.Arithmetic50 (53s)
✔ [10682/10700] Built OAI.Analysis.MutuallyUnbiased.MixedSemantics.Canonical121 (73s)
✔ [10683/10703] Built OAI.Analysis.MutuallyUnbiased.MixedSemantics.Canonical122 (75s)
✔ [10684/10703] Built OAI.Analysis.MutuallyUnbiased.MixedSemantics.Canonical123 (73s)
✔ [10685/10703] Built OAI.Analysis.MutuallyUnbiased.MixedSources.Arithmetic51 (37s)
✔ [10686/10704] Built OAI.Analysis.MutuallyUnbiased.MixedSources.Arithmetic52 (40s)
✔ [10687/10705] Built OAI.Analysis.MutuallyUnbiased.MixedSemantics.Sources26 (269s)
✔ [10688/10706] Built OAI.Analysis.MutuallyUnbiased.MixedSemantics.Sources27 (168s)
✔ [10689/10707] Built OAI.Analysis.MutuallyUnbiased.MixedSemantics.Canonical125 (69s)
✔ [10690/10707] Built OAI.Analysis.MutuallyUnbiased.MixedSemantics.Canonical124 (71s)
✔ [10691/10710] Built OAI.Analysis.MutuallyUnbiased.MixedSemantics.Canonical126 (77s)
✔ [10692/10710] Built OAI.Analysis.MutuallyUnbiased.MixedSources.Arithmetic53 (65s)
✔ [10693/10710] Built OAI.Analysis.MutuallyUnbiased.MixedSources.Rows45 (56s)
✔ [10694/10710] Built OAI.Analysis.MutuallyUnbiased.MixedSources.Rows46 (50s)
✔ [10695/10712] Built OAI.Analysis.MutuallyUnbiased.MixedSources.Rows47 (60s)
✔ [10696/10713] Built OAI.Analysis.MutuallyUnbiased.MixedSemantics.Canonical127 (98s)
✔ [10697/10715] Built OAI.Analysis.MutuallyUnbiased.MixedSemantics.Canonical128 (94s)
✔ [10698/10716] Built OAI.Analysis.MutuallyUnbiased.MixedSemantics.Sources29 (173s)
✔ [10699/10717] Built OAI.Analysis.MutuallyUnbiased.MixedSources.Arithmetic54 (48s)
✔ [10700/10717] Built OAI.Analysis.MutuallyUnbiased.MixedSemantics.Canonical129 (111s)
✔ [10701/10720] Built OAI.Analysis.MutuallyUnbiased.MixedSemantics.Sources28 (247s)
✔ [10702/10720] Built OAI.Analysis.MutuallyUnbiased.MixedSources.Arithmetic55 (50s)
✔ [10703/10720] Built OAI.Analysis.MutuallyUnbiased.MixedSemantics.Canonical130 (95s)
✔ [10704/10720] Built OAI.Analysis.MutuallyUnbiased.MixedSources.Rows51 (43s)
✔ [10705/10720] Built OAI.Analysis.MutuallyUnbiased.MixedSources.Rows48 (45s)
✔ [10706/10721] Built OAI.Analysis.MutuallyUnbiased.MixedSemantics.Canonical131 (87s)
✔ [10707/10721] Built OAI.Analysis.MutuallyUnbiased.MixedSemantics.Canonical132 (81s)
✔ [10708/10723] Built OAI.Analysis.MutuallyUnbiased.MixedSources.Rows50 (48s)
✔ [10709/10724] Built OAI.Analysis.MutuallyUnbiased.MixedSemantics.Canonical134 (79s)
✔ [10710/10725] Built OAI.Analysis.MutuallyUnbiased.MixedSemantics.Canonical133 (81s)
✔ [10711/10726] Built OAI.Analysis.MutuallyUnbiased.MixedSources.Rows49 (51s)
✔ [10712/10729] Built OAI.Analysis.MutuallyUnbiased.MixedSources.Arithmetic56 (64s)
✔ [10713/10729] Built OAI.Analysis.MutuallyUnbiased.MixedSemantics.Sources30 (224s)
✔ [10714/10729] Built OAI.Analysis.MutuallyUnbiased.MixedSemantics.Canonical135 (91s)
✔ [10715/10731] Built OAI.Analysis.MutuallyUnbiased.MixedSemantics.Canonical136 (78s)
✔ [10716/10731] Built OAI.Analysis.MutuallyUnbiased.MixedSemantics.Canonical137 (75s)
✔ [10717/10732] Built OAI.Analysis.MutuallyUnbiased.MixedSemantics.Canonical138 (82s)
✔ [10718/10734] Built OAI.Analysis.MutuallyUnbiased.MixedSemantics.Canonical139 (96s)
✔ [10719/10735] Built OAI.Analysis.MutuallyUnbiased.MixedSources.Rows52 (51s)
✔ [10720/10736] Built OAI.Analysis.MutuallyUnbiased.MixedSources.Arithmetic57 (71s)
✔ [10721/10737] Built OAI.Analysis.MutuallyUnbiased.MixedSources.Arithmetic58 (66s)
✔ [10722/10740] Built OAI.Analysis.MutuallyUnbiased.MixedSemantics.Canonical140 (112s)
✔ [10723/10740] Built OAI.Analysis.MutuallyUnbiased.MixedSemantics.Canonical141 (104s)
✔ [10724/10740] Built OAI.Analysis.MutuallyUnbiased.MixedSemantics.Canonical142 (79s)
✔ [10725/10742] Built OAI.Analysis.MutuallyUnbiased.MixedSemantics.Canonical143 (93s)
✔ [10726/10743] Built OAI.Analysis.MutuallyUnbiased.MixedSemantics.Sources31 (235s)
✔ [10727/10743] Built OAI.Analysis.MutuallyUnbiased.MixedSemantics.Canonical147 (62s)
✔ [10728/10744] Built OAI.Analysis.MutuallyUnbiased.MixedSemantics.Canonical146 (65s)
✔ [10729/10744] Built OAI.Analysis.MutuallyUnbiased.MixedSemantics.Canonical145 (84s)
✔ [10730/10746] Built OAI.Analysis.MutuallyUnbiased.MixedSemantics.Canonical144 (90s)
✔ [10731/10747] Built OAI.Analysis.MutuallyUnbiased.MixedSources.Arithmetic59 (48s)
✔ [10732/10747] Built OAI.Analysis.MutuallyUnbiased.MixedSources.Arithmetic60 (50s)
✔ [10733/10750] Built OAI.Analysis.MutuallyUnbiased.MixedSources.Rows53 (57s)
✔ [10734/10750] Built OAI.Analysis.MutuallyUnbiased.MixedSources.Rows54 (55s)
✔ [10735/10752] Built OAI.Analysis.MutuallyUnbiased.MixedSemantics.Canonical148 (79s)
✔ [10736/10754] Built OAI.Analysis.MutuallyUnbiased.MixedSemantics.Canonical149 (81s)
✔ [10737/10757] Built OAI.Analysis.MutuallyUnbiased.MixedSemantics.Sources32 (255s)
✔ [10738/10757] Built OAI.Analysis.MutuallyUnbiased.MixedSemantics.Values65 (28s)
✔ [10739/10757] Built OAI.Analysis.MutuallyUnbiased.MixedSemantics.Zeros65 (29s)
✔ [10740/10757] Built OAI.Analysis.MutuallyUnbiased.MixedSemantics.Canonical150 (94s)
✔ [10741/10757] Built OAI.Analysis.MutuallyUnbiased.MixedSources.Arithmetic61 (56s)
✔ [10742/10762] Built OAI.Analysis.MutuallyUnbiased.MixedSemantics.Canonical151 (89s)
✔ [10743/10762] Built OAI.Analysis.MutuallyUnbiased.MixedSources.Arithmetic62 (32s)
✔ [10744/10762] Built OAI.Analysis.MutuallyUnbiased.MixedSemantics.Singletons65 (41s)
✔ [10745/10764] Built OAI.Analysis.MutuallyUnbiased.MixedSemantics.Canonical152 (110s)
✔ [10746/10765] Built OAI.Analysis.MutuallyUnbiased.MixedSources.Rows55 (59s)
✔ [10747/10768] Built OAI.Analysis.MutuallyUnbiased.MixedSemantics.Values67 (30s)
✔ [10748/10768] Built OAI.Analysis.MutuallyUnbiased.MixedSemantics.Sound65 (48s)
✔ [10749/10768] Built OAI.Analysis.MutuallyUnbiased.MixedSemantics.Canonical153 (110s)
✔ [10750/10769] Built OAI.Analysis.MutuallyUnbiased.MixedSemantics.Zeros67 (59s)
✔ [10751/10773] Built OAI.Analysis.MutuallyUnbiased.MixedSemantics.Canonical154 (112s)
✔ [10752/10773] Built OAI.Analysis.MutuallyUnbiased.MixedSemantics.Sources33 (315s)
✔ [10753/10774] Built OAI.Analysis.MutuallyUnbiased.MixedSources.Arithmetic63 (67s)
✔ [10754/10774] Built OAI.Analysis.MutuallyUnbiased.MixedSemantics.Canonical155 (119s)
✔ [10755/10774] Built OAI.Analysis.MutuallyUnbiased.MixedSemantics.Singletons67 (30s)
✔ [10756/10777] Built OAI.Analysis.MutuallyUnbiased.MixedSources.Arithmetic64 (26s)
✔ [10757/10777] Built OAI.Analysis.MutuallyUnbiased.MixedSources.Arithmetic65 (35s)
✔ [10758/10777] Built OAI.Analysis.MutuallyUnbiased.MixedSemantics.Sources34 (291s)
✔ [10759/10779] Built OAI.Analysis.MutuallyUnbiased.MixedSources.Rows56 (66s)
✔ [10760/10779] Built OAI.Analysis.MutuallyUnbiased.MixedSources.Rows57 (66s)
✔ [10761/10779] Built OAI.Analysis.MutuallyUnbiased.MixedSemantics.Canonical157 (82s)
✔ [10762/10780] Built OAI.Analysis.MutuallyUnbiased.MixedSemantics.Canonical156 (104s)
✔ [10763/10780] Built OAI.Analysis.MutuallyUnbiased.MixedSemantics.Sound67 (51s)
✔ [10764/10784] Built OAI.Analysis.MutuallyUnbiased.MixedSources.Arithmetic66 (35s)
✔ [10765/10786] Built OAI.Analysis.MutuallyUnbiased.MixedSources.Rows59 (48s)
✔ [10766/10786] Built OAI.Analysis.MutuallyUnbiased.MixedSemantics.Sources35 (217s)
✔ [10767/10786] Built OAI.Analysis.MutuallyUnbiased.MixedSources.Rows58 (49s)
✔ [10768/10786] Built OAI.Analysis.MutuallyUnbiased.MixedSources.Arithmetic67 (29s)
✔ [10769/10787] Built OAI.Analysis.MutuallyUnbiased.MixedSemantics.Canonical158 (89s)
✔ [10770/10787] Built OAI.Analysis.MutuallyUnbiased.MixedSemantics.Sources36 (149s)
✔ [10771/10788] Built OAI.Analysis.MutuallyUnbiased.MixedSources.Arithmetic68 (41s)
✔ [10772/10789] Built OAI.Analysis.MutuallyUnbiased.MixedSources.Rows61 (52s)
✔ [10773/10789] Built OAI.Analysis.MutuallyUnbiased.MixedSources.Rows60 (55s)
✔ [10774/10790] Built OAI.Analysis.MutuallyUnbiased.MixedSources.Arithmetic69 (47s)
✔ [10775/10793] Built OAI.Analysis.MutuallyUnbiased.MixedSources.Rows62 (38s)
✔ [10776/10793] Built OAI.Analysis.MutuallyUnbiased.MixedSources.Rows63 (34s)
✔ [10777/10795] Built OAI.Analysis.MutuallyUnbiased.MixedSemantics.Sources37 (125s)
✔ [10778/10795] Built OAI.Analysis.MutuallyUnbiased.MixedSemantics.Canonical159 (112s)
✔ [10779/10796] Built OAI.Analysis.MutuallyUnbiased.MixedSemantics.Canonical160 (114s)
✔ [10780/10796] Built OAI.Analysis.MutuallyUnbiased.MixedSemantics.Sources38 (92s)
✔ [10781/10797] Built OAI.Analysis.MutuallyUnbiased.MixedSources.Rows64 (49s)
✔ [10782/10797] Built OAI.Analysis.MutuallyUnbiased.MixedSources.Arithmetic70 (50s)
✔ [10783/10800] Built OAI.Analysis.MutuallyUnbiased.MixedSemantics.Canonical162 (100s)
✔ [10784/10800] Built OAI.Analysis.MutuallyUnbiased.MixedSources.Arithmetic71 (35s)
✔ [10785/10801] Built OAI.Analysis.MutuallyUnbiased.MixedSemantics.Canonical161 (108s)
✔ [10786/10805] Built OAI.Analysis.MutuallyUnbiased.MixedSemantics.Canonical164 (80s)
✔ [10787/10805] Built OAI.Analysis.MutuallyUnbiased.MixedSources.Rows65 (35s)
✔ [10788/10807] Built OAI.Analysis.MutuallyUnbiased.MixedSemantics.Canonical163 (95s)
✔ [10789/10807] Built OAI.Analysis.MutuallyUnbiased.MixedSources.Rows66 (24s)
✔ [10790/10808] Built OAI.Analysis.MutuallyUnbiased.MixedSources.Arithmetic72 (39s)
✔ [10791/10809] Built OAI.Analysis.MutuallyUnbiased.MixedSources.Arithmetic73 (51s)
✔ [10792/10811] Built OAI.Analysis.MutuallyUnbiased.MixedSemantics.Canonical165 (80s)
✔ [10793/10814] Built OAI.Analysis.MutuallyUnbiased.MixedSources.Arithmetic74 (45s)
✔ [10794/10814] Built OAI.Analysis.MutuallyUnbiased.MixedSemantics.Canonical166 (89s)
✔ [10795/10815] Built OAI.Analysis.MutuallyUnbiased.MixedSemantics.Canonical167 (89s)
✔ [10796/10815] Built OAI.Analysis.MutuallyUnbiased.MixedSemantics.Canonical168 (85s)
✔ [10797/10815] Built OAI.Analysis.MutuallyUnbiased.MixedSemantics.Sources39 (148s)
✔ [10798/10819] Built OAI.Analysis.MutuallyUnbiased.MixedSources.Arithmetic75 (43s)
✔ [10799/10819] Built OAI.Analysis.MutuallyUnbiased.MixedSemantics.Canonical172 (70s)
✔ [10800/10819] Built OAI.Analysis.MutuallyUnbiased.MixedSemantics.Canonical169 (96s)
✔ [10801/10821] Built OAI.Analysis.MutuallyUnbiased.MixedSemantics.Canonical170 (88s)
✔ [10802/10821] Built OAI.Analysis.MutuallyUnbiased.MixedSemantics.Canonical171 (80s)
✔ [10803/10821] Built OAI.Analysis.MutuallyUnbiased.MixedSources.Rows67 (48s)
✔ [10804/10822] Built OAI.Analysis.MutuallyUnbiased.MixedSources.Rows68 (32s)
✔ [10805/10825] Built OAI.Analysis.MutuallyUnbiased.MixedSemantics.Sources40 (184s)
✔ [10806/10825] Built OAI.Analysis.MutuallyUnbiased.MixedSemantics.Sources41 (108s)
✔ [10807/10825] Built OAI.Analysis.MutuallyUnbiased.MixedSources.Arithmetic77 (35s)
✔ [10808/10826] Built OAI.Analysis.MutuallyUnbiased.MixedSources.Arithmetic76 (36s)
✔ [10809/10826] Built OAI.Analysis.MutuallyUnbiased.MixedSemantics.Sources42 (135s)
✔ [10810/10826] Built OAI.Analysis.MutuallyUnbiased.MixedSemantics.Canonical174 (76s)
✔ [10811/10826] Built OAI.Analysis.MutuallyUnbiased.MixedSemantics.Canonical173 (79s)
✔ [10812/10827] Built OAI.Analysis.MutuallyUnbiased.MixedSources.Rows71 (30s)
✔ [10813/10828] Built OAI.Analysis.MutuallyUnbiased.MixedSources.Rows69 (60s)
✔ [10814/10831] Built OAI.Analysis.MutuallyUnbiased.MixedSources.Rows70 (57s)
✔ [10815/10831] Built OAI.Analysis.MutuallyUnbiased.MixedSources.Arithmetic78 (31s)
✔ [10816/10834] Built OAI.Analysis.MutuallyUnbiased.MixedSources.Rows72 (41s)
✔ [10817/10834] Built OAI.Analysis.MutuallyUnbiased.MixedSources.Rows73 (40s)
✔ [10818/10835] Built OAI.Analysis.MutuallyUnbiased.MixedSemantics.Sources43 (158s)
✔ [10819/10836] Built OAI.Analysis.MutuallyUnbiased.MixedSemantics.Canonical175 (98s)
✔ [10820/10836] Built OAI.Analysis.MutuallyUnbiased.MixedSources.Arithmetic80 (44s)
✔ [10821/10837] Built OAI.Analysis.MutuallyUnbiased.MixedSources.Arithmetic79 (48s)
✔ [10822/10840] Built OAI.Analysis.MutuallyUnbiased.MixedSemantics.Canonical177 (83s)
✔ [10823/10840] Built OAI.Analysis.MutuallyUnbiased.MixedSemantics.Canonical178 (78s)
✔ [10824/10842] Built OAI.Analysis.MutuallyUnbiased.MixedSemantics.Canonical176 (89s)
✔ [10825/10842] Built OAI.Analysis.MutuallyUnbiased.MixedSources.Rows74 (50s)
✔ [10826/10843] Built OAI.Analysis.MutuallyUnbiased.MixedSemantics.Sources44 (129s)
✔ [10827/10843] Built OAI.Analysis.MutuallyUnbiased.MixedSemantics.Canonical179 (88s)
✔ [10828/10843] Built OAI.Analysis.MutuallyUnbiased.MixedSemantics.Sources45 (86s)
✔ [10829/10844] Built OAI.Analysis.MutuallyUnbiased.MixedSemantics.Canonical180 (83s)
✔ [10830/10845] Built OAI.Analysis.MutuallyUnbiased.MixedSemantics.Canonical181 (79s)
✔ [10831/10848] Built OAI.Analysis.MutuallyUnbiased.MixedSemantics.Canonical182 (93s)
✔ [10832/10848] Built OAI.Analysis.MutuallyUnbiased.MixedSources.Rows75 (54s)
✔ [10833/10848] Built OAI.Analysis.MutuallyUnbiased.MixedSources.Rows77 (31s)
✔ [10834/10849] Built OAI.Analysis.MutuallyUnbiased.MixedSources.Rows76 (32s)
✔ [10835/10852] Built OAI.Analysis.MutuallyUnbiased.MixedSources.Arithmetic81 (72s)
✔ [10836/10854] Built OAI.Analysis.MutuallyUnbiased.MixedSources.Arithmetic82 (33s)
✔ [10837/10855] Built OAI.Analysis.MutuallyUnbiased.MixedSources.Arithmetic84 (32s)
✔ [10838/10858] Built OAI.Analysis.MutuallyUnbiased.MixedSources.Arithmetic83 (40s)
✔ [10839/10860] Built OAI.Analysis.MutuallyUnbiased.MixedSemantics.Canonical186 (68s)
✔ [10840/10861] Built OAI.Analysis.MutuallyUnbiased.MixedSemantics.Sources46 (171s)
✔ [10841/10861] Built OAI.Analysis.MutuallyUnbiased.MixedSemantics.Canonical183 (101s)
✔ [10842/10861] Built OAI.Analysis.MutuallyUnbiased.MixedSources.Arithmetic85 (47s)
✔ [10843/10861] Built OAI.Analysis.MutuallyUnbiased.MixedSemantics.Canonical184 (90s)
✔ [10844/10866] Built OAI.Analysis.MutuallyUnbiased.MixedSources.Arithmetic86 (22s)
✔ [10845/10866] Built OAI.Analysis.MutuallyUnbiased.MixedSources.Arithmetic87 (23s)
✔ [10846/10868] Built OAI.Analysis.MutuallyUnbiased.MixedSemantics.Canonical185 (97s)
✔ [10847/10868] Built OAI.Analysis.MutuallyUnbiased.MixedSources.Rows78 (37s)
✔ [10848/10869] Built OAI.Analysis.MutuallyUnbiased.MixedSources.Rows79 (36s)
✔ [10849/10869] Built OAI.Analysis.MutuallyUnbiased.MixedSemantics.Canonical187 (88s)
✔ [10850/10869] Built OAI.Analysis.MutuallyUnbiased.MixedSources.Arithmetic88 (51s)
✔ [10851/10871] Built OAI.Analysis.MutuallyUnbiased.MixedSemantics.Sources47 (181s)
✔ [10852/10871] Built OAI.Analysis.MutuallyUnbiased.MixedSemantics.Canonical188 (94s)
✔ [10853/10871] Built OAI.Analysis.MutuallyUnbiased.MixedSources.Arithmetic89 (50s)
✔ [10854/10872] Built OAI.Analysis.MutuallyUnbiased.MixedSemantics.Canonical189 (92s)
✔ [10855/10875] Built OAI.Analysis.MutuallyUnbiased.MixedSemantics.Canonical190 (94s)
✔ [10856/10875] Built OAI.Analysis.MutuallyUnbiased.MixedSources.Rows80 (40s)
✔ [10857/10875] Built OAI.Analysis.MutuallyUnbiased.MixedSources.Rows81 (38s)
✔ [10858/10876] Built OAI.Analysis.MutuallyUnbiased.MixedSemantics.Sources49 (114s)
✔ [10859/10876] Built OAI.Analysis.MutuallyUnbiased.MixedSemantics.Sources50 (82s)
✔ [10860/10877] Built OAI.Analysis.MutuallyUnbiased.MixedSemantics.Canonical191 (72s)
✔ [10861/10877] Built OAI.Analysis.MutuallyUnbiased.MixedSemantics.Canonical192 (69s)
✔ [10862/10878] Built OAI.Analysis.MutuallyUnbiased.MixedSources.Arithmetic90 (44s)
✔ [10863/10881] Built OAI.Analysis.MutuallyUnbiased.MixedSources.Rows84 (45s)
✔ [10864/10881] Built OAI.Analysis.MutuallyUnbiased.MixedSemantics.Sources48 (159s)
✔ [10865/10883] Built OAI.Analysis.MutuallyUnbiased.MixedSemantics.Canonical193 (87s)
✔ [10866/10883] Built OAI.Analysis.MutuallyUnbiased.MixedSources.Rows85 (31s)
✔ [10867/10883] Built OAI.Analysis.MutuallyUnbiased.MixedSemantics.Canonical194 (62s)
✔ [10868/10884] Built OAI.Analysis.MutuallyUnbiased.MixedSources.Rows86 (38s)
✔ [10869/10884] Built OAI.Analysis.MutuallyUnbiased.MixedSources.Rows83 (41s)
✔ [10870/10888] Built OAI.Analysis.MutuallyUnbiased.MixedSources.Rows82 (42s)
✔ [10871/10888] Built OAI.Analysis.MutuallyUnbiased.MixedSources.Arithmetic91 (48s)
✔ [10872/10889] Built OAI.Analysis.MutuallyUnbiased.MixedSemantics.Canonical195 (70s)
✔ [10873/10891] Built OAI.Analysis.MutuallyUnbiased.MixedSemantics.Canonical196 (73s)
✔ [10874/10892] Built OAI.Analysis.MutuallyUnbiased.MixedSemantics.Canonical197 (79s)
✔ [10875/10895] Built OAI.Analysis.MutuallyUnbiased.MixedSources.Arithmetic92 (47s)
✔ [10876/10895] Built OAI.Analysis.MutuallyUnbiased.MixedSemantics.Sources51 (168s)
✔ [10877/10895] Built OAI.Analysis.MutuallyUnbiased.MixedSources.Arithmetic93 (42s)
✔ [10878/10895] Built OAI.Analysis.MutuallyUnbiased.MixedSemantics.Canonical198 (69s)
✔ [10879/10897] Built OAI.Analysis.MutuallyUnbiased.MixedSemantics.Canonical199 (69s)
✔ [10880/10897] Built OAI.Analysis.MutuallyUnbiased.MixedSemantics.Canonical200 (105s)
✔ [10881/10897] Built OAI.Analysis.MutuallyUnbiased.MixedSemantics.Canonical201 (98s)
✔ [10882/10898] Built OAI.Analysis.MutuallyUnbiased.MixedSources.Rows87 (67s)
✔ [10883/10900] Built OAI.Analysis.MutuallyUnbiased.MixedSemantics.Canonical202 (86s)
✔ [10884/10903] Built OAI.Analysis.MutuallyUnbiased.MixedSources.Rows88 (73s)
✔ [10885/10903] Built OAI.Analysis.MutuallyUnbiased.MixedSemantics.Canonical203 (84s)
✔ [10886/10904] Built OAI.Analysis.MutuallyUnbiased.MixedSemantics.Sources52 (182s)
✔ [10887/10904] Built OAI.Analysis.MutuallyUnbiased.MixedSources.Arithmetic95 (31s)
✔ [10888/10904] Built OAI.Analysis.MutuallyUnbiased.MixedSources.Arithmetic94 (44s)
✔ [10889/10905] Built OAI.Analysis.MutuallyUnbiased.MixedSemantics.Sources53 (135s)
✔ [10890/10908] Built OAI.Analysis.MutuallyUnbiased.MixedSources.Arithmetic96 (38s)
✔ [10891/10908] Built OAI.Analysis.MutuallyUnbiased.MixedSemantics.Canonical204 (59s)
✔ [10892/10908] Built OAI.Analysis.MutuallyUnbiased.MixedSemantics.Canonical206 (60s)
✔ [10893/10908] Built OAI.Analysis.MutuallyUnbiased.MixedSemantics.Canonical205 (70s)
✔ [10894/10910] Built OAI.Analysis.MutuallyUnbiased.MixedSources.Rows90 (55s)
✔ [10895/10911] Built OAI.Analysis.MutuallyUnbiased.MixedSources.Rows89 (59s)
✔ [10896/10912] Built OAI.Analysis.MutuallyUnbiased.MixedSources.Rows91 (34s)
✔ [10897/10917] Built OAI.Analysis.MutuallyUnbiased.MixedSources.Arithmetic97 (40s)
✔ [10898/10917] Built OAI.Analysis.MutuallyUnbiased.MixedSources.Arithmetic98 (39s)
✔ [10899/10917] Built OAI.Analysis.MutuallyUnbiased.MixedSemantics.Canonical208 (68s)
✔ [10900/10918] Built OAI.Analysis.MutuallyUnbiased.MixedSemantics.Canonical207 (75s)
✔ [10901/10918] Built OAI.Analysis.MutuallyUnbiased.MixedSemantics.Sources54 (156s)
✔ [10902/10919] Built OAI.Analysis.MutuallyUnbiased.MixedSemantics.Canonical209 (59s)
✔ [10903/10922] Built OAI.Analysis.MutuallyUnbiased.MixedSources.Arithmetic99 (39s)
✔ [10904/10922] Built OAI.Analysis.MutuallyUnbiased.MixedSemantics.Sources55 (187s)
✔ [10905/10924] Built OAI.Analysis.MutuallyUnbiased.MixedSemantics.Canonical210 (69s)
✔ [10906/10924] Built OAI.Analysis.MutuallyUnbiased.MixedSemantics.Canonical212 (68s)
✔ [10907/10924] Built OAI.Analysis.MutuallyUnbiased.MixedSemantics.Sources56 (134s)
✔ [10908/10924] Built OAI.Analysis.MutuallyUnbiased.MixedSemantics.Canonical211 (87s)
✔ [10909/10925] Built OAI.Analysis.MutuallyUnbiased.MixedSources.Rows92 (67s)
✔ [10910/10925] Built OAI.Analysis.MutuallyUnbiased.MixedSources.Arithmetic100 (31s)
✔ [10911/10929] Built OAI.Analysis.MutuallyUnbiased.MixedSources.Rows93 (42s)
✔ [10912/10929] Built OAI.Analysis.MutuallyUnbiased.MixedSources.Rows94 (42s)
✔ [10913/10931] Built OAI.Analysis.MutuallyUnbiased.MixedSemantics.Canonical213 (75s)
✔ [10914/10933] Built OAI.Analysis.MutuallyUnbiased.MixedSources.Rows95 (37s)
✔ [10915/10936] Built OAI.Analysis.MutuallyUnbiased.MixedSources.Arithmetic101 (22s)
✔ [10916/10936] Built OAI.Analysis.MutuallyUnbiased.MixedSemantics.Canonical214 (69s)
✔ [10917/10937] Built OAI.Analysis.MutuallyUnbiased.MixedSemantics.Sources57 (132s)
✔ [10918/10938] Built OAI.Analysis.MutuallyUnbiased.MixedSources.Arithmetic102 (26s)
✔ [10919/10938] Built OAI.Analysis.MutuallyUnbiased.MixedSemantics.Values77 (24s)
✔ [10920/10938] Built OAI.Analysis.MutuallyUnbiased.MixedSemantics.Zeros77 (26s)
✔ [10921/10939] Built OAI.Analysis.MutuallyUnbiased.MixedSemantics.Singletons77 (32s)
✔ [10922/10942] Built OAI.Analysis.MutuallyUnbiased.MixedSemantics.Canonical215 (72s)
✔ [10923/10942] Built OAI.Analysis.MutuallyUnbiased.MixedSources.Rows96 (42s)
✔ [10924/10942] Built OAI.Analysis.MutuallyUnbiased.MixedSources.Rows97 (41s)
✔ [10925/10942] Built OAI.Analysis.MutuallyUnbiased.MixedSemantics.Canonical216 (95s)
✔ [10926/10942] Built OAI.Analysis.MutuallyUnbiased.MixedSources.Arithmetic103 (56s)
✔ [10927/10944] Built OAI.Analysis.MutuallyUnbiased.MixedSemantics.Sound77 (50s)
✔ [10928/10944] Built OAI.Analysis.MutuallyUnbiased.MixedSemantics.Sources59 (105s)
✔ [10929/10945] Built OAI.Analysis.MutuallyUnbiased.MixedSemantics.Canonical217 (97s)
✔ [10930/10949] Built OAI.Analysis.MutuallyUnbiased.MixedSemantics.Canonical218 (96s)
✔ [10931/10949] Built OAI.Analysis.MutuallyUnbiased.MixedSemantics.Sources58 (192s)
✔ [10932/10949] Built OAI.Analysis.MutuallyUnbiased.MixedSemantics.Canonical219 (96s)
✔ [10933/10950] Built OAI.Analysis.MutuallyUnbiased.MixedSources.Rows100 (40s)
✔ [10934/10950] Built OAI.Analysis.MutuallyUnbiased.MixedSources.Arithmetic104 (52s)
✔ [10935/10951] Built OAI.Analysis.MutuallyUnbiased.MixedSources.Arithmetic105 (41s)
✔ [10936/10955] Built OAI.Analysis.MutuallyUnbiased.MixedSemantics.Canonical220 (105s)
✔ [10937/10955] Built OAI.Analysis.MutuallyUnbiased.MixedSources.Rows98 (46s)
✔ [10938/10955] Built OAI.Analysis.MutuallyUnbiased.MixedSources.Rows99 (46s)
✔ [10939/10956] Built OAI.Analysis.MutuallyUnbiased.MixedSources.Arithmetic106 (51s)
✔ [10940/10960] Built OAI.Analysis.MutuallyUnbiased.MixedSemantics.Canonical221 (121s)
✔ [10941/10960] Built OAI.Analysis.MutuallyUnbiased.MixedSemantics.Canonical222 (100s)
✔ [10942/10960] Built OAI.Analysis.MutuallyUnbiased.MixedSemantics.Sources60 (152s)
✔ [10943/10961] Built OAI.Analysis.MutuallyUnbiased.MixedSources.Arithmetic107 (50s)
✔ [10944/10961] Built OAI.Analysis.MutuallyUnbiased.MixedSemantics.Canonical223 (102s)
✔ [10945/10961] Built OAI.Analysis.MutuallyUnbiased.MixedSemantics.Canonical224 (87s)
✔ [10946/10965] Built OAI.Analysis.MutuallyUnbiased.MixedSemantics.Canonical225 (72s)
✔ [10947/10965] Built OAI.Analysis.MutuallyUnbiased.MixedSources.Rows101 (41s)
✔ [10948/10965] Built OAI.Analysis.MutuallyUnbiased.MixedSources.Rows102 (41s)
✔ [10949/10967] Built OAI.Analysis.MutuallyUnbiased.MixedSources.Arithmetic108 (44s)
✔ [10950/10968] Built OAI.Analysis.MutuallyUnbiased.MixedSemantics.Canonical226 (75s)
✔ [10951/10972] Built OAI.Analysis.MutuallyUnbiased.MixedSemantics.Canonical227 (80s)
✔ [10952/10972] Built OAI.Analysis.MutuallyUnbiased.MixedSources.Arithmetic109 (29s)
✔ [10953/10972] Built OAI.Analysis.MutuallyUnbiased.MixedSources.Arithmetic110 (24s)
✔ [10954/10973] Built OAI.Analysis.MutuallyUnbiased.MixedSemantics.Canonical228 (94s)
✔ [10955/10977] Built OAI.Analysis.MutuallyUnbiased.MixedSemantics.Sources62 (129s)
✔ [10956/10977] Built OAI.Analysis.MutuallyUnbiased.MixedSemantics.Canonical229 (85s)
✔ [10957/10979] Built OAI.Analysis.MutuallyUnbiased.MixedSemantics.Sources61 (194s)
✔ [10958/10979] Built OAI.Analysis.MutuallyUnbiased.MixedSemantics.Canonical230 (71s)
✔ [10959/10979] Built OAI.Analysis.MutuallyUnbiased.MixedSources.Arithmetic111 (56s)
✔ [10960/10980] Built OAI.Analysis.MutuallyUnbiased.MixedSemantics.Canonical231 (93s)
✔ [10961/10980] Built OAI.Analysis.MutuallyUnbiased.MixedSources.Arithmetic112 (49s)
✔ [10962/10980] Built OAI.Analysis.MutuallyUnbiased.MixedSemantics.Sources64 (110s)
✔ [10963/10980] Built OAI.Analysis.MutuallyUnbiased.MixedSemantics.Canonical232 (66s)
✔ [10964/10982] Built OAI.Analysis.MutuallyUnbiased.MixedSemantics.Canonical233 (65s)
✔ [10965/10982] Built OAI.Analysis.MutuallyUnbiased.MixedSources.Rows105 (32s)
✔ [10966/10985] Built OAI.Analysis.MutuallyUnbiased.MixedSources.Rows103 (47s)
✔ [10967/10985] Built OAI.Analysis.MutuallyUnbiased.MixedSources.Rows104 (42s)
✔ [10968/10986] Built OAI.Analysis.MutuallyUnbiased.MixedSemantics.Sources63 (193s)
✔ [10969/10986] Built OAI.Analysis.MutuallyUnbiased.MixedSources.Arithmetic113 (46s)
✔ [10970/10987] Built OAI.Analysis.MutuallyUnbiased.MixedSemantics.Sources65 (112s)
✔ [10971/10988] Built OAI.Analysis.MutuallyUnbiased.MixedSources.Arithmetic114 (42s)
✔ [10972/10988] Built OAI.Analysis.MutuallyUnbiased.MixedSemantics.Canonical234 (86s)
✔ [10973/10988] Built OAI.Analysis.MutuallyUnbiased.MixedSemantics.Canonical235 (73s)
✔ [10974/10989] Built OAI.Analysis.MutuallyUnbiased.MixedSemantics.Canonical236 (71s)
✔ [10975/10989] Built OAI.Analysis.MutuallyUnbiased.MixedSources.Rows109 (35s)
✔ [10976/10992] Built OAI.Analysis.MutuallyUnbiased.MixedSources.Rows106 (77s)
✔ [10977/10992] Built OAI.Analysis.MutuallyUnbiased.MixedSources.Rows107 (73s)
✔ [10978/10992] Built OAI.Analysis.MutuallyUnbiased.MixedSources.Rows108 (39s)
✔ [10979/10994] Built OAI.Analysis.MutuallyUnbiased.MixedSemantics.Sources66 (133s)
✔ [10980/10994] Built OAI.Analysis.MutuallyUnbiased.MixedSemantics.Sources67 (149s)
✔ [10981/10997] Built OAI.Analysis.MutuallyUnbiased.MixedSemantics.Canonical237 (93s)
✔ [10982/10997] Built OAI.Analysis.MutuallyUnbiased.MixedSemantics.Canonical238 (85s)
✔ [10983/10997] Built OAI.Analysis.MutuallyUnbiased.MixedSemantics.Canonical241 (84s)
✔ [10984/10997] Built OAI.Analysis.MutuallyUnbiased.MixedSemantics.Canonical240 (86s)
✔ [10985/10999] Built OAI.Analysis.MutuallyUnbiased.MixedSemantics.Canonical239 (90s)
✔ [10986/10999] Built OAI.Analysis.MutuallyUnbiased.MixedSources.Rows110 (51s)
✔ [10987/11000] Built OAI.Analysis.MutuallyUnbiased.MixedSemantics.Canonical242 (114s)
✔ [10988/11002] Built OAI.Analysis.MutuallyUnbiased.MixedSources.Rows111 (52s)
✔ [10989/11003] Built OAI.Analysis.MutuallyUnbiased.MixedSources.Rows112 (42s)
✔ [10990/11006] Built OAI.Analysis.MutuallyUnbiased.MixedSources.Arithmetic115 (48s)
✔ [10991/11006] Built OAI.Analysis.MutuallyUnbiased.MixedSemantics.Canonical243 (89s)
✔ [10992/11007] Built OAI.Analysis.MutuallyUnbiased.MixedSemantics.Sources68 (166s)
✔ [10993/11007] Built OAI.Analysis.MutuallyUnbiased.MixedSemantics.Canonical244 (94s)
✔ [10994/11007] Built OAI.Analysis.MutuallyUnbiased.MixedSources.Arithmetic116 (64s)
✔ [10995/11008] Built OAI.Analysis.MutuallyUnbiased.MixedSemantics.Canonical245 (95s)
✔ [10996/11008] Built OAI.Analysis.MutuallyUnbiased.MixedSemantics.Canonical246 (92s)
✔ [10997/11012] Built OAI.Analysis.MutuallyUnbiased.MixedSources.Rows113 (57s)
✔ [10998/11014] Built OAI.Analysis.MutuallyUnbiased.MixedSources.Arithmetic117 (47s)
✔ [10999/11017] Built OAI.Analysis.MutuallyUnbiased.MixedSemantics.Canonical247 (91s)
✔ [11000/11017] Built OAI.Analysis.MutuallyUnbiased.MixedSemantics.Canonical248 (83s)
✔ [11001/11019] Built OAI.Analysis.MutuallyUnbiased.MixedSources.Arithmetic118 (27s)
✔ [11002/11019] Built OAI.Analysis.MutuallyUnbiased.MixedSemantics.Canonical250 (71s)
✔ [11003/11020] Built OAI.Analysis.MutuallyUnbiased.MixedSemantics.Canonical249 (71s)
✔ [11004/11020] Built OAI.Analysis.MutuallyUnbiased.MixedSemantics.Canonical251 (69s)
✔ [11005/11022] Built OAI.Analysis.MutuallyUnbiased.MixedSemantics.Canonical252 (64s)
✔ [11006/11025] Built OAI.Analysis.MutuallyUnbiased.MixedSemantics.Canonical253 (65s)
✔ [11007/11025] Built OAI.Analysis.MutuallyUnbiased.MixedSemantics.Sources69 (217s)
✔ [11008/11025] Built OAI.Analysis.MutuallyUnbiased.MixedSources.Arithmetic120 (52s)
✔ [11009/11026] Built OAI.Analysis.MutuallyUnbiased.MixedSources.Arithmetic119 (62s)
✔ [11010/11028] Built OAI.Analysis.MutuallyUnbiased.MixedSemantics.Canonical254 (67s)
✔ [11011/11029] Built OAI.Analysis.MutuallyUnbiased.MixedSemantics.Sources70 (179s)
✔ [11012/11032] Built OAI.Analysis.MutuallyUnbiased.MixedSemantics.Canonical255 (69s)
✔ [11013/11032] Built OAI.Analysis.MutuallyUnbiased.MixedSources.Arithmetic121 (59s)
✔ [11014/11032] Built OAI.Analysis.MutuallyUnbiased.MixedSemantics.Sources72 (117s)
✔ [11015/11032] Built OAI.Analysis.MutuallyUnbiased.MixedSemantics.Canonical256 (85s)
✔ [11016/11033] Built OAI.Analysis.MutuallyUnbiased.MixedSemantics.Canonical258 (62s)
✔ [11017/11033] Built OAI.Analysis.MutuallyUnbiased.MixedSemantics.Canonical257 (65s)
✔ [11018/11035] Built OAI.Analysis.MutuallyUnbiased.MixedSemantics.Canonical259 (64s)
✔ [11019/11036] Built OAI.Analysis.MutuallyUnbiased.MixedSemantics.Sources71 (193s)
✔ [11020/11036] Built OAI.Analysis.MutuallyUnbiased.MixedSources.Rows115 (55s)
✔ [11021/11036] Built OAI.Analysis.MutuallyUnbiased.MixedSources.Rows114 (60s)
✔ [11022/11039] Built OAI.Analysis.MutuallyUnbiased.MixedSources.Arithmetic122 (57s)
✔ [11023/11039] Built OAI.Analysis.MutuallyUnbiased.MixedSemantics.Canonical260 (68s)
✔ [11024/11040] Built OAI.Analysis.MutuallyUnbiased.MixedSemantics.Canonical261 (70s)
✔ [11025/11040] Built OAI.Analysis.MutuallyUnbiased.MixedSemantics.Canonical262 (88s)
✔ [11026/11042] Built OAI.Analysis.MutuallyUnbiased.MixedSources.Rows117 (66s)
✔ [11027/11043] Built OAI.Analysis.MutuallyUnbiased.MixedSources.Rows116 (69s)
✔ [11028/11046] Built OAI.Analysis.MutuallyUnbiased.MixedSemantics.Sources73 (242s)
✔ [11029/11046] Built OAI.Analysis.MutuallyUnbiased.MixedSemantics.Canonical264 (65s)
✔ [11030/11046] Built OAI.Analysis.MutuallyUnbiased.MixedSemantics.Canonical263 (89s)
✔ [11031/11046] Built OAI.Analysis.MutuallyUnbiased.MixedSources.Arithmetic123 (54s)
✔ [11032/11048] Built OAI.Analysis.MutuallyUnbiased.MixedSources.Rows118 (49s)
✔ [11033/11048] Built OAI.Analysis.MutuallyUnbiased.MixedSemantics.Canonical265 (73s)
✔ [11034/11049] Built OAI.Analysis.MutuallyUnbiased.MixedSemantics.Canonical266 (83s)
✔ [11035/11050] Built OAI.Analysis.MutuallyUnbiased.MixedSemantics.Sources74 (196s)
✔ [11036/11051] Built OAI.Analysis.MutuallyUnbiased.MixedSemantics.Canonical267 (85s)
✔ [11037/11052] Built OAI.Analysis.MutuallyUnbiased.MixedSources.Rows119 (62s)
✔ [11038/11055] Built OAI.Analysis.MutuallyUnbiased.MixedSemantics.Canonical268 (84s)
✔ [11039/11055] Built OAI.Analysis.MutuallyUnbiased.MixedSources.Rows120 (46s)
✔ [11040/11055] Built OAI.Analysis.MutuallyUnbiased.MixedSources.Arithmetic124 (63s)
✔ [11041/11057] Built OAI.Analysis.MutuallyUnbiased.MixedSources.Arithmetic125 (52s)
✔ [11042/11058] Built OAI.Analysis.MutuallyUnbiased.MixedSemantics.Canonical269 (64s)
✔ [11043/11060] Built OAI.Analysis.MutuallyUnbiased.MixedSources.Arithmetic126 (45s)
✔ [11044/11061] Built OAI.Analysis.MutuallyUnbiased.MixedSemantics.Canonical270 (83s)
✔ [11045/11064] Built OAI.Analysis.MutuallyUnbiased.MixedSemantics.Canonical271 (85s)
✔ [11046/11064] Built OAI.Analysis.MutuallyUnbiased.MixedSources.Arithmetic127 (60s)
✔ [11047/11065] Built OAI.Analysis.MutuallyUnbiased.MixedSemantics.Canonical272 (94s)
✔ [11048/11065] Built OAI.Analysis.MutuallyUnbiased.MixedSemantics.Sources75 (285s)
✔ [11049/11066] Built OAI.Analysis.MutuallyUnbiased.MixedSemantics.Canonical273 (105s)
✔ [11050/11067] Built OAI.Analysis.MutuallyUnbiased.MixedSources.Arithmetic128 (59s)
✔ [11051/11068] Built OAI.Analysis.MutuallyUnbiased.MixedSemantics.Canonical274 (110s)
✔ [11052/11069] Built OAI.Analysis.MutuallyUnbiased.MixedSemantics.Sources76 (224s)
✔ [11053/11069] Built OAI.Analysis.MutuallyUnbiased.MixedSemantics.Canonical276 (85s)
✔ [11054/11072] Built OAI.Analysis.MutuallyUnbiased.MixedSemantics.Canonical275 (90s)
✔ [11055/11072] Built OAI.Analysis.MutuallyUnbiased.MixedSources.Rows121 (57s)
✔ [11056/11072] Built OAI.Analysis.MutuallyUnbiased.MixedSources.Rows122 (68s)
✔ [11057/11073] Built OAI.Analysis.MutuallyUnbiased.MixedSemantics.Canonical277 (86s)
✔ [11058/11075] Built OAI.Analysis.MutuallyUnbiased.MixedSemantics.Canonical279 (81s)
✔ [11059/11076] Built OAI.Analysis.MutuallyUnbiased.MixedSemantics.Canonical278 (83s)
✔ [11060/11077] Built OAI.Analysis.MutuallyUnbiased.MixedSemantics.Canonical280 (92s)
✔ [11061/11080] Built OAI.Analysis.MutuallyUnbiased.MixedSemantics.Sources77 (270s)
✔ [11062/11080] Built OAI.Analysis.MutuallyUnbiased.MixedSources.Arithmetic129 (60s)
✔ [11063/11080] Built OAI.Analysis.MutuallyUnbiased.MixedSemantics.Canonical283 (78s)
✔ [11064/11080] Built OAI.Analysis.MutuallyUnbiased.MixedSemantics.Canonical282 (88s)
✔ [11065/11081] Built OAI.Analysis.MutuallyUnbiased.MixedSemantics.Canonical281 (96s)
✔ [11066/11083] Built OAI.Analysis.MutuallyUnbiased.MixedSemantics.Canonical284 (99s)
✔ [11067/11083] Built OAI.Analysis.MutuallyUnbiased.MixedSemantics.Canonical285 (94s)
✔ [11068/11084] Built OAI.Analysis.MutuallyUnbiased.MixedSources.Rows123 (70s)
✔ [11069/11088] Built OAI.Analysis.MutuallyUnbiased.MixedSources.Rows124 (51s)
✔ [11070/11088] Built OAI.Analysis.MutuallyUnbiased.MixedSemantics.Sources78 (258s)
✔ [11071/11088] Built OAI.Analysis.MutuallyUnbiased.MixedSources.Arithmetic130 (56s)
✔ [11072/11088] Built OAI.Analysis.MutuallyUnbiased.MixedSemantics.Canonical286 (107s)
✔ [11073/11088] Built OAI.Analysis.MutuallyUnbiased.MixedSemantics.Canonical287 (82s)
✔ [11074/11090] Built OAI.Analysis.MutuallyUnbiased.MixedSemantics.Canonical288 (72s)
✔ [11075/11090] Built OAI.Analysis.MutuallyUnbiased.MixedSemantics.Canonical289 (74s)
✔ [11076/11091] Built OAI.Analysis.MutuallyUnbiased.MixedSemantics.Canonical290 (77s)
✔ [11077/11094] Built OAI.Analysis.MutuallyUnbiased.MixedSemantics.Sources79 (242s)
✔ [11078/11094] Built OAI.Analysis.MutuallyUnbiased.MixedSources.Rows126 (41s)
✔ [11079/11095] Built OAI.Analysis.MutuallyUnbiased.MixedSources.Rows125 (65s)
✔ [11080/11098] Built OAI.Analysis.MutuallyUnbiased.MixedSources.Arithmetic132 (33s)
✔ [11081/11099] Built OAI.Analysis.MutuallyUnbiased.MixedSources.Arithmetic131 (45s)
✔ [11082/11103] Built OAI.Analysis.MutuallyUnbiased.MixedSources.Arithmetic133 (41s)
✔ [11083/11103] Built OAI.Analysis.MutuallyUnbiased.MixedSources.Arithmetic134 (31s)
✔ [11084/11104] Built OAI.Analysis.MutuallyUnbiased.MixedSemantics.Canonical291 (90s)
✔ [11085/11106] Built OAI.Analysis.MutuallyUnbiased.MixedSources.Rows127 (57s)
✔ [11086/11108] Built OAI.Analysis.MutuallyUnbiased.MixedSemantics.Canonical292 (100s)
✔ [11087/11108] Built OAI.Analysis.MutuallyUnbiased.MixedSources.Arithmetic135 (30s)
✔ [11088/11110] Built OAI.Analysis.MutuallyUnbiased.MixedSemantics.Canonical293 (103s)
✔ [11089/11110] Built OAI.Analysis.MutuallyUnbiased.MixedSemantics.Canonical295 (71s)
✔ [11090/11112] Built OAI.Analysis.MutuallyUnbiased.MixedSemantics.Sources80 (269s)
✔ [11091/11112] Built OAI.Analysis.MutuallyUnbiased.MixedSemantics.Canonical294 (87s)
✔ [11092/11114] Built OAI.Analysis.MutuallyUnbiased.MixedSources.Arithmetic136 (53s)
✔ [11093/11114] Built OAI.Analysis.MutuallyUnbiased.MixedSources.Arithmetic137 (31s)
✔ [11094/11114] Built OAI.Analysis.MutuallyUnbiased.MixedSources.Arithmetic138 (33s)
✔ [11095/11114] Built OAI.Analysis.MutuallyUnbiased.MixedSemantics.Sources83 (85s)
✔ [11096/11114] Built OAI.Analysis.MutuallyUnbiased.MixedSources.Rows128 (45s)
✔ [11097/11116] Built OAI.Analysis.MutuallyUnbiased.MixedSemantics.Sources84 (61s)
✔ [11098/11116] Built OAI.Analysis.MutuallyUnbiased.MixedSemantics.Sources86 (50s)
✔ [11099/11122] Built OAI.Analysis.MutuallyUnbiased.MixedSources.Rows136 (45s)
✔ [11100/11122] Built OAI.Analysis.MutuallyUnbiased.MixedSources.Rows137 (25s)
✔ [11101/11122] Built OAI.Analysis.MutuallyUnbiased.MixedSources.Rows138 (24s)
✔ [11102/11122] Built OAI.Analysis.MutuallyUnbiased.MixedSources.Arithmetic139 (46s)
✔ [11103/11122] Built OAI.Analysis.MutuallyUnbiased.MixedSemantics.Sources81 (245s)
✔ [11104/11124] Built OAI.Analysis.MutuallyUnbiased.MixedSemantics.Sources85 (73s)
✔ [11105/11124] Built OAI.Analysis.MutuallyUnbiased.MixedSources.Rows133 (33s)
✔ [11106/11124] Built OAI.Analysis.MutuallyUnbiased.MixedSources.Rows139 (23s)
✔ [11107/11124] Built OAI.Analysis.MutuallyUnbiased.MixedSources.Arithmetic142 (26s)
✔ [11108/11126] Built OAI.Analysis.MutuallyUnbiased.MixedSources.Arithmetic140 (27s)
✔ [11109/11126] Built OAI.Analysis.MutuallyUnbiased.MixedSources.Arithmetic141 (27s)
✔ [11110/11126] Built OAI.Analysis.MutuallyUnbiased.MixedSources.Arithmetic143 (30s)
✔ [11111/11128] Built OAI.Analysis.MutuallyUnbiased.MixedSources.Arithmetic144 (26s)
✔ [11112/11128] Built OAI.Analysis.MutuallyUnbiased.MixedSources.Rows135 (27s)
✔ [11113/11128] Built OAI.Analysis.MutuallyUnbiased.MixedSources.Rows129 (44s)
✔ [11114/11130] Built OAI.Analysis.MutuallyUnbiased.MixedSources.Rows140 (26s)
✔ [11115/11130] Built OAI.Analysis.MutuallyUnbiased.MixedSources.Rows142 (27s)
✔ [11116/11132] Built OAI.Analysis.MutuallyUnbiased.MixedSources.Rows134 (31s)
✔ [11117/11134] Built OAI.Analysis.MutuallyUnbiased.MixedSources.Rows141 (20s)
✔ [11118/11136] Built OAI.Analysis.MutuallyUnbiased.MixedSources.Arithmetic145 (29s)
✔ [11119/11136] Built OAI.Analysis.MutuallyUnbiased.MixedSemantics.Sources82 (217s)
✔ [11120/11139] Built OAI.Analysis.MutuallyUnbiased.MixedSources.Rows143 (21s)
✔ [11121/11139] Built OAI.Analysis.MutuallyUnbiased.MixedSources.Rows144 (20s)
✔ [11122/11139] Built OAI.Analysis.MutuallyUnbiased.MixedSources.Arithmetic146 (26s)
✔ [11123/11139] Built OAI.Analysis.MutuallyUnbiased.MixedSources.Arithmetic147 (26s)
✔ [11124/11139] Built OAI.Analysis.MutuallyUnbiased.MixedSources.Arithmetic148 (28s)
✔ [11125/11139] Built OAI.Analysis.MutuallyUnbiased.MixedSources.Rows145 (19s)
✔ [11126/11139] Built OAI.Analysis.MutuallyUnbiased.MixedSources.Arithmetic149 (26s)
✔ [11127/11139] Built OAI.Analysis.MutuallyUnbiased.MixedSources.Arithmetic150 (32s)
✔ [11128/11139] Built OAI.Analysis.MutuallyUnbiased.MixedSources.Rows131 (33s)
✔ [11129/11141] Built OAI.Analysis.MutuallyUnbiased.MixedSources.Rows132 (28s)
✔ [11130/11143] Built OAI.Analysis.MutuallyUnbiased.MixedSources.Arithmetic151 (29s)
✔ [11131/11145] Built OAI.Analysis.MutuallyUnbiased.MixedSources.Rows146 (25s)
✔ [11132/11145] Built OAI.Analysis.MutuallyUnbiased.MixedSources.Rows147 (25s)
✔ [11133/11259] Built OAI.Analysis.MutuallyUnbiased.MixedSources.Rows130 (42s)
✔ [11134/11293] Built OAI.Analysis.MutuallyUnbiased.MixedSources.Rows148 (24s)
✔ [11135/11293] Built OAI.Analysis.MutuallyUnbiased.Certificate.CompareMerge (7.0s)
✔ [11136/11302] Built OAI.Analysis.MutuallyUnbiased.MixedSources.Rows149 (18s)
✔ [11137/11304] Built OAI.Analysis.MutuallyUnbiased.MixedSemantics.ExtraNodes (17s)
✔ [11138/11304] Built OAI.Analysis.MutuallyUnbiased.MixedSources.Rows150 (19s)
✔ [11139/11304] Built OAI.Analysis.MutuallyUnbiased.Moments.GramNormalization (18s)
✔ [11140/11304] Built OAI.Analysis.MutuallyUnbiased.MixedSources.Rows151 (19s)
✔ [11141/11304] Built OAI.Analysis.MutuallyUnbiased.MixedSemantics.Canonical297 (55s)
✔ [11142/11304] Built OAI.Analysis.MutuallyUnbiased.MixedSemantics.Canonical298 (69s)
✔ [11143/11304] Built OAI.Analysis.MutuallyUnbiased.MixedSemantics.Canonical314 (83s)
✔ [11144/11306] Built OAI.Analysis.MutuallyUnbiased.MixedSemantics.Canonical315 (84s)
✔ [11145/11306] Built OAI.Analysis.MutuallyUnbiased.Certificate.MixedTargetBasic (25s)
✔ [11146/11308] Built OAI.Analysis.MutuallyUnbiased.MixedSemantics.Canonical311 (97s)
✔ [11147/11320] Built OAI.Analysis.MutuallyUnbiased.MixedSemantics.Canonical313 (104s)
✔ [11148/11329] Built OAI.Analysis.MutuallyUnbiased.MixedSemantics.Canonical312 (105s)
✔ [11149/11340] Built OAI.Analysis.MutuallyUnbiased.MixedSemantics.Canonical310 (104s)
✔ [11150/11349] Built OAI.Analysis.MutuallyUnbiased.MixedSemantics.Canonical308 (70s)
✔ [11151/11358] Built OAI.Analysis.MutuallyUnbiased.MixedSemantics.Canonical309 (116s)
✔ [11152/11367] Built OAI.Analysis.MutuallyUnbiased.MixedSources.Main (87s)
✔ [11153/11376] Built OAI.Analysis.MutuallyUnbiased.MixedSemantics.Canonical319 (77s)
✔ [11154/11385] Built OAI.Analysis.MutuallyUnbiased.MixedSemantics.Canonical318 (87s)
✔ [11155/11392] Built OAI.Analysis.MutuallyUnbiased.MixedSemantics.Canonical317 (90s)
✔ [11156/11397] Built OAI.Analysis.MutuallyUnbiased.MixedSemantics.Canonical316 (99s)
✔ [11157/11399] Built OAI.Analysis.MutuallyUnbiased.GramAssembly.Coordinates (138s)
✔ [11158/11399] Built OAI.Analysis.MutuallyUnbiased.MixedTargets.Keys0 (41s)
✔ [11159/11399] Built OAI.Analysis.MutuallyUnbiased.MixedSemantics.Canonical320 (133s)
✔ [11160/11399] Built OAI.Analysis.MutuallyUnbiased.MixedSemantics.Canonical323 (83s)
✔ [11161/11399] Built OAI.Analysis.MutuallyUnbiased.MixedSemantics.Canonical321 (111s)
✔ [11162/11399] Built OAI.Analysis.MutuallyUnbiased.MixedSemantics.Canonical322 (89s)
✔ [11163/11399] Built OAI.Analysis.MutuallyUnbiased.MixedSemantics.Canonical325 (87s)
✔ [11164/11399] Built OAI.Analysis.MutuallyUnbiased.MixedTargets.Keys1 (27s)
✔ [11165/11399] Built OAI.Analysis.MutuallyUnbiased.MixedTargets.Keys2 (23s)
✔ [11166/11399] Built OAI.Analysis.MutuallyUnbiased.MixedTargets.Keys3 (16s)
✔ [11167/11399] Built OAI.Analysis.MutuallyUnbiased.MixedTargets.Keys4 (15s)
✔ [11168/11399] Built OAI.Analysis.MutuallyUnbiased.MixedSemantics.Canonical326 (88s)
✔ [11169/11399] Built OAI.Analysis.MutuallyUnbiased.MixedSemantics.Canonical324 (96s)
✔ [11170/11399] Built OAI.Analysis.MutuallyUnbiased.MixedTargets.Keys5 (16s)
✔ [11171/11399] Built OAI.Analysis.MutuallyUnbiased.MixedTargets.Keys6 (15s)
✔ [11172/11399] Built OAI.Analysis.MutuallyUnbiased.MixedTargets.Keys7 (18s)
✔ [11173/11399] Built OAI.Analysis.MutuallyUnbiased.MixedTargets.Keys8 (18s)
✔ [11174/11399] Built OAI.Analysis.MutuallyUnbiased.MixedTargets.Keys9 (18s)
✔ [11175/11399] Built OAI.Analysis.MutuallyUnbiased.MixedTargets.Keys10 (19s)
✔ [11176/11399] Built OAI.Analysis.MutuallyUnbiased.MixedTargets.Keys11 (19s)
✔ [11177/11399] Built OAI.Analysis.MutuallyUnbiased.MixedTargets.Keys12 (18s)
✔ [11178/11399] Built OAI.Analysis.MutuallyUnbiased.MixedTargets.Keys13 (18s)
✔ [11179/11399] Built OAI.Analysis.MutuallyUnbiased.MixedTargets.Keys14 (15s)
✔ [11180/11399] Built OAI.Analysis.MutuallyUnbiased.MixedTargets.Keys15 (19s)
✔ [11181/11399] Built OAI.Analysis.MutuallyUnbiased.MixedTargets.Keys16 (19s)
✔ [11182/11399] Built OAI.Analysis.MutuallyUnbiased.MixedTargets.Keys17 (19s)
✔ [11183/11399] Built OAI.Analysis.MutuallyUnbiased.MixedTargets.Keys18 (20s)
✔ [11184/11399] Built OAI.Analysis.MutuallyUnbiased.MixedTargets.Keys19 (20s)
✔ [11185/11399] Built OAI.Analysis.MutuallyUnbiased.MixedTargets.Keys20 (19s)
✔ [11186/11399] Built OAI.Analysis.MutuallyUnbiased.MixedTargets.Keys21 (19s)
✔ [11187/11399] Built OAI.Analysis.MutuallyUnbiased.MixedTargets.Keys22 (18s)
✔ [11188/11399] Built OAI.Analysis.MutuallyUnbiased.MixedTargets.Keys24 (18s)
✔ [11189/11399] Built OAI.Analysis.MutuallyUnbiased.MixedTargets.Keys25 (18s)
✔ [11190/11399] Built OAI.Analysis.MutuallyUnbiased.MixedTargets.Keys23 (19s)
✔ [11191/11399] Built OAI.Analysis.MutuallyUnbiased.MixedTargets.Keys26 (19s)
✔ [11192/11399] Built OAI.Analysis.MutuallyUnbiased.MixedTargets.Keys27 (19s)
✔ [11193/11399] Built OAI.Analysis.MutuallyUnbiased.MixedTargets.Keys28 (19s)
✔ [11194/11399] Built OAI.Analysis.MutuallyUnbiased.MixedTargets.Keys29 (19s)
✔ [11195/11399] Built OAI.Analysis.MutuallyUnbiased.MixedTargets.Keys30 (18s)
✔ [11196/11399] Built OAI.Analysis.MutuallyUnbiased.MixedTargets.Keys31 (18s)
✔ [11197/11399] Built OAI.Analysis.MutuallyUnbiased.MixedTargets.Keys32 (18s)
✔ [11198/11399] Built OAI.Analysis.MutuallyUnbiased.MixedTargets.Keys33 (18s)
✔ [11199/11399] Built OAI.Analysis.MutuallyUnbiased.MixedTargets.Keys34 (19s)
✔ [11200/11399] Built OAI.Analysis.MutuallyUnbiased.MixedTargets.Keys35 (19s)
✔ [11201/11399] Built OAI.Analysis.MutuallyUnbiased.MixedTargets.Keys36 (19s)
✔ [11202/11399] Built OAI.Analysis.MutuallyUnbiased.MixedTargets.Keys37 (18s)
✔ [11203/11399] Built OAI.Analysis.MutuallyUnbiased.MixedTargets.Keys38 (18s)
✔ [11204/11399] Built OAI.Analysis.MutuallyUnbiased.MixedTargets.Keys39 (18s)
✔ [11205/11399] Built OAI.Analysis.MutuallyUnbiased.MixedTargets.Keys40 (18s)
✔ [11206/11399] Built OAI.Analysis.MutuallyUnbiased.MixedTargets.Keys41 (18s)
✔ [11207/11399] Built OAI.Analysis.MutuallyUnbiased.MixedTargets.Keys42 (18s)
✔ [11208/11399] Built OAI.Analysis.MutuallyUnbiased.MixedTargets.Keys43 (19s)
✔ [11209/11399] Built OAI.Analysis.MutuallyUnbiased.MixedTargets.Keys45 (18s)
✔ [11210/11399] Built OAI.Analysis.MutuallyUnbiased.MixedTargets.Keys46 (18s)
✔ [11211/11399] Built OAI.Analysis.MutuallyUnbiased.MixedTargets.Keys44 (19s)
✔ [11212/11399] Built OAI.Analysis.MutuallyUnbiased.MixedTargets.Keys47 (17s)
✔ [11213/11399] Built OAI.Analysis.MutuallyUnbiased.MixedTargets.Keys48 (17s)
✔ [11214/11399] Built OAI.Analysis.MutuallyUnbiased.MixedTargets.Keys49 (17s)
✔ [11215/11399] Built OAI.Analysis.MutuallyUnbiased.MixedTargets.Keys50 (17s)
✔ [11216/11399] Built OAI.Analysis.MutuallyUnbiased.MixedTargets.Keys51 (18s)
✔ [11217/11399] Built OAI.Analysis.MutuallyUnbiased.MixedTargets.Keys52 (18s)
✔ [11218/11399] Built OAI.Analysis.MutuallyUnbiased.MixedTargets.Keys53 (18s)
✔ [11219/11399] Built OAI.Analysis.MutuallyUnbiased.MixedTargets.Keys54 (18s)
✔ [11220/11399] Built OAI.Analysis.MutuallyUnbiased.MixedTargets.Keys55 (17s)
✔ [11221/11399] Built OAI.Analysis.MutuallyUnbiased.MixedTargets.Keys56 (17s)
✔ [11222/11399] Built OAI.Analysis.MutuallyUnbiased.MixedTargets.Keys57 (17s)
✔ [11223/11399] Built OAI.Analysis.MutuallyUnbiased.MixedTargets.Keys58 (17s)
✔ [11224/11399] Built OAI.Analysis.MutuallyUnbiased.MixedTargets.Keys59 (18s)
✔ [11225/11399] Built OAI.Analysis.MutuallyUnbiased.MixedTargets.Keys60 (18s)
✔ [11226/11399] Built OAI.Analysis.MutuallyUnbiased.MixedTargets.Keys61 (18s)
✔ [11227/11399] Built OAI.Analysis.MutuallyUnbiased.MixedTargets.Keys62 (18s)
✔ [11228/11399] Built OAI.Analysis.MutuallyUnbiased.MixedTargets.Keys63 (16s)
✔ [11229/11399] Built OAI.Analysis.MutuallyUnbiased.MixedTargets.Keys64 (16s)
✔ [11230/11399] Built OAI.Analysis.MutuallyUnbiased.MixedTargets.Keys65 (16s)
✔ [11231/11399] Built OAI.Analysis.MutuallyUnbiased.MixedTargets.Keys66 (16s)
✔ [11232/11399] Built OAI.Analysis.MutuallyUnbiased.MixedTargets.Keys67 (18s)
✔ [11233/11399] Built OAI.Analysis.MutuallyUnbiased.MixedTargets.Keys68 (18s)
✔ [11234/11399] Built OAI.Analysis.MutuallyUnbiased.MixedTargets.Keys69 (18s)
✔ [11235/11399] Built OAI.Analysis.MutuallyUnbiased.MixedTargets.Keys70 (18s)
✔ [11236/11399] Built OAI.Analysis.MutuallyUnbiased.MixedTargets.Keys73 (17s)
✔ [11237/11399] Built OAI.Analysis.MutuallyUnbiased.MixedTargets.Keys71 (17s)
✔ [11238/11399] Built OAI.Analysis.MutuallyUnbiased.MixedTargets.Keys72 (17s)
✔ [11239/11399] Built OAI.Analysis.MutuallyUnbiased.MixedTargets.Keys74 (16s)
✔ [11240/11399] Built OAI.Analysis.MutuallyUnbiased.MixedTargets.Keys75 (18s)
✔ [11241/11399] Built OAI.Analysis.MutuallyUnbiased.MixedTargets.Keys76 (18s)
✔ [11242/11399] Built OAI.Analysis.MutuallyUnbiased.MixedTargets.Keys77 (18s)
✔ [11243/11399] Built OAI.Analysis.MutuallyUnbiased.MixedTargets.Keys78 (18s)
✔ [11244/11399] Built OAI.Analysis.MutuallyUnbiased.MixedTargets.Keys79 (17s)
✔ [11245/11399] Built OAI.Analysis.MutuallyUnbiased.MixedTargets.Keys80 (17s)
✔ [11246/11399] Built OAI.Analysis.MutuallyUnbiased.MixedTargets.Keys81 (17s)
✔ [11247/11399] Built OAI.Analysis.MutuallyUnbiased.MixedTargets.Keys82 (16s)
✔ [11248/11402] Built OAI.Analysis.MutuallyUnbiased.MixedTargets.Keys84 (17s)
✔ [11249/11402] Built OAI.Analysis.MutuallyUnbiased.MixedTargets.Keys86 (17s)
✔ [11250/11402] Built OAI.Analysis.MutuallyUnbiased.MixedTargets.Keys83 (17s)
✔ [11251/11402] Built OAI.Analysis.MutuallyUnbiased.MixedTargets.Keys85 (17s)
✔ [11252/11402] Built OAI.Analysis.MutuallyUnbiased.MixedTargets.Keys87 (17s)
✔ [11253/11402] Built OAI.Analysis.MutuallyUnbiased.MixedTargets.Keys88 (17s)
✔ [11254/11402] Built OAI.Analysis.MutuallyUnbiased.MixedTargets.Keys89 (17s)
✔ [11255/11402] Built OAI.Analysis.MutuallyUnbiased.MixedTargets.Keys90 (16s)
✔ [11256/11402] Built OAI.Analysis.MutuallyUnbiased.MixedTargets.KeySound0 (44s)
✔ [11257/11402] Built OAI.Analysis.MutuallyUnbiased.MixedTargets.KeySound2 (45s)
✔ [11258/11402] Built OAI.Analysis.MutuallyUnbiased.MixedTargets.KeySound1 (46s)
✔ [11259/11402] Built OAI.Analysis.MutuallyUnbiased.MixedTargets.KeySound3 (47s)
✔ [11260/11402] Built OAI.Analysis.MutuallyUnbiased.MixedTargets.KeySound4 (45s)
✔ [11261/11402] Built OAI.Analysis.MutuallyUnbiased.MixedTargets.KeySound6 (45s)
✔ [11262/11402] Built OAI.Analysis.MutuallyUnbiased.MixedTargets.KeySound8 (45s)
✔ [11263/11402] Built OAI.Analysis.MutuallyUnbiased.MixedTargets.KeySound5 (48s)
✔ [11264/11402] Built OAI.Analysis.MutuallyUnbiased.MixedTargets.KeySound14 (51s)
✔ [11265/11402] Built OAI.Analysis.MutuallyUnbiased.MixedTargets.KeySound7 (59s)
✔ [11266/11402] Built OAI.Analysis.MutuallyUnbiased.MixedTargets.KeySound10 (58s)
✔ [11267/11402] Built OAI.Analysis.MutuallyUnbiased.MixedTargets.KeySound12 (52s)
✔ [11268/11402] Built OAI.Analysis.MutuallyUnbiased.MixedTargets.KeySound13 (52s)
✔ [11269/11402] Built OAI.Analysis.MutuallyUnbiased.MixedTargets.KeySound9 (60s)
✔ [11270/11402] Built OAI.Analysis.MutuallyUnbiased.MixedTargets.KeySound11 (58s)
✔ [11271/11402] Built OAI.Analysis.MutuallyUnbiased.MixedTargets.KeySound17 (49s)
✔ [11272/11402] Built OAI.Analysis.MutuallyUnbiased.MixedTargets.KeySound18 (63s)
✔ [11273/11402] Built OAI.Analysis.MutuallyUnbiased.MixedTargets.KeySound20 (63s)
✔ [11274/11402] Built OAI.Analysis.MutuallyUnbiased.MixedTargets.KeySound16 (63s)
✔ [11275/11402] Built OAI.Analysis.MutuallyUnbiased.MixedTargets.KeySound22 (63s)
✔ [11276/11402] Built OAI.Analysis.MutuallyUnbiased.MixedTargets.KeySound15 (63s)
✔ [11277/11402] Built OAI.Analysis.MutuallyUnbiased.MixedTargets.KeySound19 (64s)
✔ [11278/11402] Built OAI.Analysis.MutuallyUnbiased.MixedTargets.KeySound21 (64s)
✔ [11279/11402] Built OAI.Analysis.MutuallyUnbiased.MixedTargets.KeySound25 (63s)
✔ [11280/11402] Built OAI.Analysis.MutuallyUnbiased.MixedTargets.KeySound24 (62s)
✔ [11281/11402] Built OAI.Analysis.MutuallyUnbiased.MixedTargets.KeySound28 (62s)
✔ [11282/11402] Built OAI.Analysis.MutuallyUnbiased.MixedTargets.KeySound26 (62s)
✔ [11283/11402] Built OAI.Analysis.MutuallyUnbiased.MixedTargets.KeySound30 (61s)
✔ [11284/11402] Built OAI.Analysis.MutuallyUnbiased.MixedTargets.KeySound23 (62s)
✔ [11285/11402] Built OAI.Analysis.MutuallyUnbiased.MixedTargets.KeySound29 (62s)
✔ [11286/11402] Built OAI.Analysis.MutuallyUnbiased.MixedTargets.KeySound27 (62s)
✔ [11287/11402] Built OAI.Analysis.MutuallyUnbiased.MixedTargets.KeySound33 (62s)
✔ [11288/11402] Built OAI.Analysis.MutuallyUnbiased.MixedTargets.KeySound31 (59s)
✔ [11289/11402] Built OAI.Analysis.MutuallyUnbiased.MixedTargets.KeySound32 (59s)
✔ [11290/11402] Built OAI.Analysis.MutuallyUnbiased.MixedTargets.KeySound34 (59s)
✔ [11291/11402] Built OAI.Analysis.MutuallyUnbiased.MixedTargets.KeySound35 (59s)
✔ [11292/11402] Built OAI.Analysis.MutuallyUnbiased.MixedTargets.KeySound36 (58s)
✔ [11293/11402] Built OAI.Analysis.MutuallyUnbiased.MixedTargets.KeySound37 (58s)
✔ [11294/11402] Built OAI.Analysis.MutuallyUnbiased.MixedTargets.KeySound38 (58s)
✔ [11295/11402] Built OAI.Analysis.MutuallyUnbiased.MixedTargets.KeySound40 (58s)
✔ [11296/11402] Built OAI.Analysis.MutuallyUnbiased.MixedTargets.KeySound39 (59s)
✔ [11297/11402] Built OAI.Analysis.MutuallyUnbiased.MixedTargets.KeySound42 (59s)
✔ [11298/11402] Built OAI.Analysis.MutuallyUnbiased.MixedTargets.KeySound45 (59s)
✔ [11299/11402] Built OAI.Analysis.MutuallyUnbiased.MixedTargets.KeySound46 (59s)
✔ [11300/11402] Built OAI.Analysis.MutuallyUnbiased.MixedTargets.KeySound41 (59s)
✔ [11301/11402] Built OAI.Analysis.MutuallyUnbiased.MixedTargets.KeySound43 (59s)
✔ [11302/11402] Built OAI.Analysis.MutuallyUnbiased.MixedTargets.KeySound44 (59s)
✔ [11303/11402] Built OAI.Analysis.MutuallyUnbiased.MixedTargets.KeySound49 (59s)
✔ [11304/11402] Built OAI.Analysis.MutuallyUnbiased.MixedTargets.KeySound47 (56s)
✔ [11305/11402] Built OAI.Analysis.MutuallyUnbiased.MixedTargets.KeySound48 (56s)
✔ [11306/11402] Built OAI.Analysis.MutuallyUnbiased.MixedTargets.KeySound50 (56s)
✔ [11307/11402] Built OAI.Analysis.MutuallyUnbiased.MixedTargets.KeySound51 (56s)
✔ [11308/11402] Built OAI.Analysis.MutuallyUnbiased.MixedTargets.KeySound52 (56s)
✔ [11309/11402] Built OAI.Analysis.MutuallyUnbiased.MixedTargets.KeySound53 (56s)
✔ [11310/11402] Built OAI.Analysis.MutuallyUnbiased.MixedTargets.KeySound54 (56s)
✔ [11311/11402] Built OAI.Analysis.MutuallyUnbiased.MixedTargets.KeySound55 (57s)
✔ [11312/11402] Built OAI.Analysis.MutuallyUnbiased.MixedTargets.KeySound60 (56s)
✔ [11313/11402] Built OAI.Analysis.MutuallyUnbiased.MixedTargets.KeySound62 (56s)
✔ [11314/11402] Built OAI.Analysis.MutuallyUnbiased.MixedTargets.KeySound63 (56s)
✔ [11315/11402] Built OAI.Analysis.MutuallyUnbiased.MixedTargets.KeySound56 (56s)
✔ [11316/11402] Built OAI.Analysis.MutuallyUnbiased.MixedTargets.KeySound58 (56s)
✔ [11317/11402] Built OAI.Analysis.MutuallyUnbiased.MixedTargets.KeySound59 (56s)
✔ [11318/11402] Built OAI.Analysis.MutuallyUnbiased.MixedTargets.KeySound57 (57s)
✔ [11319/11402] Built OAI.Analysis.MutuallyUnbiased.MixedTargets.KeySound61 (56s)
✔ [11320/11404] Built OAI.Analysis.MutuallyUnbiased.MixedTargets.KeySound64 (51s)
✔ [11321/11407] Built OAI.Analysis.MutuallyUnbiased.MixedTargets.KeySound65 (62s)
✔ [11322/11409] Built OAI.Analysis.MutuallyUnbiased.MixedSemantics.Canonical327 (72s)
✔ [11323/11417] Built OAI.Analysis.MutuallyUnbiased.MixedTargets.KeySound66 (81s)
✔ [11324/11417] Built OAI.Analysis.MutuallyUnbiased.MixedTargets.KeySound68 (81s)
✔ [11325/11417] Built OAI.Analysis.MutuallyUnbiased.MixedTargets.KeySound70 (81s)
✔ [11326/11424] Built OAI.Analysis.MutuallyUnbiased.MixedTargets.KeySound67 (83s)
✔ [11327/11424] Built OAI.Analysis.MutuallyUnbiased.MixedTargets.KeySound69 (83s)
✔ [11328/11429] Built OAI.Analysis.MutuallyUnbiased.MixedTargets.KeyTable (38s)
✔ [11329/11429] Built OAI.Analysis.MutuallyUnbiased.MixedTargets.KeyChunk69 (40s)
✔ [11330/11429] Built OAI.Analysis.MutuallyUnbiased.MixedSemantics.Canonical332 (73s)
✔ [11331/11429] Built OAI.Analysis.MutuallyUnbiased.MixedSemantics.Canonical331 (75s)
✔ [11332/11429] Built OAI.Analysis.MutuallyUnbiased.MixedSemantics.Canonical328 (96s)
✔ [11333/11429] Built OAI.Analysis.MutuallyUnbiased.MixedSemantics.Canonical329 (80s)
✔ [11334/11429] Built OAI.Analysis.MutuallyUnbiased.MixedSemantics.Canonical330 (80s)
✔ [11335/11429] Built OAI.Analysis.MutuallyUnbiased.MixedTargets.KeySound72 (97s)
✔ [11336/11429] Built OAI.Analysis.MutuallyUnbiased.MixedTargets.KeyChunk67 (41s)
✔ [11337/11429] Built OAI.Analysis.MutuallyUnbiased.MixedTargets.KeyChunk66 (20s)
✔ [11338/11429] Built OAI.Analysis.MutuallyUnbiased.MixedTargets.KeyChunk68 (21s)
✔ [11339/11429] Built OAI.Analysis.MutuallyUnbiased.MixedTargets.KeyChunk70 (21s)
✔ [11340/11429] Built OAI.Analysis.MutuallyUnbiased.MixedTargets.KeyChunk64 (20s)
✔ [11341/11429] Built OAI.Analysis.MutuallyUnbiased.MixedTargets.KeyChunk65 (21s)
✔ [11342/11429] Built OAI.Analysis.MutuallyUnbiased.MixedTargets.KeySound71 (101s)
✔ [11343/11429] Built OAI.Analysis.MutuallyUnbiased.MixedTargets.KeyChunk57 (19s)
✔ [11344/11429] Built OAI.Analysis.MutuallyUnbiased.MixedTargets.KeyChunk61 (19s)
✔ [11345/11429] Built OAI.Analysis.MutuallyUnbiased.MixedTargets.KeyChunk58 (21s)
✔ [11346/11429] Built OAI.Analysis.MutuallyUnbiased.MixedTargets.KeyChunk56 (22s)
✔ [11347/11429] Built OAI.Analysis.MutuallyUnbiased.MixedTargets.KeyChunk59 (22s)
✔ [11348/11429] Built OAI.Analysis.MutuallyUnbiased.MixedTargets.KeyChunk62 (23s)
✔ [11349/11429] Built OAI.Analysis.MutuallyUnbiased.MixedTargets.KeyChunk63 (23s)
✔ [11350/11429] Built OAI.Analysis.MutuallyUnbiased.MixedTargets.KeyChunk60 (23s)
✔ [11351/11429] Built OAI.Analysis.MutuallyUnbiased.MixedTargets.KeyChunk55 (21s)
✔ [11352/11429] Built OAI.Analysis.MutuallyUnbiased.MixedTargets.KeyChunk51 (21s)
✔ [11353/11429] Built OAI.Analysis.MutuallyUnbiased.MixedTargets.KeyChunk53 (20s)
✔ [11354/11429] Built OAI.Analysis.MutuallyUnbiased.MixedTargets.KeyChunk52 (21s)
✔ [11355/11429] Built OAI.Analysis.MutuallyUnbiased.MixedTargets.KeyChunk50 (21s)
✔ [11356/11429] Built OAI.Analysis.MutuallyUnbiased.MixedTargets.KeyChunk48 (22s)
✔ [11357/11429] Built OAI.Analysis.MutuallyUnbiased.MixedTargets.KeyChunk54 (22s)
✔ [11358/11429] Built OAI.Analysis.MutuallyUnbiased.MixedTargets.KeyChunk47 (22s)
✔ [11359/11429] Built OAI.Analysis.MutuallyUnbiased.MixedTargets.KeyChunk41 (20s)
✔ [11360/11429] Built OAI.Analysis.MutuallyUnbiased.MixedTargets.KeyChunk44 (21s)
✔ [11361/11429] Built OAI.Analysis.MutuallyUnbiased.MixedTargets.KeyChunk49 (19s)
✔ [11362/11429] Built OAI.Analysis.MutuallyUnbiased.MixedTargets.KeyChunk43 (20s)
✔ [11363/11429] Built OAI.Analysis.MutuallyUnbiased.MixedTargets.KeyChunk42 (19s)
✔ [11364/11429] Built OAI.Analysis.MutuallyUnbiased.MixedTargets.KeyChunk39 (22s)
✔ [11365/11429] Built OAI.Analysis.MutuallyUnbiased.MixedTargets.KeyChunk45 (21s)
✔ [11366/11429] Built OAI.Analysis.MutuallyUnbiased.MixedTargets.KeyChunk46 (22s)
✔ [11367/11429] Built OAI.Analysis.MutuallyUnbiased.MixedTargets.KeyChunk31 (21s)
✔ [11368/11429] Built OAI.Analysis.MutuallyUnbiased.MixedTargets.KeyChunk32 (21s)
✔ [11369/11429] Built OAI.Analysis.MutuallyUnbiased.MixedTargets.KeyChunk35 (20s)
✔ [11370/11429] Built OAI.Analysis.MutuallyUnbiased.MixedTargets.KeyChunk37 (19s)
✔ [11371/11429] Built OAI.Analysis.MutuallyUnbiased.MixedTargets.KeyChunk40 (20s)
✔ [11372/11429] Built OAI.Analysis.MutuallyUnbiased.MixedTargets.KeyChunk34 (21s)
✔ [11373/11429] Built OAI.Analysis.MutuallyUnbiased.MixedTargets.KeyChunk36 (21s)
✔ [11374/11429] Built OAI.Analysis.MutuallyUnbiased.MixedTargets.KeyChunk38 (21s)
✔ [11375/11429] Built OAI.Analysis.MutuallyUnbiased.MixedTargets.KeyChunk27 (21s)
✔ [11376/11429] Built OAI.Analysis.MutuallyUnbiased.MixedTargets.KeyChunk33 (21s)
✔ [11377/11429] Built OAI.Analysis.MutuallyUnbiased.MixedTargets.KeyChunk29 (20s)
✔ [11378/11429] Built OAI.Analysis.MutuallyUnbiased.MixedTargets.KeyChunk23 (20s)
✔ [11379/11429] Built OAI.Analysis.MutuallyUnbiased.MixedTargets.KeyChunk26 (20s)
✔ [11380/11429] Built OAI.Analysis.MutuallyUnbiased.MixedTargets.KeyChunk28 (21s)
✔ [11381/11429] Built OAI.Analysis.MutuallyUnbiased.MixedTargets.KeyChunk24 (21s)
✔ [11382/11429] Built OAI.Analysis.MutuallyUnbiased.MixedTargets.KeyChunk30 (21s)
✔ [11383/11429] Built OAI.Analysis.MutuallyUnbiased.MixedTargets.KeyChunk21 (21s)
✔ [11384/11429] Built OAI.Analysis.MutuallyUnbiased.MixedTargets.KeyChunk25 (21s)
✔ [11385/11429] Built OAI.Analysis.MutuallyUnbiased.MixedTargets.KeyChunk19 (21s)
✔ [11386/11429] Built OAI.Analysis.MutuallyUnbiased.MixedTargets.KeyChunk15 (20s)
✔ [11387/11429] Built OAI.Analysis.MutuallyUnbiased.MixedTargets.KeyChunk16 (20s)
✔ [11388/11429] Built OAI.Analysis.MutuallyUnbiased.MixedTargets.KeyChunk18 (20s)
✔ [11389/11429] Built OAI.Analysis.MutuallyUnbiased.MixedTargets.KeyChunk20 (20s)
✔ [11390/11429] Built OAI.Analysis.MutuallyUnbiased.MixedTargets.KeyChunk22 (21s)
✔ [11391/11429] Built OAI.Analysis.MutuallyUnbiased.MixedTargets.KeyChunk11 (22s)
✔ [11392/11429] Built OAI.Analysis.MutuallyUnbiased.MixedTargets.KeyChunk17 (22s)
✔ [11393/11429] Built OAI.Analysis.MutuallyUnbiased.MixedTargets.KeyChunk9 (21s)
✔ [11394/11429] Built OAI.Analysis.MutuallyUnbiased.MixedTargets.KeyChunk10 (20s)
✔ [11395/11429] Built OAI.Analysis.MutuallyUnbiased.MixedTargets.KeyChunk12 (20s)
✔ [11396/11429] Built OAI.Analysis.MutuallyUnbiased.MixedTargets.KeyChunk7 (21s)
✔ [11397/11429] Built OAI.Analysis.MutuallyUnbiased.MixedTargets.KeyChunk13 (20s)
✔ [11398/11429] Built OAI.Analysis.MutuallyUnbiased.MixedTargets.KeyChunk14 (20s)
✔ [11399/11429] Built OAI.Analysis.MutuallyUnbiased.MixedTargets.KeyChunk8 (21s)
✔ [11400/11429] Built OAI.Analysis.MutuallyUnbiased.MixedTargets.KeyChunk5 (22s)
✔ [11401/11429] Built OAI.Analysis.MutuallyUnbiased.MixedTargets.KeyChunk4 (21s)
✔ [11402/11429] Built OAI.Analysis.MutuallyUnbiased.MixedTargets.KeyChunk3 (20s)
✔ [11403/11429] Built OAI.Analysis.MutuallyUnbiased.MixedTargets.KeyChunk6 (20s)
✔ [11404/11429] Built OAI.Analysis.MutuallyUnbiased.MixedTargets.KeyChunk1 (20s)
✔ [11405/11429] Built OAI.Analysis.MutuallyUnbiased.MixedTargets.KeyChunk2 (20s)
✔ [11406/11429] Built OAI.Analysis.MutuallyUnbiased.MixedTargets.KeyChunk0 (20s)
✔ [11407/11429] Built OAI.Analysis.MutuallyUnbiased.MixedTargets.KeySound80 (85s)
✔ [11408/11429] Built OAI.Analysis.MutuallyUnbiased.MixedTargets.KeySound81 (86s)
✔ [11409/11429] Built OAI.Analysis.MutuallyUnbiased.MixedTargets.KeySound82 (86s)
✔ [11410/11429] Built OAI.Analysis.MutuallyUnbiased.MixedTargets.KeySound74 (83s)
✔ [11411/11432] Built OAI.Analysis.MutuallyUnbiased.MixedTargets.KeySound79 (86s)
✔ [11412/11432] Built OAI.Analysis.MutuallyUnbiased.MixedTargets.KeySound76 (85s)
✔ [11413/11432] Built OAI.Analysis.MutuallyUnbiased.MixedTargets.KeySound73 (92s)
✔ [11414/11432] Built OAI.Analysis.MutuallyUnbiased.MixedTargets.KeySound75 (92s)
✔ [11415/11437] Built OAI.Analysis.MutuallyUnbiased.MixedTargets.KeyChunk71 (46s)
✔ [11416/11437] Built OAI.Analysis.MutuallyUnbiased.MixedTargets.KeyChunk72 (47s)
✔ [11417/11437] Built OAI.Analysis.MutuallyUnbiased.MixedTargets.KeyChunk74 (27s)
✔ [11418/11437] Built OAI.Analysis.MutuallyUnbiased.MixedTargets.KeyChunk80 (27s)
✔ [11419/11437] Built OAI.Analysis.MutuallyUnbiased.MixedTargets.KeyChunk81 (34s)
✔ [11420/11437] Built OAI.Analysis.MutuallyUnbiased.MixedTargets.KeyChunk82 (43s)
✔ [11421/11453] Built OAI.Analysis.MutuallyUnbiased.MixedTargets.KeyChunk73 (38s)
✔ [11422/11453] Built OAI.Analysis.MutuallyUnbiased.MixedTargets.KeyChunk75 (38s)
✔ [11423/11453] Built OAI.Analysis.MutuallyUnbiased.MixedTargets.KeyChunk76 (38s)
✔ [11424/11453] Built OAI.Analysis.MutuallyUnbiased.MixedTargets.KeyChunk79 (38s)
✔ [11425/11454] Built OAI.Analysis.MutuallyUnbiased.MixedTargets.KeySound78 (100s)
✔ [11426/11455] Built OAI.Analysis.MutuallyUnbiased.MixedTargets.KeySound77 (106s)
✔ [11427/11456] Built OAI.Analysis.MutuallyUnbiased.MixedTargets.OriginalBlock85 (36s)
✔ [11428/11456] Built OAI.Analysis.MutuallyUnbiased.MixedTargets.OriginalBlock86 (36s)
✔ [11429/11456] Built OAI.Analysis.MutuallyUnbiased.MixedTargets.OriginalBlock87 (21s)
✔ [11430/11456] Built OAI.Analysis.MutuallyUnbiased.MixedTargets.KeyChunk78 (25s)
✔ [11431/11458] Built OAI.Analysis.MutuallyUnbiased.MixedSemantics.Canonical334 (87s)
✔ [11432/11458] Built OAI.Analysis.MutuallyUnbiased.MixedSemantics.Canonical333 (88s)
✔ [11433/11459] Built OAI.Analysis.MutuallyUnbiased.MixedSemantics.Canonical336 (58s)
✔ [11434/11460] Built OAI.Analysis.MutuallyUnbiased.MixedTargets.OriginalBlock88 (23s)
✔ [11435/11460] Built OAI.Analysis.MutuallyUnbiased.MixedTargets.OriginalBlock89 (23s)
✔ [11436/11460] Built OAI.Analysis.MutuallyUnbiased.MixedTargets.KeyChunk77 (25s)
✔ [11437/11460] Built OAI.Analysis.MutuallyUnbiased.MixedTargets.OriginalBlock90 (19s)
✔ [11438/11460] Built OAI.Analysis.MutuallyUnbiased.MixedTargets.OriginalBlock68 (19s)
✔ [11439/11460] Built OAI.Analysis.MutuallyUnbiased.MixedSemantics.Canonical335 (80s)
✔ [11440/11461] Built OAI.Analysis.MutuallyUnbiased.MixedTargets.OriginalBlock69 (22s)
✔ [11441/11461] Built OAI.Analysis.MutuallyUnbiased.MixedTargets.KeySound90 (32s)
✔ [11442/11461] Built OAI.Analysis.MutuallyUnbiased.MixedTargets.OriginalBlock71 (20s)
✔ [11443/11462] Built OAI.Analysis.MutuallyUnbiased.MixedTargets.OriginalBlock70 (23s)
✔ [11444/11462] Built OAI.Analysis.MutuallyUnbiased.MixedTargets.KeySound86 (80s)
✔ [11445/11463] Built OAI.Analysis.MutuallyUnbiased.MixedTargets.KeySound84 (79s)
✔ [11446/11463] Built OAI.Analysis.MutuallyUnbiased.MixedTargets.KeySound85 (85s)
✔ [11447/11464] Built OAI.Analysis.MutuallyUnbiased.MixedTargets.KeySound83 (87s)
✔ [11448/11464] Built OAI.Analysis.MutuallyUnbiased.MixedTargets.KeyChunk90 (20s)
✔ [11449/11465] Built OAI.Analysis.MutuallyUnbiased.MixedTargets.OriginalBlock72 (48s)
✔ [11450/11465] Built OAI.Analysis.MutuallyUnbiased.MixedTargets.KeySound89 (87s)
✔ [11451/11465] Built OAI.Analysis.MutuallyUnbiased.MixedTargets.OriginalBlock73 (18s)
✔ [11452/11466] Built OAI.Analysis.MutuallyUnbiased.MixedTargets.KeyChunk86 (20s)
✔ [11453/11466] Built OAI.Analysis.MutuallyUnbiased.MixedTargets.OriginalBlock74 (19s)
✔ [11454/11467] Built OAI.Analysis.MutuallyUnbiased.MixedTargets.KeyChunk84 (22s)
✔ [11455/11468] Built OAI.Analysis.MutuallyUnbiased.MixedTargets.KeyChunk85 (21s)
✔ [11456/11469] Built OAI.Analysis.MutuallyUnbiased.MixedTargets.OriginalBlock75 (19s)
✔ [11457/11470] Built OAI.Analysis.MutuallyUnbiased.MixedTargets.KeyChunk83 (22s)
✔ [11458/11471] Built OAI.Analysis.MutuallyUnbiased.MixedTargets.OriginalBlock76 (18s)
✔ [11459/11472] Built OAI.Analysis.MutuallyUnbiased.MixedTargets.OriginalBlock77 (19s)
✔ [11460/11473] Built OAI.Analysis.MutuallyUnbiased.MixedTargets.KeyChunk89 (21s)
✔ [11461/11473] Built OAI.Analysis.MutuallyUnbiased.MixedTargets.OriginalBlock78 (20s)
✔ [11462/11475] Built OAI.Analysis.MutuallyUnbiased.MixedTargets.OriginalBlock79 (19s)
✔ [11463/11476] Built OAI.Analysis.MutuallyUnbiased.MixedTargets.OriginalBlock80 (19s)
✔ [11464/11477] Built OAI.Analysis.MutuallyUnbiased.MixedTargets.OriginalBlock81 (18s)
✔ [11465/11478] Built OAI.Analysis.MutuallyUnbiased.MixedTargets.KeySound88 (112s)
✔ [11466/11479] Built OAI.Analysis.MutuallyUnbiased.MixedTargets.OriginalBlock83 (19s)
✔ [11467/11479] Built OAI.Analysis.MutuallyUnbiased.MixedTargets.OriginalBlock82 (19s)
✔ [11468/11480] Built OAI.Analysis.MutuallyUnbiased.MixedTargets.OriginalBlock84 (19s)
✔ [11469/11481] Built OAI.Analysis.MutuallyUnbiased.MixedTargets.KeySound87 (112s)
✔ [11470/11483] Built OAI.Analysis.MutuallyUnbiased.MixedTargets.OriginalBlock50 (19s)
✔ [11471/11483] Built OAI.Analysis.MutuallyUnbiased.MixedTargets.OriginalBlock51 (18s)
✔ [11472/11483] Built OAI.Analysis.MutuallyUnbiased.MixedTargets.OriginalBlock52 (17s)
✔ [11473/11485] Built OAI.Analysis.MutuallyUnbiased.MixedTargets.OriginalBlock53 (18s)
✔ [11474/11485] Built OAI.Analysis.MutuallyUnbiased.MixedTargets.OriginalBlock54 (17s)
✔ [11475/11486] Built OAI.Analysis.MutuallyUnbiased.MixedTargets.KeyChunk88 (20s)
✔ [11476/11487] Built OAI.Analysis.MutuallyUnbiased.MixedTargets.OriginalBlock55 (18s)
✔ [11477/11488] Built OAI.Analysis.MutuallyUnbiased.MixedTargets.OriginalBlock56 (19s)
✔ [11478/11489] Built OAI.Analysis.MutuallyUnbiased.MixedTargets.OriginalBlock57 (19s)
✔ [11479/11490] Built OAI.Analysis.MutuallyUnbiased.MixedTargets.OriginalBlock58 (18s)
✔ [11480/11491] Built OAI.Analysis.MutuallyUnbiased.MixedTargets.KeyChunk87 (21s)
✔ [11481/11491] Built OAI.Analysis.MutuallyUnbiased.MixedTargets.OriginalBlock59 (17s)
✔ [11482/11491] Built OAI.Analysis.MutuallyUnbiased.MixedTargets.OriginalBlock60 (17s)
✔ [11483/11493] Built OAI.Analysis.MutuallyUnbiased.MixedTargets.OriginalBlock61 (18s)
✔ [11484/11494] Built OAI.Analysis.MutuallyUnbiased.MixedTargets.OriginalBlock62 (18s)
✔ [11485/11495] Built OAI.Analysis.MutuallyUnbiased.MixedTargets.OriginalBlock63 (19s)
✔ [11486/11496] Built OAI.Analysis.MutuallyUnbiased.MixedTargets.OriginalBlock64 (18s)
✔ [11487/11497] Built OAI.Analysis.MutuallyUnbiased.MixedTargets.OriginalBlock65 (18s)
✔ [11488/11498] Built OAI.Analysis.MutuallyUnbiased.MixedTargets.OriginalBlock66 (18s)
✔ [11489/11499] Built OAI.Analysis.MutuallyUnbiased.MixedTargets.OriginalBlock67 (18s)
✔ [11490/11500] Built OAI.Analysis.MutuallyUnbiased.MixedTargets.KeyAll (18s)
✔ [11491/11501] Built OAI.Analysis.MutuallyUnbiased.MixedTargets.OriginalBlock33 (17s)
✔ [11492/11502] Built OAI.Analysis.MutuallyUnbiased.MixedTargets.OriginalBlock36 (17s)
✔ [11493/11503] Built OAI.Analysis.MutuallyUnbiased.MixedTargets.OriginalBlock37 (18s)
✔ [11494/11504] Built OAI.Analysis.MutuallyUnbiased.MixedTargets.OriginalBlock38 (17s)
✔ [11495/11505] Built OAI.Analysis.MutuallyUnbiased.MixedTargets.OriginalBlock39 (18s)
✔ [11496/11506] Built OAI.Analysis.MutuallyUnbiased.MixedTargets.OriginalBlock40 (17s)
✔ [11497/11508] Built OAI.Analysis.MutuallyUnbiased.MixedTargets.OriginalBlock41 (17s)
✔ [11498/11508] Built OAI.Analysis.MutuallyUnbiased.MixedTargets.OriginalBlock42 (16s)
✔ [11499/11509] Built OAI.Analysis.MutuallyUnbiased.MixedTargets.OriginalBlock43 (17s)
✔ [11500/11510] Built OAI.Analysis.MutuallyUnbiased.MixedTargets.OriginalBlock44 (17s)
✔ [11501/11512] Built OAI.Analysis.MutuallyUnbiased.MixedTargets.OriginalBlock45 (18s)
✔ [11502/11512] Built OAI.Analysis.MutuallyUnbiased.MixedTargets.OriginalBlock46 (17s)
✔ [11503/11514] Built OAI.Analysis.MutuallyUnbiased.MixedTargets.OriginalBlock47 (17s)
✔ [11504/11514] Built OAI.Analysis.MutuallyUnbiased.MixedTargets.OriginalBlock48 (17s)
✔ [11505/11515] Built OAI.Analysis.MutuallyUnbiased.MixedTargets.OriginalBlock19 (17s)
✔ [11506/11516] Built OAI.Analysis.MutuallyUnbiased.MixedTargets.OriginalBlock49 (17s)
✔ [11507/11517] Built OAI.Analysis.MutuallyUnbiased.MixedTargets.OriginalBlock20 (17s)
✔ [11508/11518] Built OAI.Analysis.MutuallyUnbiased.MixedTargets.OriginalBlock21 (17s)
✔ [11509/11520] Built OAI.Analysis.MutuallyUnbiased.MixedTargets.OriginalBlock22 (18s)
✔ [11510/11520] Built OAI.Analysis.MutuallyUnbiased.MixedTargets.OriginalBlock23 (18s)
✔ [11511/11522] Built OAI.Analysis.MutuallyUnbiased.MixedTargets.OriginalBlock24 (18s)
✔ [11512/11522] Built OAI.Analysis.MutuallyUnbiased.MixedTargets.OriginalBlock25 (18s)
✔ [11513/11522] Built OAI.Analysis.MutuallyUnbiased.MixedTargets.OriginalBlock27 (17s)
✔ [11514/11524] Built OAI.Analysis.MutuallyUnbiased.MixedTargets.OriginalBlock26 (17s)
✔ [11515/11525] Built OAI.Analysis.MutuallyUnbiased.MixedTargets.OriginalBlock28 (17s)
✔ [11516/11526] Built OAI.Analysis.MutuallyUnbiased.MixedTargets.OriginalBlock29 (17s)
✔ [11517/11528] Built OAI.Analysis.MutuallyUnbiased.MixedTargets.OriginalBlock30 (17s)
✔ [11518/11528] Built OAI.Analysis.MutuallyUnbiased.MixedTargets.OriginalBlock31 (17s)
✔ [11519/11530] Built OAI.Analysis.MutuallyUnbiased.MixedTargets.OriginalBlock32 (17s)
✔ [11520/11530] Built OAI.Analysis.MutuallyUnbiased.MixedTargets.OriginalBlock34 (17s)
✔ [11521/11531] Built OAI.Analysis.MutuallyUnbiased.MixedTargets.OriginalBlock0 (17s)
✔ [11522/11532] Built OAI.Analysis.MutuallyUnbiased.MixedTargets.OriginalBlock35 (17s)
✔ [11523/11533] Built OAI.Analysis.MutuallyUnbiased.MixedTargets.OriginalBlock1 (16s)
✔ [11524/11534] Built OAI.Analysis.MutuallyUnbiased.MixedTargets.OriginalBlock10 (16s)
✔ [11525/11535] Built OAI.Analysis.MutuallyUnbiased.MixedTargets.OriginalBlock11 (17s)
✔ [11526/11536] Built OAI.Analysis.MutuallyUnbiased.MixedTargets.OriginalBlock12 (17s)
✔ [11527/11538] Built OAI.Analysis.MutuallyUnbiased.MixedTargets.OriginalBlock13 (17s)
✔ [11528/11538] Built OAI.Analysis.MutuallyUnbiased.MixedTargets.OriginalBlock14 (17s)
✔ [11529/11540] Built OAI.Analysis.MutuallyUnbiased.MixedTargets.OriginalBlock15 (18s)
✔ [11530/11540] Built OAI.Analysis.MutuallyUnbiased.MixedTargets.OriginalBlock16 (17s)
✔ [11531/11547] Built OAI.Analysis.MutuallyUnbiased.MixedTargets.OriginalBlock17 (17s)
✔ [11532/11547] Built OAI.Analysis.MutuallyUnbiased.MixedTargets.OriginalBlock18 (16s)
✔ [11533/11551] Built OAI.Analysis.MutuallyUnbiased.MixedTargets.OriginalBlock2 (17s)
✔ [11534/11551] Built OAI.Analysis.MutuallyUnbiased.MixedTargets.OriginalBlock3 (17s)
✔ [11535/11552] Built OAI.Analysis.MutuallyUnbiased.MixedTargets.OriginalBlock4 (17s)
✔ [11536/11552] Built OAI.Analysis.MutuallyUnbiased.MixedTargets.OriginalBlock5 (17s)
✔ [11537/11574] Built OAI.Analysis.MutuallyUnbiased.GramAssembly.FiniteSums (5.8s)
✔ [11538/11625] Built OAI.Analysis.MutuallyUnbiased.MixedTargets.OriginalBlock6 (18s)
✔ [11539/11625] Built OAI.Analysis.MutuallyUnbiased.MixedTargets.OriginalBlock7 (18s)
✔ [11540/11625] Built OAI.Analysis.MutuallyUnbiased.MixedTargets.OriginalBlock8 (18s)
✔ [11541/11628] Built OAI.Analysis.MutuallyUnbiased.MixedTargets.OriginalBlock9 (17s)
✔ [11542/11628] Built OAI.Analysis.MutuallyUnbiased.GramAssembly.Block0Data (19s)
✔ [11543/11628] Built OAI.Analysis.MutuallyUnbiased.MixedTargets.ReductionData59 (23s)
✔ [11544/11628] Built OAI.Analysis.MutuallyUnbiased.MixedTargets.ReductionData29 (22s)
✔ [11545/11630] Built OAI.Analysis.MutuallyUnbiased.GramAssembly.Block5Data (27s)
✔ [11546/11630] Built OAI.Analysis.MutuallyUnbiased.GramAssembly.Block2Data (35s)
✔ [11547/11630] Built OAI.Analysis.MutuallyUnbiased.MixedTargets.ReductionData30 (22s)
✔ [11548/11630] Built OAI.Analysis.MutuallyUnbiased.MixedTargets.ReductionData14 (22s)
✔ [11549/11631] Built OAI.Analysis.MutuallyUnbiased.GramAssembly.Block1Data (56s)
✔ [11550/11632] Built OAI.Analysis.MutuallyUnbiased.GramAssembly.Block4Data (55s)
✔ [11551/11632] Built OAI.Analysis.MutuallyUnbiased.GramAssembly.Block5Part0 (31s)
✔ [11552/11632] Built OAI.Analysis.MutuallyUnbiased.GramAssembly.Block3Data (65s)
✔ [11553/11632] Built OAI.Analysis.MutuallyUnbiased.MixedTargets.ReductionData15 (18s)
✔ [11554/11633] Built OAI.Analysis.MutuallyUnbiased.MixedTargets.OriginalMerge0 (55s)
✔ [11555/11633] Built OAI.Analysis.MutuallyUnbiased.MixedTargets.ReductionData11 (25s)
✔ [11556/11633] Built OAI.Analysis.MutuallyUnbiased.MixedTargets.ReductionData12 (26s)
✔ [11557/11634] Built OAI.Analysis.MutuallyUnbiased.GramAssembly.Block4Part0 (40s)
✔ [11558/11634] Built OAI.Analysis.MutuallyUnbiased.GramAssembly.Block5Part1 (36s)
✔ [11559/11634] Built OAI.Analysis.MutuallyUnbiased.GramAssembly.Block3Part0 (43s)
✔ [11560/11635] Built OAI.Analysis.MutuallyUnbiased.MixedTargets.ReductionData10 (28s)
✔ [11561/11635] Built OAI.Analysis.MutuallyUnbiased.GramAssembly.Block1Part0 (64s)
✔ [11562/11636] Built OAI.Analysis.MutuallyUnbiased.MixedTargets.ReductionData9 (26s)
✔ [11563/11636] Built OAI.Analysis.MutuallyUnbiased.GramAssembly.Block2Part0 (85s)
✔ [11564/11637] Built OAI.Analysis.MutuallyUnbiased.GramAssembly.Block0Part0 (114s)
✔ [11565/11637] Built OAI.Analysis.MutuallyUnbiased.GramAssembly.Block3Part1 (29s)
✔ [11566/11638] Built OAI.Analysis.MutuallyUnbiased.GramAssembly.Block5Part2 (33s)
✔ [11567/11638] Built OAI.Analysis.MutuallyUnbiased.GramAssembly.Block4Part1 (44s)
✔ [11568/11638] Built OAI.Analysis.MutuallyUnbiased.MixedTargets.ReductionData8 (31s)
✔ [11569/11638] Built OAI.Analysis.MutuallyUnbiased.GramAssembly.Block0 (20s)
✔ [11570/11639] Built OAI.Analysis.MutuallyUnbiased.MixedTargets.OriginalMerge1 (71s)
✔ [11571/11640] Built OAI.Analysis.MutuallyUnbiased.MixedTargets.ReductionData7 (31s)
✔ [11572/11640] Built OAI.Analysis.MutuallyUnbiased.MixedTargets.ReductionData3 (37s)
✔ [11573/11640] Built OAI.Analysis.MutuallyUnbiased.MixedTargets.ReductionData4 (37s)
✔ [11574/11645] Built OAI.Analysis.MutuallyUnbiased.GramAssembly.Block3Part2 (42s)
✔ [11575/11645] Built OAI.Analysis.MutuallyUnbiased.GramAssembly.Block4Part2 (34s)
✔ [11576/11645] Built OAI.Analysis.MutuallyUnbiased.GramAssembly.Block5Part3 (41s)
✔ [11577/11646] Built OAI.Analysis.MutuallyUnbiased.GramAssembly.Block1Part1 (79s)
✔ [11578/11647] Built OAI.Analysis.MutuallyUnbiased.MixedTargets.ReductionData1 (29s)
✔ [11579/11647] Built OAI.Analysis.MutuallyUnbiased.MixedTargets.ReductionData2 (32s)
✔ [11580/11655] Built OAI.Analysis.MutuallyUnbiased.GramAssembly.Block2Part1 (80s)
✔ [11581/11655] Built OAI.Analysis.MutuallyUnbiased.MixedTargets.ReductionData0 (31s)
✔ [11582/11655] Built OAI.Analysis.MutuallyUnbiased.GramAssembly.Block3Part3 (41s)
✔ [11583/11655] Built OAI.Analysis.MutuallyUnbiased.MixedTargets.ReductionData5 (31s)
✔ [11584/11657] Built OAI.Analysis.MutuallyUnbiased.GramAssembly.Block4Part3 (46s)
✔ [11585/11659] Built OAI.Analysis.MutuallyUnbiased.MixedTargets.ReductionData6 (32s)
✔ [11586/11660] Built OAI.Analysis.MutuallyUnbiased.GramAssembly.Block1Part2 (36s)
✔ [11587/11661] Built OAI.Analysis.MutuallyUnbiased.MixedTargets.OriginalMerge2 (88s)
✔ [11588/11661] Built OAI.Analysis.MutuallyUnbiased.MixedTargets.ReductionMergeData0 (22s)
✔ [11589/11661] Built OAI.Analysis.MutuallyUnbiased.MixedTargets.ReductionData13 (20s)
✔ [11590/11661] Built OAI.Analysis.MutuallyUnbiased.MixedTargets.ReductionData22 (20s)
✔ [11591/11662] Built OAI.Analysis.MutuallyUnbiased.MixedTargets.ReductionData23 (20s)
✔ [11592/11663] Built OAI.Analysis.MutuallyUnbiased.MixedTargets.ReductionMergeData1 (21s)
✔ [11593/11663] Built OAI.Analysis.MutuallyUnbiased.GramAssembly.Block2Part2 (88s)
✔ [11594/11663] Built OAI.Analysis.MutuallyUnbiased.GramAssembly.Block1Part3 (55s)
✔ [11595/11664] Built OAI.Analysis.MutuallyUnbiased.GramAssembly.Block4Part4 (60s)
✔ [11596/11665] Built OAI.Analysis.MutuallyUnbiased.MixedTargets.ReductionMergeData13 (18s)
✔ [11597/11665] Built OAI.Analysis.MutuallyUnbiased.GramAssembly.Block3Part4 (74s)
✔ [11598/11665] Built OAI.Analysis.MutuallyUnbiased.MixedTargets.ReductionData18 (18s)
✔ [11599/11667] Built OAI.Analysis.MutuallyUnbiased.MixedTargets.OriginalMerge3 (64s)
✔ [11600/11667] Built OAI.Analysis.MutuallyUnbiased.MixedTargets.ReductionData19 (19s)
✔ [11601/11669] Built OAI.Analysis.MutuallyUnbiased.MixedTargets.ReductionMergeData2 (20s)
✔ [11602/11669] Built OAI.Analysis.MutuallyUnbiased.GramAssembly.Block5Part4 (124s)
✔ [11603/11669] Built OAI.Analysis.MutuallyUnbiased.MixedTargets.ReductionData16 (19s)
✔ [11604/11671] Built OAI.Analysis.MutuallyUnbiased.MixedTargets.ReductionData17 (19s)
✔ [11605/11673] Built OAI.Analysis.MutuallyUnbiased.GramAssembly.Block4Part5 (30s)
✔ [11606/11673] Built OAI.Analysis.MutuallyUnbiased.GramAssembly.Block5 (19s)
✔ [11607/11675] Built OAI.Analysis.MutuallyUnbiased.GramAssembly.Block3Part5 (26s)
✔ [11608/11676] Built OAI.Analysis.MutuallyUnbiased.MixedTargets.ReductionMergeData3 (26s)
✔ [11609/11677] Built OAI.Analysis.MutuallyUnbiased.MixedTargets.ReductionData20 (19s)
✔ [11610/11677] Built OAI.Analysis.MutuallyUnbiased.MixedTargets.ReductionData21 (19s)
✔ [11611/11678] Built OAI.Analysis.MutuallyUnbiased.GramAssembly.Block1Part4 (59s)
✔ [11612/11679] Built OAI.Analysis.MutuallyUnbiased.MixedTargets.ReductionMergeData4 (24s)
✔ [11613/11681] Built OAI.Analysis.MutuallyUnbiased.MixedTargets.ReductionData26 (20s)
✔ [11614/11681] Built OAI.Analysis.MutuallyUnbiased.MixedTargets.ReductionData27 (20s)
✔ [11615/11683] Built OAI.Analysis.MutuallyUnbiased.GramAssembly.Block4Part6 (36s)
✔ [11616/11687] Built OAI.Analysis.MutuallyUnbiased.MixedTargets.ReductionData24 (20s)
✔ [11617/11689] Built OAI.Analysis.MutuallyUnbiased.MixedTargets.ReductionData25 (20s)
✔ [11618/11689] Built OAI.Analysis.MutuallyUnbiased.MixedTargets.ReductionMergeData5 (22s)
✔ [11619/11690] Built OAI.Analysis.MutuallyUnbiased.GramAssembly.Block1Part5 (37s)
✔ [11620/11690] Built OAI.Analysis.MutuallyUnbiased.GramAssembly.Block3Part6 (57s)
✔ [11621/11691] Built OAI.Analysis.MutuallyUnbiased.MixedTargets.OriginalMerge4 (92s)
✔ [11622/11691] Built OAI.Analysis.MutuallyUnbiased.MixedTargets.ReductionData28 (18s)
✔ [11623/11691] Built OAI.Analysis.MutuallyUnbiased.MixedTargets.ReductionData44 (19s)
✔ [11624/11691] Built OAI.Analysis.MutuallyUnbiased.MixedTargets.ReductionData45 (20s)
✔ [11625/11693] Built OAI.Analysis.MutuallyUnbiased.MixedTargets.ReductionMergeData6 (24s)
✔ [11626/11693] Built OAI.Analysis.MutuallyUnbiased.GramAssembly.Block2Part3 (126s)
✔ [11627/11693] Built OAI.Analysis.MutuallyUnbiased.GramAssembly.Block4Part7 (49s)
✔ [11628/11693] Built OAI.Analysis.MutuallyUnbiased.MixedTargets.ReductionData37 (20s)
✔ [11629/11694] Built OAI.Analysis.MutuallyUnbiased.MixedTargets.ReductionData38 (19s)
✔ [11630/11695] Built OAI.Analysis.MutuallyUnbiased.MixedTargets.ReductionData33 (20s)
✔ [11631/11697] Built OAI.Analysis.MutuallyUnbiased.MixedTargets.ReductionMergeData7 (24s)
✔ [11632/11699] Built OAI.Analysis.MutuallyUnbiased.MixedTargets.ReductionData34 (20s)
✔ [11633/11701] Built OAI.Analysis.MutuallyUnbiased.GramAssembly.Block2 (20s)
✔ [11634/11703] Built OAI.Analysis.MutuallyUnbiased.GramAssembly.Block1Part6 (61s)
✔ [11635/11703] Built OAI.Analysis.MutuallyUnbiased.MixedTargets.ReductionData31 (19s)
✔ [11636/11707] Built OAI.Analysis.MutuallyUnbiased.MixedTargets.ReductionData32 (22s)
✔ [11637/11708] Built OAI.Analysis.MutuallyUnbiased.MixedTargets.ReductionData35 (20s)
✔ [11638/11709] Built OAI.Analysis.MutuallyUnbiased.MixedTargets.ReductionMergeData8 (23s)
✔ [11639/11709] Built OAI.Analysis.MutuallyUnbiased.GramAssembly.Block3Part7 (69s)
✔ [11640/11711] Built OAI.Analysis.MutuallyUnbiased.MixedTargets.ReductionData36 (19s)
✔ [11641/11711] Built OAI.Analysis.MutuallyUnbiased.GramAssembly.Block4Part8 (53s)
✔ [11642/11717] Built OAI.Analysis.MutuallyUnbiased.MixedTargets.ReductionData42 (20s)
✔ [11643/11717] Built OAI.Analysis.MutuallyUnbiased.MixedTargets.ReductionData39 (20s)
✔ [11644/11719] Built OAI.Analysis.MutuallyUnbiased.MixedTargets.ReductionData41 (21s)
✔ [11645/11721] Built OAI.Analysis.MutuallyUnbiased.GramAssembly.Block1Part7 (38s)
✔ [11646/11721] Built OAI.Analysis.MutuallyUnbiased.MixedTargets.ReductionMergeData9 (21s)
✔ [11647/11721] Built OAI.Analysis.MutuallyUnbiased.MixedTargets.ReductionData40 (19s)
✔ [11648/11721] Built OAI.Analysis.MutuallyUnbiased.MixedTargets.ReductionData43 (20s)
✔ [11649/11721] Built OAI.Analysis.MutuallyUnbiased.MixedTargets.ReductionData52 (19s)
✔ [11650/11723] Built OAI.Analysis.MutuallyUnbiased.MixedTargets.ReductionData53 (20s)
✔ [11651/11725] Built OAI.Analysis.MutuallyUnbiased.MixedTargets.ReductionData48 (20s)
✔ [11652/11729] Built OAI.Analysis.MutuallyUnbiased.MixedTargets.OriginalMerge5 (112s)
✔ [11653/11731] Built OAI.Analysis.MutuallyUnbiased.MixedTargets.ReductionData49 (18s)
✔ [11654/11733] Built OAI.Analysis.MutuallyUnbiased.MixedTargets.ReductionMergeData10 (20s)
✔ [11655/11735] Built OAI.Analysis.MutuallyUnbiased.MixedTargets.ReductionData46 (21s)
✔ [11656/11735] Built OAI.Analysis.MutuallyUnbiased.MixedTargets.ReductionData47 (22s)
✔ [11657/11737] Built OAI.Analysis.MutuallyUnbiased.GramAssembly.Block3Part8 (55s)
✔ [11658/11737] Built OAI.Analysis.MutuallyUnbiased.GramAssembly.Block1Part8 (47s)
✔ [11659/11739] Built OAI.Analysis.MutuallyUnbiased.MixedTargets.ReductionData50 (21s)
✔ [11660/11739] Built OAI.Analysis.MutuallyUnbiased.MixedTargets.ReductionData51 (20s)
✔ [11661/11741] Built OAI.Analysis.MutuallyUnbiased.MixedTargets.ReductionMergeData11 (22s)
✔ [11662/11745] Built OAI.Analysis.MutuallyUnbiased.MixedTargets.ReductionData56 (19s)
✔ [11663/11745] Built OAI.Analysis.MutuallyUnbiased.MixedTargets.ReductionData57 (19s)
✔ [11664/11750] Built OAI.Analysis.MutuallyUnbiased.MixedTargets.ReductionData54 (20s)
✔ [11665/11750] Built OAI.Analysis.MutuallyUnbiased.GramAssembly.Block4Part9 (76s)
✔ [11666/11750] Built OAI.Analysis.MutuallyUnbiased.MixedTargets.ReductionData55 (20s)
✔ [11667/11754] Built OAI.Analysis.MutuallyUnbiased.MixedTargets.ReductionMergeData12 (20s)
✔ [11668/11754] Built OAI.Analysis.MutuallyUnbiased.GramAssembly.Block3Part9 (29s)
✔ [11669/11754] Built OAI.Analysis.MutuallyUnbiased.MixedTargets.ReductionData58 (20s)
✔ [11670/11754] Built OAI.Analysis.MutuallyUnbiased.MixedTargets.ReductionSound0 (23s)
✔ [11671/11754] Built OAI.Analysis.MutuallyUnbiased.MixedTargets.ReductionSound1 (22s)
✔ [11672/11758] Built OAI.Analysis.MutuallyUnbiased.MixedTargets.ReductionSound2 (22s)
✔ [11673/11758] Built OAI.Analysis.MutuallyUnbiased.MixedTargets.ReductionSound3 (22s)
✔ [11674/11760] Built OAI.Analysis.MutuallyUnbiased.MixedTargets.ReductionMergeData14 (27s)
✔ [11675/11762] Built OAI.Analysis.MutuallyUnbiased.MixedTargets.ReductionSound4 (23s)
✔ [11676/11764] Built OAI.Analysis.MutuallyUnbiased.MixedTargets.ReductionMergeSound0 (20s)
✔ [11677/11764] Built OAI.Analysis.MutuallyUnbiased.MixedTargets.ReductionSound5 (23s)
✔ [11678/11766] Built OAI.Analysis.MutuallyUnbiased.MixedTargets.ReductionSound6 (20s)
✔ [11679/11768] Built OAI.Analysis.MutuallyUnbiased.GramAssembly.Block3Part10 (32s)
✔ [11680/11768] Built OAI.Analysis.MutuallyUnbiased.MixedTargets.ReductionMergeData15 (21s)
✔ [11681/11770] Built OAI.Analysis.MutuallyUnbiased.MixedTargets.ReductionSound7 (22s)
✔ [11682/11770] Built OAI.Analysis.MutuallyUnbiased.MixedTargets.ReductionSound8 (21s)
✔ [11683/11770] Built OAI.Analysis.MutuallyUnbiased.GramAssembly.Block1Part9 (80s)
✔ [11684/11772] Built OAI.Analysis.MutuallyUnbiased.MixedTargets.ReductionMergeSound1 (19s)
✔ [11685/11772] Built OAI.Analysis.MutuallyUnbiased.GramAssembly.Block4Part10 (65s)
✔ [11686/11772] Built OAI.Analysis.MutuallyUnbiased.MixedTargets.ReductionSound9 (20s)
✔ [11687/11772] Built OAI.Analysis.MutuallyUnbiased.MixedTargets.ReductionSound10 (20s)
✔ [11688/11776] Built OAI.Analysis.MutuallyUnbiased.MixedTargets.ReductionSound11 (20s)
✔ [11689/11776] Built OAI.Analysis.MutuallyUnbiased.MixedTargets.ReductionMergeData16 (21s)
✔ [11690/11776] Built OAI.Analysis.MutuallyUnbiased.MixedTargets.ReductionSound12 (22s)
✔ [11691/11776] Built OAI.Analysis.MutuallyUnbiased.GramAssembly.Block3Part11 (29s)
✔ [11692/11778] Built OAI.Analysis.MutuallyUnbiased.MixedTargets.ReductionMergeSound2 (21s)
✔ [11693/11780] Built OAI.Analysis.MutuallyUnbiased.MixedTargets.ReductionSound13 (21s)
✔ [11694/11780] Built OAI.Analysis.MutuallyUnbiased.MixedTargets.ReductionSound14 (20s)
✔ [11695/11780] Built OAI.Analysis.MutuallyUnbiased.MixedTargets.ReductionSound15 (21s)
✔ [11696/11782] Built OAI.Analysis.MutuallyUnbiased.MixedTargets.ReductionMergeData17 (21s)
✔ [11697/11784] Built OAI.Analysis.MutuallyUnbiased.MixedTargets.ReductionMergeSound3 (22s)
✔ [11698/11784] Built OAI.Analysis.MutuallyUnbiased.MixedTargets.ReductionSound16 (20s)
✔ [11699/11784] Built OAI.Analysis.MutuallyUnbiased.GramAssembly.Block1Part10 (52s)
✔ [11700/11786] Built OAI.Analysis.MutuallyUnbiased.MixedTargets.ReductionSound17 (21s)
✔ [11701/11788] Built OAI.Analysis.MutuallyUnbiased.GramAssembly.Block4Part11 (52s)
✔ [11702/11788] Built OAI.Analysis.MutuallyUnbiased.MixedTargets.ReductionMergeSound13 (20s)
✔ [11703/11788] Built OAI.Analysis.MutuallyUnbiased.GramAssembly.Block3Part12 (37s)
✔ [11704/11792] Built OAI.Analysis.MutuallyUnbiased.MixedTargets.ReductionSound18 (21s)
✔ [11705/11792] Built OAI.Analysis.MutuallyUnbiased.MixedTargets.ReductionMergeData18 (24s)
✔ [11706/11792] Built OAI.Analysis.MutuallyUnbiased.MixedTargets.ReductionSound19 (20s)
✔ [11707/11792] Built OAI.Analysis.MutuallyUnbiased.MixedTargets.ReductionMergeSound4 (19s)
✔ [11708/11792] Built OAI.Analysis.MutuallyUnbiased.MixedTargets.ReductionSound20 (21s)
✔ [11709/11796] Built OAI.Analysis.MutuallyUnbiased.MixedTargets.ReductionSound21 (21s)
✔ [11710/11796] Built OAI.Analysis.MutuallyUnbiased.GramAssembly.Block4Part12 (29s)
✔ [11711/11796] Built OAI.Analysis.MutuallyUnbiased.MixedTargets.ReductionSound22 (22s)
✔ [11712/11800] Built OAI.Analysis.MutuallyUnbiased.MixedTargets.ReductionSound23 (22s)
✔ [11713/11800] Built OAI.Analysis.MutuallyUnbiased.MixedTargets.ReductionMergeData19 (20s)
✔ [11714/11802] Built OAI.Analysis.MutuallyUnbiased.MixedTargets.ReductionMergeSound5 (21s)
✔ [11715/11802] Built OAI.Analysis.MutuallyUnbiased.MixedTargets.ReductionSound24 (20s)
✔ [11716/11804] Built OAI.Analysis.MutuallyUnbiased.GramAssembly.Block3Part13 (35s)
✔ [11717/11806] Built OAI.Analysis.MutuallyUnbiased.MixedTargets.ReductionSound25 (22s)
✔ [11718/11806] Built OAI.Analysis.MutuallyUnbiased.MixedTargets.ReductionSound26 (20s)
✔ [11719/11806] Built OAI.Analysis.MutuallyUnbiased.MixedTargets.ReductionSound27 (21s)
✔ [11720/11806] Built OAI.Analysis.MutuallyUnbiased.MixedTargets.ReductionMergeSound6 (20s)
✔ [11721/11810] Built OAI.Analysis.MutuallyUnbiased.MixedTargets.ReductionSound28 (22s)
✔ [11722/11810] Built OAI.Analysis.MutuallyUnbiased.MixedTargets.ReductionMergeData20 (22s)
✔ [11723/11814] Built OAI.Analysis.MutuallyUnbiased.GramAssembly.Block4Part13 (35s)
✔ [11724/11814] Built OAI.Analysis.MutuallyUnbiased.GramAssembly.Block1Part11 (69s)
✔ [11725/11814] Built OAI.Analysis.MutuallyUnbiased.MixedTargets.ReductionSound29 (20s)
✔ [11726/11814] Built OAI.Analysis.MutuallyUnbiased.MixedTargets.ReductionSound30 (19s)
✔ [11727/11814] Built OAI.Analysis.MutuallyUnbiased.MixedTargets.ReductionMergeSound7 (20s)
✔ [11728/11818] Built OAI.Analysis.MutuallyUnbiased.MixedTargets.ReductionSound31 (22s)
✔ [11729/11818] Built OAI.Analysis.MutuallyUnbiased.MixedTargets.ReductionSound32 (22s)
✔ [11730/11818] Built OAI.Analysis.MutuallyUnbiased.MixedTargets.ReductionMergeData21 (21s)
✔ [11731/11818] Built OAI.Analysis.MutuallyUnbiased.MixedTargets.ReductionSound33 (22s)
✔ [11732/11822] Built OAI.Analysis.MutuallyUnbiased.MixedTargets.ReductionSound34 (20s)
✔ [11733/11822] Built OAI.Analysis.MutuallyUnbiased.MixedTargets.ReductionMergeSound8 (20s)
✔ [11734/11822] Built OAI.Analysis.MutuallyUnbiased.GramAssembly.Block3Part14 (55s)
✔ [11735/11822] Built OAI.Analysis.MutuallyUnbiased.MixedTargets.ReductionSound35 (22s)
✔ [11736/11826] Built OAI.Analysis.MutuallyUnbiased.MixedTargets.ReductionSound36 (21s)
✔ [11737/11826] Built OAI.Analysis.MutuallyUnbiased.MixedTargets.ReductionSound37 (20s)
✔ [11738/11828] Built OAI.Analysis.MutuallyUnbiased.GramAssembly.Block1Part12 (35s)
✔ [11739/11830] Built OAI.Analysis.MutuallyUnbiased.MixedTargets.ReductionMergeData22 (32s)
✔ [11740/11830] Built OAI.Analysis.MutuallyUnbiased.MixedTargets.ReductionMergeSound9 (18s)
✔ [11741/11830] Built OAI.Analysis.MutuallyUnbiased.MixedTargets.ReductionSound38 (20s)
✔ [11742/11832] Built OAI.Analysis.MutuallyUnbiased.MixedTargets.ReductionSound39 (19s)
✔ [11743/11832] Built OAI.Analysis.MutuallyUnbiased.MixedTargets.ReductionSound40 (18s)
✔ [11744/11836] Built OAI.Analysis.MutuallyUnbiased.GramAssembly.Block3Part15 (28s)
✔ [11745/11836] Built OAI.Analysis.MutuallyUnbiased.MixedTargets.ReductionSound41 (19s)
✔ [11746/11836] Built OAI.Analysis.MutuallyUnbiased.MixedTargets.ReductionMergeData23 (18s)
✔ [11747/11836] Built OAI.Analysis.MutuallyUnbiased.MixedTargets.ReductionSound42 (18s)
✔ [11748/11836] Built OAI.Analysis.MutuallyUnbiased.MixedTargets.ReductionMergeSound10 (18s)
✔ [11749/11840] Built OAI.Analysis.MutuallyUnbiased.MixedTargets.ReductionSound43 (18s)
✔ [11750/11840] Built OAI.Analysis.MutuallyUnbiased.MixedTargets.ReductionSound44 (19s)
✔ [11751/11844] Built OAI.Analysis.MutuallyUnbiased.GramAssembly.Block3Part16 (21s)
✔ [11752/11844] Built OAI.Analysis.MutuallyUnbiased.MixedTargets.ReductionSound45 (19s)
✔ [11753/11844] Built OAI.Analysis.MutuallyUnbiased.MixedTargets.ReductionMergeData24 (19s)
✔ [11754/11844] Built OAI.Analysis.MutuallyUnbiased.MixedTargets.ReductionMergeSound11 (17s)
✔ [11755/11846] Built OAI.Analysis.MutuallyUnbiased.MixedTargets.ReductionSound46 (18s)
✔ [11756/11848] Built OAI.Analysis.MutuallyUnbiased.MixedTargets.ReductionSound47 (18s)
✔ [11757/11848] Built OAI.Analysis.MutuallyUnbiased.MixedTargets.ReductionSound48 (19s)
✔ [11758/11852] Built OAI.Analysis.MutuallyUnbiased.MixedTargets.ReductionMergeData25 (18s)
✔ [11759/11852] Built OAI.Analysis.MutuallyUnbiased.MixedTargets.ReductionSound49 (19s)
✔ [11760/11852] Built OAI.Analysis.MutuallyUnbiased.MixedTargets.ReductionMergeSound12 (18s)
✔ [11761/11852] Built OAI.Analysis.MutuallyUnbiased.MixedTargets.ReductionSound50 (19s)
✔ [11762/11856] Built OAI.Analysis.MutuallyUnbiased.MixedTargets.ReductionSound51 (20s)
✔ [11763/11856] Built OAI.Analysis.MutuallyUnbiased.MixedTargets.ReductionSound52 (19s)
✔ [11764/11858] Built OAI.Analysis.MutuallyUnbiased.MixedTargets.ReductionMergeData26 (21s)
✔ [11765/11860] Built OAI.Analysis.MutuallyUnbiased.MixedTargets.ReductionSound53 (19s)
✔ [11766/11860] Built OAI.Analysis.MutuallyUnbiased.MixedTargets.ReductionMergeSound14 (17s)
✔ [11767/11862] Built OAI.Analysis.MutuallyUnbiased.GramAssembly.Block3Part17 (55s)
✔ [11768/11862] Built OAI.Analysis.MutuallyUnbiased.MixedTargets.ReductionSound54 (19s)
✔ [11769/11862] Built OAI.Analysis.MutuallyUnbiased.MixedTargets.ReductionSound55 (19s)
✔ [11770/11867] Built OAI.Analysis.MutuallyUnbiased.MixedTargets.ReductionMergeData27 (18s)
✔ [11771/11867] Built OAI.Analysis.MutuallyUnbiased.MixedTargets.ReductionSound56 (18s)
✔ [11772/11869] Built OAI.Analysis.MutuallyUnbiased.MixedTargets.ReductionSound57 (18s)
✔ [11773/11870] Built OAI.Analysis.MutuallyUnbiased.MixedTargets.ReductionMergeSound15 (17s)
✔ [11774/11871] Built OAI.Analysis.MutuallyUnbiased.MixedTargets.ReductionSound58 (19s)
✔ [11775/11871] Built OAI.Analysis.MutuallyUnbiased.MixedTargets.ReductionSound59 (20s)
✔ [11776/11872] Built OAI.Analysis.MutuallyUnbiased.MixedTargets.ReductionMergeData28 (18s)
✔ [11777/11873] Built OAI.Analysis.MutuallyUnbiased.GramKeys.Block1 (18s)
✔ [11778/11873] Built OAI.Analysis.MutuallyUnbiased.GramKeys.Block2 (17s)
✔ [11779/11874] Built OAI.Analysis.MutuallyUnbiased.MixedTargets.ReductionMergeSound16 (18s)
✔ [11780/11875] Built OAI.Analysis.MutuallyUnbiased.GramKeys.Block3 (17s)
✔ [11781/11876] Built OAI.Analysis.MutuallyUnbiased.GramKeys.Block4 (18s)
✔ [11782/11876] Built OAI.Analysis.MutuallyUnbiased.GramKeys.Block10 (18s)
✔ [11783/11877] Built OAI.Analysis.MutuallyUnbiased.GramAssembly.Block3Part18 (53s)
✔ [11784/11878] Built OAI.Analysis.MutuallyUnbiased.GramKeys.Block11 (17s)
✔ [11785/11879] Built OAI.Analysis.MutuallyUnbiased.GramKeys.Block12 (17s)
✔ [11786/11879] Built OAI.Analysis.MutuallyUnbiased.GramKeys.Block13 (17s)
✔ [11787/11880] Built OAI.Analysis.MutuallyUnbiased.MixedTargets.ReductionMergeSound17 (21s)
✔ [11788/11880] Built OAI.Analysis.MutuallyUnbiased.GramKeys.Block14 (16s)
✔ [11789/11883] Built OAI.Analysis.MutuallyUnbiased.MixedTargets.ReductionMergeData29 (39s)
✔ [11790/11884] Built OAI.Analysis.MutuallyUnbiased.GramKeys.Block20 (17s)
✔ [11791/11884] Built OAI.Analysis.MutuallyUnbiased.GramKeys.Block15 (17s)
✔ [11792/11892] Built OAI.Analysis.MutuallyUnbiased.GramKeys.Block21 (16s)
✔ [11793/11893] Built OAI.Analysis.MutuallyUnbiased.GramAssembly.Block4Part14 (233s)
✔ [11794/11895] Built OAI.Analysis.MutuallyUnbiased.GramAssembly.Block3Part19 (28s)
✔ [11795/11915] Built OAI.Analysis.MutuallyUnbiased.GramKeys.Block22 (16s)
✔ [11796/11916] Built OAI.Analysis.MutuallyUnbiased.MixedTargets.ReductionMergeSound18 (18s)
✔ [11797/11916] Built OAI.Analysis.MutuallyUnbiased.Certificate.GramPolynomial (14s)
✔ [11798/11917] Built OAI.Analysis.MutuallyUnbiased.MixedTargets.ReductionMergeData30 (15s)
✔ [11799/11917] Built OAI.Analysis.MutuallyUnbiased.GramKeys.Block23 (16s)
✔ [11800/11917] Built OAI.Analysis.MutuallyUnbiased.GramKeys.Block0 (17s)
✔ [11801/11917] Built OAI.Analysis.MutuallyUnbiased.GramAssembly.Block3Part20 (20s)
✔ [11802/11917] Built OAI.Analysis.MutuallyUnbiased.GramKeys.Block5 (18s)
✔ [11803/11917] Built OAI.Analysis.MutuallyUnbiased.GramKeys.Block6 (18s)
✔ [11804/11917] Built OAI.Analysis.MutuallyUnbiased.MixedTargets.ReductionMergeSound19 (21s)
✔ [11805/11917] Built OAI.Analysis.MutuallyUnbiased.GramAssembly.Block4Part15 (72s)
✔ [11806/11918] Built OAI.Analysis.MutuallyUnbiased.GramRows.Block10 (63s)
✔ [11807/11918] Built OAI.Analysis.MutuallyUnbiased.GramRows.Block8 (61s)
✔ [11808/11919] Built OAI.Analysis.MutuallyUnbiased.GramRows.Block7 (60s)
✔ [11809/11919] Built OAI.Analysis.MutuallyUnbiased.GramRows.Block9 (64s)
✔ [11810/11919] Built OAI.Analysis.MutuallyUnbiased.GramRows.Block6 (60s)
✔ [11811/11919] Built OAI.Analysis.MutuallyUnbiased.GramRows.Block5 (61s)
✔ [11812/11919] Built OAI.Analysis.MutuallyUnbiased.MixedTargets.ReductionMergeData31 (23s)
✔ [11813/11919] Built OAI.Analysis.MutuallyUnbiased.GramKeys.Block7 (18s)
✔ [11814/11919] Built OAI.Analysis.MutuallyUnbiased.GramAssembly.Block1Part13 (308s)
✔ [11815/11919] Built OAI.Analysis.MutuallyUnbiased.GramRows.Block1 (84s)
✔ [11816/11919] Built OAI.Analysis.MutuallyUnbiased.GramRows.Block2 (75s)
✔ [11817/11919] Built OAI.Analysis.MutuallyUnbiased.GramRows.Block3 (77s)
✔ [11818/11919] Built OAI.Analysis.MutuallyUnbiased.GramRows.Block4 (75s)
✔ [11819/11919] Built OAI.Analysis.MutuallyUnbiased.GramRows.Block11 (77s)
✔ [11820/11919] Built OAI.Analysis.MutuallyUnbiased.GramRows.Block12 (77s)
✔ [11821/11919] Built OAI.Analysis.MutuallyUnbiased.GramEntries.Block0Data (20s)
✔ [11822/11919] Built OAI.Analysis.MutuallyUnbiased.GramRows.Block13 (89s)
✔ [11823/11920] Built OAI.Analysis.MutuallyUnbiased.MixedTargets.ReductionMergeSound20 (46s)
✔ [11824/11920] Built OAI.Analysis.MutuallyUnbiased.GramAssembly.Block4 (39s)
✔ [11825/11921] Built OAI.Analysis.MutuallyUnbiased.GramRows.Block15 (70s)
✔ [11826/11921] Built OAI.Analysis.MutuallyUnbiased.GramRows.Block14 (76s)
✔ [11827/11921] Built OAI.Analysis.MutuallyUnbiased.GramRows.Block16 (67s)
✔ [11828/11921] Built OAI.Analysis.MutuallyUnbiased.GramKeys.Block8 (29s)
✔ [11829/11921] Built OAI.Analysis.MutuallyUnbiased.GramKeys.Block9 (18s)
✔ [11830/11921] Built OAI.Analysis.MutuallyUnbiased.MixedTargets.ReductionMergeData32 (19s)
✔ [11831/11921] Built OAI.Analysis.MutuallyUnbiased.GramAssembly.Block1 (23s)
✔ [11832/11921] Built OAI.Analysis.MutuallyUnbiased.GramAssembly.Block0Reindex4 (21s)
✔ [11833/11921] Built OAI.Analysis.MutuallyUnbiased.GramAssembly.Block3Part21 (81s)
✔ [11834/11922] Built OAI.Analysis.MutuallyUnbiased.GramAssembly.Block0Reindex3 (20s)
✔ [11835/11922] Built OAI.Analysis.MutuallyUnbiased.GramEntries.Block0Row3 (29s)
✔ [11836/11922] Built OAI.Analysis.MutuallyUnbiased.GramAssembly.Block0Reindex2 (20s)
✔ [11837/11922] Built OAI.Analysis.MutuallyUnbiased.GramAssembly.Block0Reindex1 (20s)
✔ [11838/11923] Built OAI.Analysis.MutuallyUnbiased.GramAssembly.Block0Reindex0 (18s)
✔ [11839/11926] Built OAI.Analysis.MutuallyUnbiased.GramKeys.Block16 (21s)
✔ [11840/11927] Built OAI.Analysis.MutuallyUnbiased.MixedTargets.ReductionMergeSound21 (24s)
✔ [11841/11927] Built OAI.Analysis.MutuallyUnbiased.GramKeys.Block17 (23s)
✔ [11842/11928] Built OAI.Analysis.MutuallyUnbiased.MixedTargets.ReductionMergeData33 (26s)
✔ [11843/11929] Built OAI.Analysis.MutuallyUnbiased.GramKeys.Block18 (21s)
✔ [11844/11949] Built OAI.Analysis.MutuallyUnbiased.GramEntries.Block0Row4 (33s)
✔ [11845/11951] Built OAI.Analysis.MutuallyUnbiased.GramAssembly.Block0Reindex (18s)
✔ [11846/11953] Built OAI.Analysis.MutuallyUnbiased.GramKeys.Block19 (21s)
✔ [11847/11955] Built OAI.Analysis.MutuallyUnbiased.GramKeys.Block24 (18s)
✔ [11848/11955] Built OAI.Analysis.MutuallyUnbiased.GramRows.Block0 (222s)
✔ [11849/11956] Built OAI.Analysis.MutuallyUnbiased.MixedTargets.ReductionMergeSound22 (22s)
✔ [11850/11958] Built OAI.Analysis.MutuallyUnbiased.MixedTargets.ReductionMergeData34 (19s)
✔ [11851/11958] Built OAI.Analysis.MutuallyUnbiased.GramEntries.Block0Row0 (24s)
✔ [11852/11958] Built OAI.Analysis.MutuallyUnbiased.GramRows.Block18 (45s)
✔ [11853/11958] Built OAI.Analysis.MutuallyUnbiased.GramRows.Block19 (45s)
✔ [11854/11958] Built OAI.Analysis.MutuallyUnbiased.GramRows.Block17 (52s)
✔ [11855/11958] Built OAI.Analysis.MutuallyUnbiased.GramRows.Block20 (46s)
✔ [11856/11958] Built OAI.Analysis.MutuallyUnbiased.GramRows.Block21 (46s)
✔ [11857/11959] Built OAI.Analysis.MutuallyUnbiased.GramEntries.Block1Data (41s)
✔ [11858/11959] Built OAI.Analysis.MutuallyUnbiased.GramEntries.Block0Row1 (25s)
✔ [11859/11959] Built OAI.Analysis.MutuallyUnbiased.GramEntries.Block0Row2 (28s)
✔ [11860/11959] Built OAI.Analysis.MutuallyUnbiased.MixedTargets.ReductionMergeData35 (23s)
✔ [11861/11959] Built OAI.Analysis.MutuallyUnbiased.MixedTargets.ReductionMergeSound23 (28s)
✔ [11862/11959] Built OAI.Analysis.MutuallyUnbiased.GramEntries.Block1Row2 (25s)
✔ [11863/11959] Built OAI.Analysis.MutuallyUnbiased.GramEntries.Block1Row1 (19s)
✔ [11864/11959] Built OAI.Analysis.MutuallyUnbiased.GramRows.Block22 (37s)
✔ [11865/11959] Built OAI.Analysis.MutuallyUnbiased.GramRows.Block23 (41s)
✔ [11866/11959] Built OAI.Analysis.MutuallyUnbiased.GramEntries.Block1Row0 (19s)
✔ [11867/11959] Built OAI.Analysis.MutuallyUnbiased.GramAssembly.Block1Reindex19 (18s)
✔ [11868/11959] Built OAI.Analysis.MutuallyUnbiased.GramAssembly.Block1Reindex20 (22s)
✔ [11869/11959] Built OAI.Analysis.MutuallyUnbiased.GramAssembly.Block1Reindex18 (23s)
✔ [11870/11959] Built OAI.Analysis.MutuallyUnbiased.GramAssembly.Block1Reindex17 (22s)
✔ [11871/11959] Built OAI.Analysis.MutuallyUnbiased.GramAssembly.Block1Reindex16 (22s)
✔ [11872/11959] Built OAI.Analysis.MutuallyUnbiased.GramAssembly.Block1Reindex14 (20s)
✔ [11873/11959] Built OAI.Analysis.MutuallyUnbiased.GramAssembly.Block1Reindex15 (23s)
✔ [11874/11959] Built OAI.Analysis.MutuallyUnbiased.GramAssembly.Block1Reindex13 (18s)
✔ [11875/11959] Built OAI.Analysis.MutuallyUnbiased.GramAssembly.Block1Reindex12 (22s)
✔ [11876/11959] Built OAI.Analysis.MutuallyUnbiased.GramAssembly.Block1Reindex11 (19s)
✔ [11877/11959] Built OAI.Analysis.MutuallyUnbiased.GramAssembly.Block1Reindex10 (20s)
✔ [11878/11959] Built OAI.Analysis.MutuallyUnbiased.GramAssembly.Block1Reindex9 (23s)
✔ [11879/11959] Built OAI.Analysis.MutuallyUnbiased.GramAssembly.Block1Reindex8 (18s)
✔ [11880/11959] Built OAI.Analysis.MutuallyUnbiased.GramAssembly.Block1Reindex6 (19s)
✔ [11881/11961] Built OAI.Analysis.MutuallyUnbiased.GramAssembly.Block1Reindex7 (21s)
✔ [11882/11961] Built OAI.Analysis.MutuallyUnbiased.GramAssembly.Block1Reindex4 (18s)
✔ [11883/11961] Built OAI.Analysis.MutuallyUnbiased.GramAssembly.Block1Reindex5 (21s)
✔ [11884/11961] Built OAI.Analysis.MutuallyUnbiased.GramAssembly.Block1Reindex3 (19s)
✔ [11885/11961] Built OAI.Analysis.MutuallyUnbiased.GramAssembly.Block1Reindex1 (19s)
✔ [11886/11961] Built OAI.Analysis.MutuallyUnbiased.GramAssembly.Block1Reindex2 (24s)
✔ [11887/11963] Built OAI.Analysis.MutuallyUnbiased.GramAssembly.Block1Reindex0 (24s)
✔ [11888/11963] Built OAI.Analysis.MutuallyUnbiased.GramEntries.Block0 (18s)
✔ [11889/11964] Built OAI.Analysis.MutuallyUnbiased.MixedTargets.ReductionMergeData36 (20s)
✔ [11890/11964] Built OAI.Analysis.MutuallyUnbiased.GramEntries.Block1Row3 (19s)
✔ [11891/11965] Built OAI.Analysis.MutuallyUnbiased.MixedTargets.ReductionMergeSound24 (25s)
✔ [11892/11965] Built OAI.Analysis.MutuallyUnbiased.GramRows.Block24 (36s)
✔ [11893/11967] Built OAI.Analysis.MutuallyUnbiased.GramAssembly.Block1Reindex (18s)
✔ [11894/11967] Built OAI.Analysis.MutuallyUnbiased.GramAssembly.Block0Semantics (21s)
✔ [11895/11967] Built OAI.Analysis.MutuallyUnbiased.GramRows.Block26 (38s)
✔ [11896/11968] Built OAI.Analysis.MutuallyUnbiased.GramRows.Block25 (45s)
✔ [11897/11969] Built OAI.Analysis.MutuallyUnbiased.GramRows.Block28 (35s)
✔ [11898/11971] Built OAI.Analysis.MutuallyUnbiased.MixedTargets.ReductionMergeData37 (37s)
✔ [11899/11971] Built OAI.Analysis.MutuallyUnbiased.GramRows.Block27 (47s)
✔ [11900/11973] Built OAI.Analysis.MutuallyUnbiased.GramRows.Block29 (33s)
✔ [11901/11973] Built OAI.Analysis.MutuallyUnbiased.MixedTargets.ReductionMergeSound25 (24s)
✔ [11902/11973] Built OAI.Analysis.MutuallyUnbiased.GramEntries.Block1Row4 (18s)
✔ [11903/11975] Built OAI.Analysis.MutuallyUnbiased.MixedTargets.ReductionMergeData38 (29s)
✔ [11904/11975] Built OAI.Analysis.MutuallyUnbiased.GramRows.Block32 (40s)
✔ [11905/11978] Built OAI.Analysis.MutuallyUnbiased.GramRows.Block31 (51s)
✔ [11906/11978] Built OAI.Analysis.MutuallyUnbiased.GramRows.Block30 (61s)
✔ [11907/11978] Built OAI.Analysis.MutuallyUnbiased.MixedTargets.ReductionMergeSound26 (49s)
✔ [11908/11980] Built OAI.Analysis.MutuallyUnbiased.MixedTargets.ReductionMergeData39 (27s)
✔ [11909/11980] Built OAI.Analysis.MutuallyUnbiased.GramEntries.Block1Row5 (50s)
✔ [11910/11980] Built OAI.Analysis.MutuallyUnbiased.GramAssembly.Block3Part22 (367s)
✔ [11911/11983] Built OAI.Analysis.MutuallyUnbiased.GramRows.Block33 (129s)
✔ [11912/11983] Built OAI.Analysis.MutuallyUnbiased.MixedTargets.ReductionMergeSound27 (78s)
✔ [11913/11983] Built OAI.Analysis.MutuallyUnbiased.GramRows.Block34 (139s)
✔ [11914/11983] Built OAI.Analysis.MutuallyUnbiased.MixedTargets.ReductionMergeData40 (29s)
✔ [11915/11983] Built OAI.Analysis.MutuallyUnbiased.GramAssembly.Block3 (33s)
✔ [11916/11984] Built OAI.Analysis.MutuallyUnbiased.GramRows.Block35 (139s)
✔ [11917/11984] Built OAI.Analysis.MutuallyUnbiased.GramEntries.Block1Row6 (33s)
✔ [11918/11985] Built OAI.Analysis.MutuallyUnbiased.GramRows.Block36 (148s)
✔ [11919/11985] Built OAI.Analysis.MutuallyUnbiased.GramRows.Block37 (157s)
✔ [11920/11985] Built OAI.Analysis.MutuallyUnbiased.MixedTargets.ReductionMergeSound28 (54s)
✔ [11921/11987] Built OAI.Analysis.MutuallyUnbiased.MixedTargets.ReductionMergeData41 (40s)
✔ [11922/11987] Built OAI.Analysis.MutuallyUnbiased.GramEntries.Block1Row7 (48s)
✔ [11923/11987] Built OAI.Analysis.MutuallyUnbiased.GramEntries.Block1Row8 (24s)
✔ [11924/11987] Built OAI.Analysis.MutuallyUnbiased.GramRows.Block38 (154s)
✔ [11925/11987] Built OAI.Analysis.MutuallyUnbiased.GramRows.Block39 (132s)
✔ [11926/11989] Built OAI.Analysis.MutuallyUnbiased.GramEntries.Block1Row9 (51s)
✔ [11927/11989] Built OAI.Analysis.MutuallyUnbiased.MixedTargets.ReductionMergeData42 (36s)
✔ [11928/11991] Built OAI.Analysis.MutuallyUnbiased.MixedTargets.ReductionMergeSound29 (69s)
✔ [11929/11991] Built OAI.Analysis.MutuallyUnbiased.GramRows.Block40 (148s)
✔ [11930/11991] Built OAI.Analysis.MutuallyUnbiased.GramEntries.Block1Row10 (27s)
✔ [11931/11993] Built OAI.Analysis.MutuallyUnbiased.GramRows.Block41 (110s)
✔ [11932/11993] Built OAI.Analysis.MutuallyUnbiased.MixedTargets.ReductionMergeData43 (35s)
✔ [11933/11993] Built OAI.Analysis.MutuallyUnbiased.MixedTargets.ReductionMergeSound30 (51s)
✔ [11934/11993] Built OAI.Analysis.MutuallyUnbiased.GramRows.Block42 (144s)
✔ [11935/11994] Built OAI.Analysis.MutuallyUnbiased.GramEntries.Block1Row11 (47s)
✔ [11936/11995] Built OAI.Analysis.MutuallyUnbiased.GramRows.Block43 (137s)
✔ [11937/11995] Built OAI.Analysis.MutuallyUnbiased.GramAssembly.Combined (233s)
✔ [11938/11996] Built OAI.Analysis.MutuallyUnbiased.GramRows.Block44 (131s)
✔ [11939/11998] Built OAI.Analysis.MutuallyUnbiased.MixedTargets.ReductionMergeData44 (80s)
✔ [11940/11998] Built OAI.Analysis.MutuallyUnbiased.GramRows.Block45 (141s)
✔ [11941/11998] Built OAI.Analysis.MutuallyUnbiased.MixedTargets.ReductionMergeSound31 (62s)
✔ [11942/11998] Built OAI.Analysis.MutuallyUnbiased.GramRows.Block46 (139s)
✔ [11943/11998] Built OAI.Analysis.MutuallyUnbiased.GramEntries.Block1Row13 (33s)
✔ [11944/12000] Built OAI.Analysis.MutuallyUnbiased.MixedTargets.OriginalCollection (34s)
✔ [11945/12000] Built OAI.Analysis.MutuallyUnbiased.GramEntries.Block1Row12 (58s)
✔ [11946/12002] Built OAI.Analysis.MutuallyUnbiased.GramRows.Block47 (134s)
✔ [11947/12002] Built OAI.Analysis.MutuallyUnbiased.MixedTargets.ReductionMergeData45 (41s)
✔ [11948/12003] Built OAI.Analysis.MutuallyUnbiased.MixedTargets.ReductionMergeSound32 (35s)
✔ [11949/12003] Built OAI.Analysis.MutuallyUnbiased.GramRows.Block48 (146s)
✔ [11950/12004] Built OAI.Analysis.MutuallyUnbiased.GramEntries.Block1Row14 (67s)
✔ [11951/12004] Built OAI.Analysis.MutuallyUnbiased.GramRows.Block50 (145s)
✔ [11952/12006] Built OAI.Analysis.MutuallyUnbiased.GramRows.Block49 (160s)
✔ [11953/12006] Built OAI.Analysis.MutuallyUnbiased.MixedTargets.ReductionMergeData46 (54s)
✔ [11954/12006] Built OAI.Analysis.MutuallyUnbiased.MixedTargets.ReductionMergeSound33 (51s)
✔ [11955/12007] Built OAI.Analysis.MutuallyUnbiased.GramRows.Block53 (138s)
✔ [11956/12009] Built OAI.Analysis.MutuallyUnbiased.GramRows.Block51 (153s)
✔ [11957/12009] Built OAI.Analysis.MutuallyUnbiased.GramRows.Block52 (151s)
✔ [11958/12009] Built OAI.Analysis.MutuallyUnbiased.MixedTargets.ReductionMergeData47 (40s)
✔ [11959/12009] Built OAI.Analysis.MutuallyUnbiased.MixedTargets.ReductionMergeSound34 (46s)
✔ [11960/12012] Built OAI.Analysis.MutuallyUnbiased.GramRows.Block54 (178s)
✔ [11961/12012] Built OAI.Analysis.MutuallyUnbiased.GramEntries.Block1Row15 (68s)
✔ [11962/12012] Built OAI.Analysis.MutuallyUnbiased.GramRows.Block55 (144s)
✔ [11963/12012] Built OAI.Analysis.MutuallyUnbiased.GramEntries.Block1Row16 (59s)
✔ [11964/12014] Built OAI.Analysis.MutuallyUnbiased.GramRows.Block56 (147s)
✔ [11965/12018] Built OAI.Analysis.MutuallyUnbiased.MixedTargets.ReductionMergeData48 (47s)
✔ [11966/12018] Built OAI.Analysis.MutuallyUnbiased.GramRows.Block57 (151s)
✔ [11967/12018] Built OAI.Analysis.MutuallyUnbiased.MixedTargets.ReductionMergeSound35 (61s)
✔ [11968/12018] Built OAI.Analysis.MutuallyUnbiased.GramRows.Block58 (166s)
✔ [11969/12018] Built OAI.Analysis.MutuallyUnbiased.MixedTargets.ReductionMergeData49 (63s)
✔ [11970/12020] Built OAI.Analysis.MutuallyUnbiased.GramRows.Block59 (191s)
✔ [11971/12020] Built OAI.Analysis.MutuallyUnbiased.GramRows.Block60 (133s)
✔ [11972/12021] Built OAI.Analysis.MutuallyUnbiased.GramEntries.Block1Row17 (68s)
✔ [11973/12021] Built OAI.Analysis.MutuallyUnbiased.GramRows.Block62 (130s)
✔ [11974/12036] Built OAI.Analysis.MutuallyUnbiased.GramRows.Block61 (139s)
✔ [11975/12036] Built OAI.Analysis.MutuallyUnbiased.MixedTargets.ReductionMergeData50 (25s)
✔ [11976/12038] Built OAI.Analysis.MutuallyUnbiased.MixedTargets.ReductionMergeSound36 (55s)
✔ [11977/12038] Built OAI.Analysis.MutuallyUnbiased.GramRows.Block63 (151s)
✔ [11978/12038] Built OAI.Analysis.MutuallyUnbiased.GramEntries.Block2Data (32s)
✔ [11979/12040] Built OAI.Analysis.MutuallyUnbiased.MixedTargets.ReductionMergeData51 (29s)
✔ [11980/12040] Built OAI.Analysis.MutuallyUnbiased.GramEntries.Block1Row19 (35s)
✔ [11981/12040] Built OAI.Analysis.MutuallyUnbiased.GramEntries.Block1Row18 (61s)
✔ [11982/12040] Built OAI.Analysis.MutuallyUnbiased.MixedTargets.ReductionMergeSound37 (41s)
✔ [11983/12040] Built OAI.Analysis.MutuallyUnbiased.GramAssembly.Block2Reindex10 (26s)
✔ [11984/12040] Built OAI.Analysis.MutuallyUnbiased.GramAssembly.Block2Reindex9 (26s)
✔ [11985/12040] Built OAI.Analysis.MutuallyUnbiased.GramAssembly.Block2Reindex8 (34s)
✔ [11986/12040] Built OAI.Analysis.MutuallyUnbiased.GramAssembly.Block2Reindex7 (31s)
✔ [11987/12040] Built OAI.Analysis.MutuallyUnbiased.GramAssembly.Block2Reindex5 (31s)
✔ [11988/12040] Built OAI.Analysis.MutuallyUnbiased.GramAssembly.Block2Reindex6 (35s)
✔ [11989/12040] Built OAI.Analysis.MutuallyUnbiased.GramRows.Block64 (231s)
✔ [11990/12040] Built OAI.Analysis.MutuallyUnbiased.GramAssembly.Block2Reindex3 (27s)
✔ [11991/12040] Built OAI.Analysis.MutuallyUnbiased.GramAssembly.Block2Reindex4 (29s)
✔ [11992/12043] Built OAI.Analysis.MutuallyUnbiased.GramAssembly.Block2Reindex1 (24s)
✔ [11993/12043] Built OAI.Analysis.MutuallyUnbiased.GramAssembly.Block2Reindex2 (25s)
✔ [11994/12043] Built OAI.Analysis.MutuallyUnbiased.GramAssembly.Block2Reindex0 (25s)
✔ [11995/12043] Built OAI.Analysis.MutuallyUnbiased.MixedTargets.ReductionMergeData52 (41s)
✔ [11996/12043] Built OAI.Analysis.MutuallyUnbiased.GramEntries.Block2Row0 (39s)
✔ [11997/12044] Built OAI.Analysis.MutuallyUnbiased.MixedTargets.ReductionMergeSound38 (48s)
✔ [11998/12044] Built OAI.Analysis.MutuallyUnbiased.GramEntries.Block1Row20 (69s)
✔ [11999/12046] Built OAI.Analysis.MutuallyUnbiased.GramRows.Block66 (217s)
✔ [12000/12046] Built OAI.Analysis.MutuallyUnbiased.GramAssembly.Block2Reindex (41s)
✔ [12001/12046] Built OAI.Analysis.MutuallyUnbiased.GramRows.Block67 (214s)
✔ [12002/12046] Built OAI.Analysis.MutuallyUnbiased.GramRows.Block65 (247s)
✔ [12003/12047] Built OAI.Analysis.MutuallyUnbiased.MixedTargets.ReductionMergeData53 (46s)
✔ [12004/12047] Built OAI.Analysis.MutuallyUnbiased.MixedTargets.ReductionMergeSound39 (39s)
✔ [12005/12049] Built OAI.Analysis.MutuallyUnbiased.GramEntries.Block1 (44s)
✔ [12006/12049] Built OAI.Analysis.MutuallyUnbiased.GramEntries.Block2Row1 (45s)
✔ [12007/12049] Built OAI.Analysis.MutuallyUnbiased.GramEntries.Block2Row3 (46s)
✔ [12008/12049] Built OAI.Analysis.MutuallyUnbiased.GramEntries.Block2Row2 (47s)
✔ [12009/12049] Built OAI.Analysis.MutuallyUnbiased.GramRows.Block68 (228s)
✔ [12010/12049] Built OAI.Analysis.MutuallyUnbiased.MixedTargets.ReductionMergeData54 (60s)
✔ [12011/12052] Built OAI.Analysis.MutuallyUnbiased.GramRows.Block69 (204s)
✔ [12012/12052] Built OAI.Analysis.MutuallyUnbiased.MixedTargets.ReductionMergeSound40 (56s)
✔ [12013/12052] Built OAI.Analysis.MutuallyUnbiased.GramAssembly.Block1Semantics (47s)
✔ [12014/12052] Built OAI.Analysis.MutuallyUnbiased.GramEntries.Block2Row4 (34s)
✔ [12015/12052] Built OAI.Analysis.MutuallyUnbiased.GramRows.Block70 (248s)
✔ [12016/12055] Built OAI.Analysis.MutuallyUnbiased.GramRows.Block71 (203s)
✔ [12017/12055] Built OAI.Analysis.MutuallyUnbiased.MixedTargets.ReductionMergeData55 (41s)
✔ [12018/12055] Built OAI.Analysis.MutuallyUnbiased.MixedTargets.ReductionMergeSound41 (60s)
✔ [12019/12055] Built OAI.Analysis.MutuallyUnbiased.GramEntries.Block2Row5 (68s)
✔ [12020/12056] Built OAI.Analysis.MutuallyUnbiased.GramRows.Block72 (268s)
✔ [12021/12057] Built OAI.Analysis.MutuallyUnbiased.GramRows.Block73 (248s)
✔ [12022/12057] Built OAI.Analysis.MutuallyUnbiased.MixedTargets.ReductionMergeData56 (76s)
✔ [12023/12057] Built OAI.Analysis.MutuallyUnbiased.MixedTargets.ReductionMergeSound42 (91s)
✔ [12024/12061] Built OAI.Analysis.MutuallyUnbiased.GramRows.Block74 (251s)
✔ [12025/12061] Built OAI.Analysis.MutuallyUnbiased.GramRows.Block75 (230s)
✔ [12026/12061] Built OAI.Analysis.MutuallyUnbiased.GramEntries.Block2Row6 (72s)
✔ [12027/12061] Built OAI.Analysis.MutuallyUnbiased.GramRows.Block77 (211s)
✔ [12028/12061] Built OAI.Analysis.MutuallyUnbiased.MixedTargets.ReductionMergeData57 (26s)
✔ [12029/12064] Built OAI.Analysis.MutuallyUnbiased.GramRows.Block76 (246s)
✔ [12030/12064] Built OAI.Analysis.MutuallyUnbiased.MixedTargets.ReductionMergeSound43 (39s)
✔ [12031/12065] Built OAI.Analysis.MutuallyUnbiased.MixedTargets.ReductionMergeData58 (32s)
✔ [12032/12066] Built OAI.Analysis.MutuallyUnbiased.GramEntries.Block2Row7 (59s)
✔ [12033/12068] Built OAI.Analysis.MutuallyUnbiased.GramEntries.Block3Data (57s)
✔ [12034/12068] Built OAI.Analysis.MutuallyUnbiased.GramRows.Block78 (231s)
✔ [12035/12068] Built OAI.Analysis.MutuallyUnbiased.MixedTargets.ReductionMergeSound44 (63s)
✔ [12036/12068] Built OAI.Analysis.MutuallyUnbiased.GramAssembly.Block3Reindex4 (35s)
✔ [12037/12068] Built OAI.Analysis.MutuallyUnbiased.GramEntries.Block2Row8 (78s)
✔ [12038/12069] Built OAI.Analysis.MutuallyUnbiased.GramAssembly.Block3Reindex3 (49s)
✔ [12039/12069] Built OAI.Analysis.MutuallyUnbiased.GramRows.Block81 (135s)
✔ [12040/12069] Built OAI.Analysis.MutuallyUnbiased.GramAssembly.Block3Reindex1 (25s)
✔ [12041/12070] Built OAI.Analysis.MutuallyUnbiased.GramAssembly.Block3Reindex2 (28s)
✔ [12042/12071] Built OAI.Analysis.MutuallyUnbiased.GramAssembly.Block3Reindex0 (26s)
✔ [12043/12072] Built OAI.Analysis.MutuallyUnbiased.GramAssembly.Block3Reindex5 (27s)
✔ [12044/12073] Built OAI.Analysis.MutuallyUnbiased.GramRows.Block79 (220s)
✔ [12045/12074] Built OAI.Analysis.MutuallyUnbiased.GramEntries.Block2Row9 (32s)
✔ [12046/12075] Built OAI.Analysis.MutuallyUnbiased.GramAssembly.Block3Reindex6 (24s)
✔ [12047/12076] Built OAI.Analysis.MutuallyUnbiased.GramAssembly.Block3Reindex7 (26s)
✔ [12048/12077] Built OAI.Analysis.MutuallyUnbiased.MixedTargets.ReductionMergeData59 (98s)
✔ [12049/12077] Built OAI.Analysis.MutuallyUnbiased.MixedTargets.ReductionMergeSound45 (37s)
✔ [12050/12078] Built OAI.Analysis.MutuallyUnbiased.GramRows.Block80 (204s)
✔ [12051/12079] Built OAI.Analysis.MutuallyUnbiased.GramAssembly.Block3Reindex8 (22s)
✔ [12052/12079] Built OAI.Analysis.MutuallyUnbiased.GramAssembly.Block3Reindex9 (24s)
✔ [12053/12079] Built OAI.Analysis.MutuallyUnbiased.GramAssembly.Block3Reindex10 (20s)
✔ [12054/12080] Built OAI.Analysis.MutuallyUnbiased.GramAssembly.Block3Reindex11 (20s)
✔ [12055/12081] Built OAI.Analysis.MutuallyUnbiased.GramAssembly.Block3Reindex12 (21s)
✔ [12056/12082] Built OAI.Analysis.MutuallyUnbiased.GramAssembly.Block3Reindex13 (20s)
✔ [12057/12083] Built OAI.Analysis.MutuallyUnbiased.GramAssembly.Block3Reindex14 (20s)
✔ [12058/12084] Built OAI.Analysis.MutuallyUnbiased.MixedTargets.ReductionMergeSound46 (21s)
✔ [12059/12084] Built OAI.Analysis.MutuallyUnbiased.GramAssembly.Block3Reindex16 (23s)
✔ [12060/12085] Built OAI.Analysis.MutuallyUnbiased.GramAssembly.Block3Reindex15 (24s)
✔ [12061/12086] Built OAI.Analysis.MutuallyUnbiased.GramAssembly.Block3Reindex18 (24s)
✔ [12062/12086] Built OAI.Analysis.MutuallyUnbiased.GramAssembly.Block3Reindex17 (28s)
✔ [12063/12088] Built OAI.Analysis.MutuallyUnbiased.GramEntries.Block2Row10 (37s)
✔ [12064/12088] Built OAI.Analysis.MutuallyUnbiased.GramAssembly.Block3Reindex19 (23s)
✔ [12065/12090] Built OAI.Analysis.MutuallyUnbiased.GramAssembly.Block3Reindex20 (24s)
✔ [12066/12090] Built OAI.Analysis.MutuallyUnbiased.MixedTargets.ReductionFinalArithmetic (62s)
✔ [12067/12092] Built OAI.Analysis.MutuallyUnbiased.GramAssembly.Block3Reindex21 (30s)
✔ [12068/12092] Built OAI.Analysis.MutuallyUnbiased.GramAssembly.Block3Reindex24 (24s)
✔ [12069/12094] Built OAI.Analysis.MutuallyUnbiased.GramEntries.Block2 (24s)
✔ [12070/12095] Built OAI.Analysis.MutuallyUnbiased.MixedTargets.ReductionMergeSound47 (39s)
✔ [12071/12095] Built OAI.Analysis.MutuallyUnbiased.GramAssembly.Block3Reindex25 (21s)
✔ [12072/12097] Built OAI.Analysis.MutuallyUnbiased.GramAssembly.Block3Reindex23 (32s)
✔ [12073/12099] Built OAI.Analysis.MutuallyUnbiased.GramAssembly.Block3Reindex22 (36s)
✔ [12074/12101] Built OAI.Analysis.MutuallyUnbiased.GramEntries.Block3Row0 (18s)
✔ [12075/12103] Built OAI.Analysis.MutuallyUnbiased.GramAssembly.Block3Reindex26 (20s)
✔ [12076/12106] Built OAI.Analysis.MutuallyUnbiased.GramAssembly.Block2Semantics (18s)
✔ [12077/12106] Built OAI.Analysis.MutuallyUnbiased.GramEntries.Block3Row1 (19s)
✔ [12078/12106] Built OAI.Analysis.MutuallyUnbiased.MixedTargets.ReductionMergeSound48 (21s)
✔ [12079/12106] Built OAI.Analysis.MutuallyUnbiased.GramAssembly.Block3Reindex (32s)
✔ [12080/12107] Built OAI.Analysis.MutuallyUnbiased.GramRows.Block82 (110s)
✔ [12081/12109] Built OAI.Analysis.MutuallyUnbiased.GramRows.Block83 (110s)
✔ [12082/12109] Built OAI.Analysis.MutuallyUnbiased.GramRows.Block86 (109s)
✔ [12083/12109] Built OAI.Analysis.MutuallyUnbiased.GramRows.Block85 (113s)
✔ [12084/12109] Built OAI.Analysis.MutuallyUnbiased.GramEntries.Block3Row2 (26s)
✔ [12085/12111] Built OAI.Analysis.MutuallyUnbiased.GramEntries.Block3Row3 (28s)
✔ [12086/12113] Built OAI.Analysis.MutuallyUnbiased.MixedTargets.ReductionMergeSound49 (90s)
✔ [12087/12113] Built OAI.Analysis.MutuallyUnbiased.GramRows.Block87 (135s)
✔ [12088/12115] Built OAI.Analysis.MutuallyUnbiased.GramRows.Block84 (149s)
✔ [12089/12115] Built OAI.Analysis.MutuallyUnbiased.GramEntries.Block3Row4 (33s)
✔ [12090/12115] Built OAI.Analysis.MutuallyUnbiased.MixedTargets.ReductionMergeSound50 (38s)
✔ [12091/12117] Built OAI.Analysis.MutuallyUnbiased.GramRows.Block88 (168s)
✔ [12092/12117] Built OAI.Analysis.MutuallyUnbiased.GramEntries.Block3Row5 (47s)
✔ [12093/12117] Built OAI.Analysis.MutuallyUnbiased.GramEntries.Block3Row7 (42s)
✔ [12094/12117] Built OAI.Analysis.MutuallyUnbiased.GramEntries.Block3Row6 (49s)
✔ [12095/12119] Built OAI.Analysis.MutuallyUnbiased.GramRows.Block93 (98s)
✔ [12096/12122] Built OAI.Analysis.MutuallyUnbiased.GramRows.Block90 (144s)
✔ [12097/12124] Built OAI.Analysis.MutuallyUnbiased.MixedTargets.ReductionMergeSound51 (50s)
✔ [12098/12124] Built OAI.Analysis.MutuallyUnbiased.GramRows.Block89 (151s)
✔ [12099/12124] Built OAI.Analysis.MutuallyUnbiased.GramRows.Block91 (137s)
✔ [12100/12124] Built OAI.Analysis.MutuallyUnbiased.GramEntries.Block3Row8 (44s)
✔ [12101/12124] Built OAI.Analysis.MutuallyUnbiased.GramRows.Block92 (132s)
✔ [12102/12125] Built OAI.Analysis.MutuallyUnbiased.MixedTargets.ReductionMergeSound52 (47s)
✔ [12103/12126] Built OAI.Analysis.MutuallyUnbiased.GramEntries.Block3Row10 (42s)
✔ [12104/12126] Built OAI.Analysis.MutuallyUnbiased.GramEntries.Block3Row9 (57s)
✔ [12105/12126] Built OAI.Analysis.MutuallyUnbiased.GramRows.Block94 (133s)
✔ [12106/12126] Built OAI.Analysis.MutuallyUnbiased.GramRows.Block95 (113s)
✔ [12107/12128] Built OAI.Analysis.MutuallyUnbiased.GramEntries.Block3Row11 (54s)
✔ [12108/12128] Built OAI.Analysis.MutuallyUnbiased.GramEntries.Block3Row12 (51s)
✔ [12109/12128] Built OAI.Analysis.MutuallyUnbiased.MixedTargets.ReductionMergeSound53 (49s)
✔ [12110/12130] Built OAI.Analysis.MutuallyUnbiased.GramRows.Block97 (109s)
✔ [12111/12130] Built OAI.Analysis.MutuallyUnbiased.GramRows.Block98 (103s)
✔ [12112/12131] Built OAI.Analysis.MutuallyUnbiased.GramRows.Block96 (122s)
✔ [12113/12131] Built OAI.Analysis.MutuallyUnbiased.GramEntries.Block3Row14 (28s)
✔ [12114/12131] Built OAI.Analysis.MutuallyUnbiased.GramEntries.Block3Row13 (32s)
✔ [12115/12133] Built OAI.Analysis.MutuallyUnbiased.MixedTargets.ReductionMergeSound54 (34s)
✔ [12116/12133] Built OAI.Analysis.MutuallyUnbiased.GramEntries.Block3Row16 (35s)
✔ [12117/12133] Built OAI.Analysis.MutuallyUnbiased.GramEntries.Block3Row15 (43s)
✔ [12118/12135] Built OAI.Analysis.MutuallyUnbiased.GramRows.Block100 (108s)
✔ [12119/12135] Built OAI.Analysis.MutuallyUnbiased.GramRows.Block101 (103s)
✔ [12120/12138] Built OAI.Analysis.MutuallyUnbiased.MixedTargets.ReductionMergeSound55 (61s)
✔ [12121/12139] Built OAI.Analysis.MutuallyUnbiased.GramRows.Block102 (129s)
✔ [12122/12140] Built OAI.Analysis.MutuallyUnbiased.GramRows.Block104 (106s)
✔ [12123/12141] Built OAI.Analysis.MutuallyUnbiased.GramRows.Block99 (169s)
✔ [12124/12141] Built OAI.Analysis.MutuallyUnbiased.GramRows.Block103 (146s)
✔ [12125/12142] Built OAI.Analysis.MutuallyUnbiased.MixedTargets.ReductionMergeSound56 (33s)
✔ [12126/12144] Built OAI.Analysis.MutuallyUnbiased.GramRows.Block106 (105s)
✔ [12127/12144] Built OAI.Analysis.MutuallyUnbiased.GramEntries.Block3Row17 (60s)
✔ [12128/12144] Built OAI.Analysis.MutuallyUnbiased.GramRows.Block105 (157s)
✔ [12129/12145] Built OAI.Analysis.MutuallyUnbiased.GramRows.Block107 (132s)
✔ [12130/12145] Built OAI.Analysis.MutuallyUnbiased.GramRows.Block108 (103s)
✔ [12131/12145] Built OAI.Analysis.MutuallyUnbiased.GramRows.Block111 (85s)
✔ [12132/12146] Built OAI.Analysis.MutuallyUnbiased.MixedTargets.ReductionMergeSound57 (58s)
✔ [12133/12146] Built OAI.Analysis.MutuallyUnbiased.GramEntries.Block3Row19 (38s)
✔ [12134/12148] Built OAI.Analysis.MutuallyUnbiased.GramEntries.Block3Row20 (35s)
✔ [12135/12148] Built OAI.Analysis.MutuallyUnbiased.GramEntries.Block3Row18 (47s)
✔ [12136/12150] Built OAI.Analysis.MutuallyUnbiased.GramRows.Block110 (149s)
✔ [12137/12152] Built OAI.Analysis.MutuallyUnbiased.GramRows.Block109 (191s)
✔ [12138/12152] Built OAI.Analysis.MutuallyUnbiased.MixedTargets.ReductionMergeSound58 (65s)
✔ [12139/12154] Built OAI.Analysis.MutuallyUnbiased.GramRows.Block112 (141s)
✔ [12140/12154] Built OAI.Analysis.MutuallyUnbiased.GramRows.Block113 (129s)
✔ [12141/12156] Built OAI.Analysis.MutuallyUnbiased.GramRows.Block114 (148s)
✔ [12142/12156] Built OAI.Analysis.MutuallyUnbiased.GramRows.Block116 (126s)
✔ [12143/12157] Built OAI.Analysis.MutuallyUnbiased.GramRows.Block115 (134s)
✔ [12144/12157] Built OAI.Analysis.MutuallyUnbiased.MixedTargets.ReductionMergeSound59 (66s)
✔ [12145/12159] Built OAI.Analysis.MutuallyUnbiased.GramRows.Block118 (119s)
✔ [12146/12159] Built OAI.Analysis.MutuallyUnbiased.GramRows.Block117 (173s)
✔ [12147/12160] Built OAI.Analysis.MutuallyUnbiased.GramRows.Block119 (135s)
✔ [12148/12161] Built OAI.Analysis.MutuallyUnbiased.GramEntries.Block3Row21 (95s)
✔ [12149/12161] Built OAI.Analysis.MutuallyUnbiased.GramEntries.Block3Row22 (86s)
✔ [12150/12165] Built OAI.Analysis.MutuallyUnbiased.MixedTargets.ReductionFinal (64s)
✔ [12151/12165] Built OAI.Analysis.MutuallyUnbiased.GramRows.Block121 (110s)
✔ [12152/12165] Built OAI.Analysis.MutuallyUnbiased.GramRows.Block120 (156s)
✔ [12153/12167] Built OAI.Analysis.MutuallyUnbiased.GramRows.Block122 (110s)
✔ [12154/12168] Built OAI.Analysis.MutuallyUnbiased.GramEntries.Block3Row24 (32s)
✔ [12155/12194] Built OAI.Analysis.MutuallyUnbiased.GramEntries.Block3Row23 (54s)
✔ [12156/12196] Built OAI.Analysis.MutuallyUnbiased.GramRows.Block124 (93s)
✔ [12157/12198] Built OAI.Analysis.MutuallyUnbiased.GramEntries.Block3Row25 (39s)
✔ [12158/12201] Built OAI.Analysis.MutuallyUnbiased.GramEntries.Block4Data (50s)
✔ [12159/12201] Built OAI.Analysis.MutuallyUnbiased.GramRows.Block125 (123s)
✔ [12160/12201] Built OAI.Analysis.MutuallyUnbiased.GramRows.Block127 (123s)
✔ [12161/12201] Built OAI.Analysis.MutuallyUnbiased.GramRows.Block123 (179s)
✔ [12162/12201] Built OAI.Analysis.MutuallyUnbiased.GramRows.Block126 (130s)
✔ [12163/12201] Built OAI.Analysis.MutuallyUnbiased.GramAssembly.Block4Reindex21 (30s)
✔ [12164/12201] Built OAI.Analysis.MutuallyUnbiased.GramAssembly.Block4Reindex20 (24s)
✔ [12165/12201] Built OAI.Analysis.MutuallyUnbiased.GramAssembly.Block4Reindex19 (25s)
✔ [12166/12201] Built OAI.Analysis.MutuallyUnbiased.GramAssembly.Block4Reindex18 (25s)
✔ [12167/12201] Built OAI.Analysis.MutuallyUnbiased.GramRows.Block128 (122s)
✔ [12168/12201] Built OAI.Analysis.MutuallyUnbiased.GramAssembly.Block4Reindex17 (25s)
✔ [12169/12201] Built OAI.Analysis.MutuallyUnbiased.GramAssembly.Block4Reindex16 (27s)
✔ [12170/12201] Built OAI.Analysis.MutuallyUnbiased.GramAssembly.Block4Reindex15 (23s)
✔ [12171/12201] Built OAI.Analysis.MutuallyUnbiased.GramAssembly.Block4Reindex14 (23s)
✔ [12172/12201] Built OAI.Analysis.MutuallyUnbiased.GramRows.Block129 (124s)
✔ [12173/12201] Built OAI.Analysis.MutuallyUnbiased.GramAssembly.Block4Reindex12 (21s)
✔ [12174/12201] Built OAI.Analysis.MutuallyUnbiased.GramAssembly.Block4Reindex13 (25s)
✔ [12175/12201] Built OAI.Analysis.MutuallyUnbiased.GramRows.Block130 (131s)
✔ [12176/12201] Built OAI.Analysis.MutuallyUnbiased.GramAssembly.Block4Reindex11 (19s)
✔ [12177/12201] Built OAI.Analysis.MutuallyUnbiased.GramAssembly.Block4Reindex9 (18s)
✔ [12178/12201] Built OAI.Analysis.MutuallyUnbiased.GramAssembly.Block4Reindex10 (22s)
✔ [12179/12201] Built OAI.Analysis.MutuallyUnbiased.GramAssembly.Block4Reindex8 (20s)
✔ [12180/12201] Built OAI.Analysis.MutuallyUnbiased.GramAssembly.Block4Reindex7 (19s)
✔ [12181/12201] Built OAI.Analysis.MutuallyUnbiased.GramAssembly.Block4Reindex5 (19s)
✔ [12182/12202] Built OAI.Analysis.MutuallyUnbiased.GramAssembly.Block4Reindex6 (23s)
✔ [12183/12202] Built OAI.Analysis.MutuallyUnbiased.GramAssembly.Block4Reindex4 (19s)
✔ [12184/12202] Built OAI.Analysis.MutuallyUnbiased.GramAssembly.Block4Reindex3 (19s)
✔ [12185/12202] Built OAI.Analysis.MutuallyUnbiased.GramAssembly.Block4Reindex1 (19s)
✔ [12186/12202] Built OAI.Analysis.MutuallyUnbiased.GramAssembly.Block4Reindex2 (21s)
✔ [12187/12202] Built OAI.Analysis.MutuallyUnbiased.GramAssembly.Block4Reindex0 (20s)
✔ [12188/12202] Built OAI.Analysis.MutuallyUnbiased.GramEntries.Block4Row0 (16s)
✔ [12189/12203] Built OAI.Analysis.MutuallyUnbiased.GramRows.Block131 (142s)
✔ [12190/12205] Built OAI.Analysis.MutuallyUnbiased.GramEntries.Block4Row1 (19s)
✔ [12191/12206] Built OAI.Analysis.MutuallyUnbiased.GramEntries.Block4Row2 (19s)
✔ [12192/12208] Built OAI.Analysis.MutuallyUnbiased.GramEntries.Block4Row3 (23s)
✔ [12193/12209] Built OAI.Analysis.MutuallyUnbiased.GramAssembly.Block4Reindex (22s)
✔ [12194/12211] Built OAI.Analysis.MutuallyUnbiased.GramEntries.Block4Row4 (25s)
✔ [12195/12211] Built OAI.Analysis.MutuallyUnbiased.GramEntries.Block4Row5 (26s)
✔ [12196/12213] Built OAI.Analysis.MutuallyUnbiased.GramEntries.Block3Row26 (49s)
✔ [12197/12213] Built OAI.Analysis.MutuallyUnbiased.GramRows.Block134 (124s)
✔ [12198/12215] Built OAI.Analysis.MutuallyUnbiased.GramRows.Block132 (151s)
✔ [12199/12215] Built OAI.Analysis.MutuallyUnbiased.GramRows.Block133 (137s)
✔ [12200/12215] Built OAI.Analysis.MutuallyUnbiased.GramRows.Block135 (130s)
✔ [12201/12217] Built OAI.Analysis.MutuallyUnbiased.GramRows.Block137 (127s)
✔ [12202/12217] Built OAI.Analysis.MutuallyUnbiased.GramRows.Block138 (126s)
✔ [12203/12217] Built OAI.Analysis.MutuallyUnbiased.GramEntries.Block4Row9 (38s)
✔ [12204/12217] Built OAI.Analysis.MutuallyUnbiased.GramEntries.Block4Row7 (25s)
✔ [12205/12218] Built OAI.Analysis.MutuallyUnbiased.GramEntries.Block3 (53s)
✔ [12206/12219] Built OAI.Analysis.MutuallyUnbiased.GramEntries.Block4Row6 (39s)
✔ [12207/12219] Built OAI.Analysis.MutuallyUnbiased.GramRows.Block136 (165s)
✔ [12208/12221] Built OAI.Analysis.MutuallyUnbiased.GramRows.Block139 (146s)
✔ [12209/12221] Built OAI.Analysis.MutuallyUnbiased.GramEntries.Block4Row8 (31s)
✔ [12210/12221] Built OAI.Analysis.MutuallyUnbiased.GramAssembly.Block3Semantics (23s)
✔ [12211/12223] Built OAI.Analysis.MutuallyUnbiased.GramEntries.Block4Row10 (61s)
✔ [12212/12225] Built OAI.Analysis.MutuallyUnbiased.GramEntries.Block4Row11 (52s)
✔ [12213/12227] Built OAI.Analysis.MutuallyUnbiased.GramRows.Block140 (127s)
✔ [12214/12227] Built OAI.Analysis.MutuallyUnbiased.GramRows.Block141 (125s)
✔ [12215/12229] Built OAI.Analysis.MutuallyUnbiased.GramRows.Block143 (141s)
✔ [12216/12230] Built OAI.Analysis.MutuallyUnbiased.GramRows.Block142 (164s)
✔ [12217/12231] Built OAI.Analysis.MutuallyUnbiased.GramRows.Block144 (154s)
✔ [12218/12231] Built OAI.Analysis.MutuallyUnbiased.GramRows.Block145 (183s)
✔ [12219/12233] Built OAI.Analysis.MutuallyUnbiased.GramEntries.Block4Row12 (55s)
✔ [12220/12233] Built OAI.Analysis.MutuallyUnbiased.GramRows.Block147 (153s)
✔ [12221/12233] Built OAI.Analysis.MutuallyUnbiased.GramRows.Block148 (153s)
✔ [12222/12234] Built OAI.Analysis.MutuallyUnbiased.GramRows.Block146 (182s)
✔ [12223/12235] Built OAI.Analysis.MutuallyUnbiased.GramEntries.Block4Row13 (70s)
✔ [12224/12237] Built OAI.Analysis.MutuallyUnbiased.GramRows.Block150 (163s)
✔ [12225/12237] Built OAI.Analysis.MutuallyUnbiased.GramRows.Block151 (163s)
✔ [12226/12239] Built OAI.Analysis.MutuallyUnbiased.GramEntries.Block4Row14 (73s)
✔ [12227/12241] Built OAI.Analysis.MutuallyUnbiased.GramRows.Block149 (230s)
✔ [12228/12241] Built OAI.Analysis.MutuallyUnbiased.GramRows.Block152 (166s)
✔ [12229/12241] Built OAI.Analysis.MutuallyUnbiased.GramRows.Block157 (111s)
✔ [12230/12243] Built OAI.Analysis.MutuallyUnbiased.GramRows.Block155 (135s)
✔ [12231/12245] Built OAI.Analysis.MutuallyUnbiased.GramRows.Block154 (196s)
✔ [12232/12247] Built OAI.Analysis.MutuallyUnbiased.GramRows.Block153 (224s)
✔ [12233/12247] Built OAI.Analysis.MutuallyUnbiased.GramRows.Block158 (122s)
✔ [12234/12247] Built OAI.Analysis.MutuallyUnbiased.GramRows.Block156 (185s)
✔ [12235/12249] Built OAI.Analysis.MutuallyUnbiased.GramRows.Block159 (174s)
✔ [12236/12249] Built OAI.Analysis.MutuallyUnbiased.GramEntries.Block4Row15 (125s)
✔ [12237/12253] Built OAI.Analysis.MutuallyUnbiased.GramEntries.Block4Row16 (75s)
✔ [12238/12253] Built OAI.Analysis.MutuallyUnbiased.GramRows.Block160 (106s)
✔ [12239/12253] Built OAI.Analysis.MutuallyUnbiased.GramEntries.Block4Row17 (55s)
✔ [12240/12255] Built OAI.Analysis.MutuallyUnbiased.GramRows.Block162 (121s)
✔ [12241/12257] Built OAI.Analysis.MutuallyUnbiased.GramRows.Block161 (137s)
✔ [12242/12258] Built OAI.Analysis.MutuallyUnbiased.GramEntries.Block5Data (30s)
✔ [12243/12259] Built OAI.Analysis.MutuallyUnbiased.GramEntries.Block4Row18 (41s)
✔ [12244/12259] Built OAI.Analysis.MutuallyUnbiased.GramEntries.Block4Row19 (39s)
✔ [12245/12260] Built OAI.Analysis.MutuallyUnbiased.GramAssembly.Block5Reindex1 (29s)
✔ [12246/12260] Built OAI.Analysis.MutuallyUnbiased.GramAssembly.Block5Reindex2 (35s)
✔ [12247/12261] Built OAI.Analysis.MutuallyUnbiased.GramRows.Block164 (129s)
✔ [12248/12262] Built OAI.Analysis.MutuallyUnbiased.GramRows.Block163 (186s)
✔ [12249/12263] Built OAI.Analysis.MutuallyUnbiased.GramRows.Block165 (136s)
✔ [12250/12263] Built OAI.Analysis.MutuallyUnbiased.GramAssembly.Block5Reindex0 (28s)
✔ [12251/12265] Built OAI.Analysis.MutuallyUnbiased.GramAssembly.Block5Reindex3 (20s)
✔ [12252/12265] Built OAI.Analysis.MutuallyUnbiased.GramAssembly.Block5Reindex4 (20s)
✔ [12253/12267] Built OAI.Analysis.MutuallyUnbiased.GramAssembly.Block5Reindex5 (21s)
✔ [12254/12267] Built OAI.Analysis.MutuallyUnbiased.GramAssembly.Block5Reindex6 (19s)
✔ [12255/12270] Built OAI.Analysis.MutuallyUnbiased.GramAssembly.Block5Reindex7 (18s)
✔ [12256/12273] Built OAI.Analysis.MutuallyUnbiased.GramAssembly.Block5Reindex8 (20s)
✔ [12257/12275] Built OAI.Analysis.MutuallyUnbiased.GramAssembly.Block5Reindex9 (20s)
✔ [12258/12277] Built OAI.Analysis.MutuallyUnbiased.GramAssembly.Block5Reindex10 (20s)
✔ [12259/12280] Built OAI.Analysis.MutuallyUnbiased.GramAssembly.Block5Reindex11 (21s)
✔ [12260/12280] Built OAI.Analysis.MutuallyUnbiased.GramEntries.Block4Row20 (32s)
✔ [12261/12280] Built OAI.Analysis.MutuallyUnbiased.GramRows.Block167 (137s)
✔ [12262/12283] Built OAI.Analysis.MutuallyUnbiased.GramRows.Block166 (161s)
✔ [12263/12283] Built OAI.Analysis.MutuallyUnbiased.GramAssembly.Block5Reindex (22s)
✔ [12264/12283] Built OAI.Analysis.MutuallyUnbiased.GramRows.Block168 (102s)
✔ [12265/12285] Built OAI.Analysis.MutuallyUnbiased.GramEntries.Block4Row21 (98s)
✔ [12266/12285] Built OAI.Analysis.MutuallyUnbiased.GramRows.Block170 (127s)
✔ [12267/12285] Built OAI.Analysis.MutuallyUnbiased.GramRows.Block174 (121s)
✔ [12268/12286] Built OAI.Analysis.MutuallyUnbiased.GramRows.Block172 (139s)
✔ [12269/12288] Built OAI.Analysis.MutuallyUnbiased.GramRows.Block173 (139s)
✔ [12270/12288] Built OAI.Analysis.MutuallyUnbiased.GramEntries.Block5Row0 (56s)
✔ [12271/12288] Built OAI.Analysis.MutuallyUnbiased.GramEntries.Block5Row1 (24s)
✔ [12272/12289] Built OAI.Analysis.MutuallyUnbiased.GramEntries.Block4 (27s)
✔ [12273/12290] Built OAI.Analysis.MutuallyUnbiased.GramEntries.Block5Row8 (22s)
✔ [12274/12291] Built OAI.Analysis.MutuallyUnbiased.GramRows.Block171 (176s)
✔ [12275/12292] Built OAI.Analysis.MutuallyUnbiased.GramAssembly.Block4Semantics (24s)
✔ [12276/12292] Built OAI.Analysis.MutuallyUnbiased.GramEntries.Block5Row7 (31s)
✔ [12277/12292] Built OAI.Analysis.MutuallyUnbiased.GramEntries.Block5Row6 (34s)
✔ [12278/12298] Built OAI.Analysis.MutuallyUnbiased.GramEntries.Block5Row5 (38s)
✔ [12279/12298] Built OAI.Analysis.MutuallyUnbiased.GramRows.Block169 (233s)
✔ [12280/12298] Built OAI.Analysis.MutuallyUnbiased.GramRows.Block177 (87s)
✔ [12281/12298] Built OAI.Analysis.MutuallyUnbiased.GramRows.Block176 (95s)
✔ [12282/12298] Built OAI.Analysis.MutuallyUnbiased.GramRows.Block175 (128s)
✔ [12283/12301] Built OAI.Analysis.MutuallyUnbiased.GramEntries.Block5Row2 (45s)
✔ [12285/12304] Built OAI.Analysis.MutuallyUnbiased.GramEntries.Block5Row4 (42s)
✔ [12286/12304] Built OAI.Analysis.MutuallyUnbiased.GramRows.Block181 (81s)
✔ [12287/12304] Built OAI.Analysis.MutuallyUnbiased.GramEntries.Block5Row3 (41s)
✔ [12288/12304] Built OAI.Analysis.MutuallyUnbiased.GramEntries.Block5Row9 (24s)
✔ [12289/12304] Built OAI.Analysis.MutuallyUnbiased.Completion.JointBasis (10s)
✔ [12290/12304] Built OAI.Analysis.MutuallyUnbiased.GramEntries.Block5Row10 (30s)
✔ [12291/12304] Built OAI.Analysis.MutuallyUnbiased.Completion.ProjectionBasis (9.6s)
✔ [12292/12304] Built OAI.Analysis.MutuallyUnbiased.GramRows.Block179 (143s)
✔ [12293/12304] Built OAI.Analysis.MutuallyUnbiased.Bases.Families (17s)
✔ [12294/12304] Built OAI.Analysis.MutuallyUnbiased.GramRows.Block180 (113s)
✔ [12295/12304] Built OAI.Analysis.MutuallyUnbiased.Completion.Completion (11s)
✔ [12296/12304] Built OAI.Analysis.MutuallyUnbiased.GramRows.Block178 (171s)
✔ [12297/12304] Built OAI.Analysis.MutuallyUnbiased.GramRows.Block182 (125s)
✔ [12298/12304] Built OAI.Analysis.MutuallyUnbiased.GramEntries.Block5Row11 (18s)
✔ [12299/12304] Built OAI.Analysis.MutuallyUnbiased.GramEntries.Block5 (5.0s)
✔ [12300/12304] Built OAI.Analysis.MutuallyUnbiased.GramAssembly.Block5Semantics (5.5s)
✔ [12301/12304] Built OAI.Analysis.MutuallyUnbiased.GramAssembly.Semantics (6.7s)
✔ [12302/12304] Built OAI.Analysis.MutuallyUnbiased.MixedTargets.Main (11s)
✔ [12303/12304] Built OAI.Analysis.MutuallyUnbiased.Results.Bounds (12s)
✔ [12304/12304] Built OAI.Analysis.MutuallyUnbiased.Main (6.8s)
Build completed successfully (12304 jobs).
== build rc=0 seconds=21580
{"theorems": ["OAI.MUB6.fourier_and_family_bound"], "defs": ["OAI.MUB6.Coord", "OAI.MUB6.CMatrix", "OAI.MUB6.Charge", "OAI.MUB6.IsHadamard", "OAI.MUB6.character", "OAI.MUB6.g", "OAI.MUB6.alpha", "OAI.MUB6.permuteCharge", "OAI.MUB6.Equivalent", "OAI.MUB6.omega", "OAI.MUB6.taoExponent", "OAI.MUB6.tao", "OAI.MUB6.Space", "OAI.MUB6.Basis", "OAI.MUB6.IsMUBFamily", "OAI.MUB6.Attainable"], "json_theorems": ["OAI.MUB6.fourier_and_family_bound"], "missing_from_parse": []}
TYPES/DEFS DIFFER MUBSix
1,5d0
< /Users/shannon/cc/math/math/lean/Scratch/Challenge_MUBSix.lean:56:8:
< warning:
< declaration
< uses
< `sorry`
AXIOMS: 'OAI.MUB6.fourier_and_family_bound' depends on axioms: [propext, Classical.choice, Quot.sound] 
== end=2026-10-09T23:25:18Z
